ADDRESS_X,LATITUDE_X,LONGITUDE_X,AGE,COMMUNITY_COUNCIL_NEIGHBORHOOD,CPD_NEIGHBORHOOD,CRASHDATE,CRASHLOCATION,CRASHSEVERITY,CRASHSEVERITYID,DATECRASHREPORTED,DAYOFWEEK,GENDER,INJURIES,INSTANCEID,LIGHTCONDITIONSPRIMARY,LOCALREPORTNO,MANNEROFCRASH,ROADCONDITIONSPRIMARY,ROADCONTOUR,ROADSURFACE,SNA_NEIGHBORHOOD,TYPEOFPERSON,WEATHER,ZIP
9XX SYCAMORE ST,39.106137,84.508994,51-60,N/A,N/A,08/08/2018 01:34:00 PM +0000,02 - FOUR-WAY INTERSECTION,2 - INJURY,2,08/08/2018 01:35:00 PM +0000,WED,M - MALE,1 - NO INJURY / NONE REPORTED,7C08AA00-FB0D-4EAB-BEBF-C95102583B6C,1 - DAYLIGHT,185011013,2 - REAR-END,01 - DRY,1 - STRAIGHT LEVEL,"2 - BLACKTOP, BITUMINOUS, ASPHALT",N/A,D - DRIVER,2 - CLOUDY,45202
46XX ESTE AV,39.174591,-84.509683,31-40,SPRING GROVE VILLAGE,SPRING GROVE VILLAGE,08/10/2018 09:38:00 PM +0000,02 - FOUR-WAY INTERSECTION,3 - PROPERTY DAMAGE ONLY (PDO),3,08/10/2018 09:38:00 PM +0000,FRI,F - FEMALE,1 - NO INJURY / NONE REPORTED,93C3549B-FFBD-4DDC-B2F4-18DF177B398F,4 - DARK - LIGHTED ROADWAY,185011132,6 - ANGLE,01 - DRY,1 - STRAIGHT LEVEL,"2 - BLACKTOP, BITUMINOUS, ASPHALT",SPRING GROVE VILLAGE,D - DRIVER,1 - CLEAR,45232
1XX CENTRAL PY,39.107525,84.510841,UNKNOWN,N/A,N/A,08/28/2018 01:28:00 PM +0000,01 - NOT AN INTERSECTION,3 - PROPERTY DAMAGE ONLY (PDO),3,08/28/2018 01:41:00 PM +0000,TUE,,1 - NO INJURY / NONE REPORTED,46254A42-250F-444F-82F6-DE1F8D581285,1 - DAYLIGHT,185012008,2 - REAR-END,01 - DRY,1 - STRAIGHT LEVEL,"2 - BLACKTOP, BITUMINOUS, ASPHALT",N/A,D - DRIVER,1 - CLEAR,45202
30XX GLENHILLS WY,39.128371,-84.604796,OVER 70,WESTWOOD,WESTWOOD,08/05/2018 03:44:00 PM +0000,02 - FOUR-WAY INTERSECTION,2 - INJURY,2,08/05/2018 03:45:00 PM +0000,SUN,F - FEMALE,2 - POSSIBLE,1B5796EE-7C41-42EE-A496-E19BB4569021,1 - DAYLIGHT,185010857,6 - ANGLE,01 - DRY,2 - STRAIGHT GRADE,"2 - BLACKTOP, BITUMINOUS, ASPHALT",WEST PRICE HILL,D - DRIVER,1 - CLEAR,45238
E I74 AT 18-5 MM,39.158709,-84.550211,18-25,SOUTH CUMMINSVILLE,S.. CUMMINSVILLE,08/27/2018 05:30:00 AM +0000,01 - NOT AN INTERSECTION,2 - INJURY,2,08/27/2018 05:35:00 AM +0000,MON,M - MALE,1 - NO INJURY / NONE REPORTED,00ED8F81-0874-43EB-B310-012D6C846136,4 - DARK - LIGHTED ROADWAY,185011937,2 - REAR-END,01 - DRY,1 - STRAIGHT LEVEL,"2 - BLACKTOP, BITUMINOUS, ASPHALT",SOUTH CUMMINSVILLE,D - DRIVER,1 - CLEAR,45229
4XX COLLINS AV,39.127098,84.469876,18-25,N/A,N/A,08/21/2018 12:57:51 PM +0000,03 - T-INTERSECTION,3 - PROPERTY DAMAGE ONLY (PDO),3,08/21/2018 02:12:43 PM +0000,TUE,F - FEMALE,1 - NO INJURY / NONE REPORTED,39C58011-6DB0-4606-866F-AC33E57128F4,1 - DAYLIGHT,185011683,6 - ANGLE,01 - DRY,2 - STRAIGHT GRADE,"2 - BLACKTOP, BITUMINOUS, ASPHALT",N/A,D - DRIVER,2 - CLOUDY,45206
35XX BEECHMONT AV,39.123996,84.418312,41-50,N/A,N/A,08/09/2018 10:45:00 AM +0000,01 - NOT AN INTERSECTION,3 - PROPERTY DAMAGE ONLY (PDO),3,08/09/2018 10:45:00 AM +0000,THU,F - FEMALE,1 - NO INJURY / NONE REPORTED,6E56A17F-647E-4B15-B097-371B29745FEA,1 - DAYLIGHT,185011058,2 - REAR-END,01 - DRY,1 - STRAIGHT LEVEL,1 - CONCRETE,N/A,D - DRIVER,1 - CLEAR,45226
33XX GLENMORE AV,39.149415,-84.612816,UNKNOWN,WESTWOOD,WESTWOOD,08/27/2018 03:10:00 PM +0000,01 - NOT AN INTERSECTION,3 - PROPERTY DAMAGE ONLY (PDO),3,08/27/2018 03:12:00 PM +0000,MON,,1 - NO INJURY / NONE REPORTED,4F42E5FB-B697-4FD1-8821-F0BADE929174,1 - DAYLIGHT,185011965,5 - BACKING,01 - DRY,1 - STRAIGHT LEVEL,"2 - BLACKTOP, BITUMINOUS, ASPHALT",WESTWOOD,D - DRIVER,1 - CLEAR,45211
22XX QUEBEC RD,39.12291,84.565133,UNKNOWN,N/A,N/A,08/25/2018 07:30:00 PM +0000,01 - NOT AN INTERSECTION,2 - INJURY,2,08/25/2018 07:32:00 PM +0000,SAT,F - FEMALE,3 - NON-INCAPACITATING,F4665085-5EFD-4D41-8246-699FB2D8D71E,1 - DAYLIGHT,185011896,1 - NOT COLLISION BETWEEN TWO MOTOR VEHICLES IN TRANSPORT,01 - DRY,2 - STRAIGHT GRADE,"2 - BLACKTOP, BITUMINOUS, ASPHALT",N/A,O - OCCUPANT,2 - CLOUDY,45214
45XX SPRING GROVE AV,39.165334,-84.520529,18-25,SPRING GROVE VILLAGE,SPRING GROVE VILLAGE,08/13/2018 04:40:36 PM +0000,01 - NOT AN INTERSECTION,3 - PROPERTY DAMAGE ONLY (PDO),3,08/13/2018 04:45:54 PM +0000,MON,M - MALE,1 - NO INJURY / NONE REPORTED,CA96E8BB-E440-4E8C-86F7-40DFBEC32609,1 - DAYLIGHT,185011263,6 - ANGLE,01 - DRY,1 - STRAIGHT LEVEL,"2 - BLACKTOP, BITUMINOUS, ASPHALT",SPRING GROVE VILLAGE,D - DRIVER,1 - CLEAR,45232
57XX COLERAIN AV,39.20008,-84.57881,26-30,MOUNT AIRY,MOUNT AIRY,08/25/2018 04:45:00 PM +0000,01 - NOT AN INTERSECTION,3 - PROPERTY DAMAGE ONLY (PDO),3,08/26/2018 02:04:32 PM +0000,SAT,M - MALE,1 - NO INJURY / NONE REPORTED,2008EC78-D9D7-4983-8263-A776B6F7D064,1 - DAYLIGHT,185011918,"7 - SIDESWIPE, SAME DIRECTION",01 - DRY,1 - STRAIGHT LEVEL,"2 - BLACKTOP, BITUMINOUS, ASPHALT",MT. AIRY,D - DRIVER,1 - CLEAR,45239
30XX HARRISON AV,28.578818,-81.384875,51-60,N/A,N/A,08/25/2018 08:10:00 PM +0000,01 - NOT AN INTERSECTION,3 - PROPERTY DAMAGE ONLY (PDO),3,08/25/2018 08:10:00 PM +0000,SAT,M - MALE,1 - NO INJURY / NONE REPORTED,F49F8984-2D31-4935-8043-82B2F28768F1,1 - DAYLIGHT,185011898,"7 - SIDESWIPE, SAME DIRECTION",02 - WET,1 - STRAIGHT LEVEL,"2 - BLACKTOP, BITUMINOUS, ASPHALT",N/A,D - DRIVER,4 - RAIN,45211
76XX READING RD,39.200501,-84.457623,31-40,ROSELAWN,ROSELAWN,08/15/2018 03:45:00 PM +0000,03 - T-INTERSECTION,3 - PROPERTY DAMAGE ONLY (PDO),3,08/15/2018 03:45:00 PM +0000,WED,M - MALE,1 - NO INJURY / NONE REPORTED,1F666AE6-888B-48E4-877E-A1FE8D718BA9,1 - DAYLIGHT,185011373,6 - ANGLE,02 - WET,1 - STRAIGHT LEVEL,"2 - BLACKTOP, BITUMINOUS, ASPHALT",ROSELAWN,D - DRIVER,4 - RAIN,45237
45XX GLENWAY AV,39.113851,84.589685,26-30,N/A,N/A,08/07/2018 07:39:00 PM +0000,03 - T-INTERSECTION,2 - INJURY,2,08/07/2018 07:39:00 PM +0000,TUE,M - MALE,3 - NON-INCAPACITATING,3D137D55-3FB7-4B62-B7A2-09F795426AFF,1 - DAYLIGHT,185010978,3 - HEAD-ON,01 - DRY,3 - CURVE LEVEL,"2 - BLACKTOP, BITUMINOUS, ASPHALT",N/A,D - DRIVER,1 - CLEAR,45205
XX E CLIFTON AV,39.121511,84.533026,UNKNOWN,N/A,N/A,08/17/2018 12:00:00 PM +0000,01 - NOT AN INTERSECTION,3 - PROPERTY DAMAGE ONLY (PDO),3,08/17/2018 03:30:00 PM +0000,FRI,,1 - NO INJURY / NONE REPORTED,153E0E4B-7BA6-4B97-83E7-79B0430FCC3A,1 - DAYLIGHT,185011492,1 - NOT COLLISION BETWEEN TWO MOTOR VEHICLES IN TRANSPORT,01 - DRY,1 - STRAIGHT LEVEL,1 - CONCRETE,N/A,D - DRIVER,1 - CLEAR,45202
9XX MCMILLAN ST,39.126341,84.490261,18-25,N/A,N/A,08/16/2018 02:30:00 PM +0000,01 - NOT AN INTERSECTION,2 - INJURY,2,08/16/2018 02:31:00 PM +0000,THU,M - MALE,1 - NO INJURY / NONE REPORTED,BB88DB0E-BA3C-4A57-84BD-54C6685FF90E,1 - DAYLIGHT,185011423,6 - ANGLE,02 - WET,1 - STRAIGHT LEVEL,"2 - BLACKTOP, BITUMINOUS, ASPHALT",N/A,D - DRIVER,4 - RAIN,45206
40XX VICTORY PY,39.157291,-84.472415,18-25,NORTH AVONDALE,NORTH AVONDALE,08/10/2018 04:30:40 PM +0000,02 - FOUR-WAY INTERSECTION,3 - PROPERTY DAMAGE ONLY (PDO),3,08/10/2018 04:33:09 PM +0000,FRI,F - FEMALE,1 - NO INJURY / NONE REPORTED,8B2E2EF9-EF3F-41BF-A8E6-BD911BD24E9D,1 - DAYLIGHT,185011115,6 - ANGLE,01 - DRY,1 - STRAIGHT LEVEL,"2 - BLACKTOP, BITUMINOUS, ASPHALT",NORTH AVONDALE - PADDOCK HILLS,D - DRIVER,2 - CLOUDY,45229
S I75 AT 1-6 MM,39.109366,84.531876,UNKNOWN,N/A,N/A,08/23/2018 10:45:00 AM +0000,01 - NOT AN INTERSECTION,3 - PROPERTY DAMAGE ONLY (PDO),3,08/23/2018 10:50:00 AM +0000,THU,,1 - NO INJURY / NONE REPORTED,85D9BA35-A6AC-4D71-A370-A9A1C45BCD82,1 - DAYLIGHT,185011769,6 - ANGLE,01 - DRY,2 - STRAIGHT GRADE,"2 - BLACKTOP, BITUMINOUS, ASPHALT",N/A,D - DRIVER,1 - CLEAR,45214
30XX MAPLELEAF AV,39.174421,-84.431958,31-40,PLEASANT RIDGE,PLEASANT RIDGE,08/11/2018 10:35:00 AM +0000,02 - FOUR-WAY INTERSECTION,3 - PROPERTY DAMAGE ONLY (PDO),3,08/11/2018 10:40:00 AM +0000,SAT,M - MALE,1 - NO INJURY / NONE REPORTED,EE11E57B-3FF8-4BDB-9678-DF675F6E5D15,1 - DAYLIGHT,185011162,6 - ANGLE,01 - DRY,2 - STRAIGHT GRADE,"2 - BLACKTOP, BITUMINOUS, ASPHALT",PLEASANT RIDGE,D - DRIVER,1 - CLEAR,45213
38XX VINE ST,39.155431,84.504905,18-25,N/A,N/A,08/25/2018 01:37:00 PM +0000,03 - T-INTERSECTION,3 - PROPERTY DAMAGE ONLY (PDO),3,08/25/2018 01:37:00 PM +0000,SAT,M - MALE,1 - NO INJURY / NONE REPORTED,6FF17B51-F81F-475F-9DB7-CE9C08D87C65,1 - DAYLIGHT,185011879,2 - REAR-END,02 - WET,1 - STRAIGHT LEVEL,"2 - BLACKTOP, BITUMINOUS, ASPHALT",N/A,D - DRIVER,4 - RAIN,45217
19XX AVONLEA AV,39.172497,-84.461239,41-50,BOND HILL,BONDHILL,08/03/2018 05:20:00 PM +0000,01 - NOT AN INTERSECTION,3 - PROPERTY DAMAGE ONLY (PDO),3,08/03/2018 05:45:00 PM +0000,FRI,F - FEMALE,1 - NO INJURY / NONE REPORTED,23356FCF-4C8A-4EEC-872C-503CD2923694,1 - DAYLIGHT,185010785,6 - ANGLE,01 - DRY,1 - STRAIGHT LEVEL,"2 - BLACKTOP, BITUMINOUS, ASPHALT",BOND HILL,D - DRIVER,1 - CLEAR,45237
17XX MAIN ST,39.115333,84.512051,UNDER 18,N/A,N/A,08/17/2018 09:06:00 AM +0000,04 - Y-INTERSECTION,3 - PROPERTY DAMAGE ONLY (PDO),3,08/17/2018 10:07:39 AM +0000,FRI,F - FEMALE,1 - NO INJURY / NONE REPORTED,4A5CFA01-3BA2-4CFD-BC4B-27985B35B7D7,1 - DAYLIGHT,185011477,1 - NOT COLLISION BETWEEN TWO MOTOR VEHICLES IN TRANSPORT,01 - DRY,4 - CURVE GRADE,"2 - BLACKTOP, BITUMINOUS, ASPHALT",N/A,O - OCCUPANT,2 - CLOUDY,45202
2XX E 2ND ST,39.097852,84.508866,51-60,N/A,N/A,08/17/2018 05:58:00 PM +0000,02 - FOUR-WAY INTERSECTION,3 - PROPERTY DAMAGE ONLY (PDO),3,08/17/2018 06:00:00 PM +0000,FRI,F - FEMALE,1 - NO INJURY / NONE REPORTED,48BCB792-FF73-4DF2-8205-CC2067F7121B,1 - DAYLIGHT,185011509,6 - ANGLE,01 - DRY,1 - STRAIGHT LEVEL,1 - CONCRETE,N/A,D - DRIVER,2 - CLOUDY,45202
16XX W NORTH BEND,39.202381,-84.547201,26-30,COLLEGE HILL,COLLEGE  HILL,08/02/2018 06:40:00 PM +0000,01 - NOT AN INTERSECTION,3 - PROPERTY DAMAGE ONLY (PDO),3,08/02/2018 06:40:00 PM +0000,THU,M - MALE,1 - NO INJURY / NONE REPORTED,9BC827BB-09ED-4B36-8F18-4DB3A9E5E872,1 - DAYLIGHT,185010719,2 - REAR-END,01 - DRY,1 - STRAIGHT LEVEL,"2 - BLACKTOP, BITUMINOUS, ASPHALT",COLLEGE HILL,D - DRIVER,1 - CLEAR,45224
46XX READING RD,39.168416,-84.468728,18-25,PADDOCK HILLS,BONDHILL,08/04/2018 02:51:00 PM +0000,02 - FOUR-WAY INTERSECTION,3 - PROPERTY DAMAGE ONLY (PDO),3,08/04/2018 02:54:00 PM +0000,SAT,F - FEMALE,1 - NO INJURY / NONE REPORTED,32DCF810-DD8F-4CC9-B4D3-6D012F6AE7B3,1 - DAYLIGHT,185010816,6 - ANGLE,01 - DRY,1 - STRAIGHT LEVEL,"2 - BLACKTOP, BITUMINOUS, ASPHALT",BOND HILL,D - DRIVER,1 - CLEAR,45229
1XX E MARTIN LUTHER KING DR,39.134818,-84.506553,18-25,CORRYVILLE,CORRYVILLE,08/02/2018 12:35:00 AM +0000,02 - FOUR-WAY INTERSECTION,3 - PROPERTY DAMAGE ONLY (PDO),3,08/02/2018 12:39:00 AM +0000,THU,F - FEMALE,1 - NO INJURY / NONE REPORTED,2B489788-5D7B-4587-A617-EDD3036E7A68,4 - DARK - LIGHTED ROADWAY,185010687,6 - ANGLE,01 - DRY,2 - STRAIGHT GRADE,"2 - BLACKTOP, BITUMINOUS, ASPHALT",CORRYVILLE,D - DRIVER,1 - CLEAR,45219
45XX GLENWAY AV,39.114139,-84.591646,18-25,WEST PRICE HILL,WEST PRICE HILL,08/15/2018 04:15:00 PM +0000,02 - FOUR-WAY INTERSECTION,3 - PROPERTY DAMAGE ONLY (PDO),3,08/15/2018 04:20:00 PM +0000,WED,M - MALE,1 - NO INJURY / NONE REPORTED,FEC0E74F-CB68-4A0F-B0E7-5C67869289A3,1 - DAYLIGHT,185011375,6 - ANGLE,01 - DRY,1 - STRAIGHT LEVEL,"2 - BLACKTOP, BITUMINOUS, ASPHALT",WEST PRICE HILL,D - DRIVER,4 - RAIN,45205
1XX E 3RD ST,39.098761,84.511452,31-40,N/A,N/A,08/21/2018 10:30:00 PM +0000,02 - FOUR-WAY INTERSECTION,2 - INJURY,2,08/21/2018 11:32:00 PM +0000,TUE,M - MALE,2 - POSSIBLE,0E5D0AF8-D23B-41BE-8B58-6E453BF15E8F,4 - DARK - LIGHTED ROADWAY,185011706,6 - ANGLE,01 - DRY,1 - STRAIGHT LEVEL,"2 - BLACKTOP, BITUMINOUS, ASPHALT",N/A,D - DRIVER,1 - CLEAR,45202
68XX PADDOCK,39.191686,84.475767,51-60,N/A,N/A,08/18/2018 03:51:00 PM +0000,02 - FOUR-WAY INTERSECTION,3 - PROPERTY DAMAGE ONLY (PDO),3,08/18/2018 03:51:00 PM +0000,SAT,F - FEMALE,1 - NO INJURY / NONE REPORTED,E654A13C-626D-4A30-AA40-6493F09C8217,1 - DAYLIGHT,185011552,2 - REAR-END,01 - DRY,1 - STRAIGHT LEVEL,"2 - BLACKTOP, BITUMINOUS, ASPHALT",N/A,D - DRIVER,1 - CLEAR,45216
36XX LINWOOD AV,39.122433,84.417557,41-50,N/A,N/A,08/07/2018 10:00:00 AM +0000,03 - T-INTERSECTION,3 - PROPERTY DAMAGE ONLY (PDO),3,08/07/2018 10:00:00 AM +0000,TUE,M - MALE,1 - NO INJURY / NONE REPORTED,A56975DF-24A0-4F2D-926B-A00D5072E0A8,1 - DAYLIGHT,185010938,"7 - SIDESWIPE, SAME DIRECTION",01 - DRY,1 - STRAIGHT LEVEL,1 - CONCRETE,N/A,D - DRIVER,1 - CLEAR,45226
X W MITCHELL AV,39.160055,-84.506905,61-70,CLIFTON,CLIFTON,08/16/2018 11:20:00 AM +0000,02 - FOUR-WAY INTERSECTION,3 - PROPERTY DAMAGE ONLY (PDO),3,08/16/2018 11:23:00 AM +0000,THU,F - FEMALE,1 - NO INJURY / NONE REPORTED,4D782DA2-36F1-4798-A9CB-CC0360C6CCA2,1 - DAYLIGHT,185011409,2 - REAR-END,02 - WET,1 - STRAIGHT LEVEL,"2 - BLACKTOP, BITUMINOUS, ASPHALT",CLIFTON,D - DRIVER,4 - RAIN,45217
21XX FERGUSON RD,39.123384,-84.601741,18-25,WEST PRICE HILL,WEST PRICE HILL,08/16/2018 02:15:00 AM +0000,02 - FOUR-WAY INTERSECTION,3 - PROPERTY DAMAGE ONLY (PDO),3,08/16/2018 02:17:00 AM +0000,THU,M - MALE,1 - NO INJURY / NONE REPORTED,61BC6182-5764-42D4-AB1E-405203C39B8D,4 - DARK - LIGHTED ROADWAY,185011388,6 - ANGLE,02 - WET,1 - STRAIGHT LEVEL,"2 - BLACKTOP, BITUMINOUS, ASPHALT",WEST PRICE HILL,D - DRIVER,4 - RAIN,45238
24XX COLUMBIA PY,39.124456,84.463112,18-25,N/A,N/A,08/16/2018 11:53:00 AM +0000,"06 - FIVE-POINT, OR MORE",3 - PROPERTY DAMAGE ONLY (PDO),3,08/16/2018 11:55:00 AM +0000,THU,M - MALE,1 - NO INJURY / NONE REPORTED,36225174-5FE9-456E-8459-ACA5DA86A859,1 - DAYLIGHT,185011417,2 - REAR-END,02 - WET,1 - STRAIGHT LEVEL,"2 - BLACKTOP, BITUMINOUS, ASPHALT",N/A,D - DRIVER,4 - RAIN,45202
48XX WINTON RD,39.178273,84.519668,51-60,N/A,N/A,08/07/2018 11:00:00 AM +0000,01 - NOT AN INTERSECTION,3 - PROPERTY DAMAGE ONLY (PDO),3,08/07/2018 11:09:00 AM +0000,TUE,M - MALE,1 - NO INJURY / NONE REPORTED,A760E489-3668-46ED-B5DF-9C6C566671CF,1 - DAYLIGHT,185010941,2 - REAR-END,01 - DRY,1 - STRAIGHT LEVEL,"2 - BLACKTOP, BITUMINOUS, ASPHALT",N/A,D - DRIVER,1 - CLEAR,45232
3XX ELM ST,39.098639,84.516572,18-25,N/A,N/A,08/11/2018 09:21:00 AM +0000,02 - FOUR-WAY INTERSECTION,3 - PROPERTY DAMAGE ONLY (PDO),3,08/11/2018 09:21:00 AM +0000,SAT,F - FEMALE,1 - NO INJURY / NONE REPORTED,FA5DA674-DAC9-415F-A011-A7277C087BF6,1 - DAYLIGHT,185011159,"7 - SIDESWIPE, SAME DIRECTION",01 - DRY,4 - CURVE GRADE,"2 - BLACKTOP, BITUMINOUS, ASPHALT",N/A,D - DRIVER,1 - CLEAR,45202
XX W ELDER ST,39.114768,-84.518241,31-40,OTR,OVER-THE-RHINE,08/11/2018 06:35:00 AM +0000,01 - NOT AN INTERSECTION,3 - PROPERTY DAMAGE ONLY (PDO),3,08/11/2018 06:35:00 AM +0000,SAT,M - MALE,1 - NO INJURY / NONE REPORTED,5ABBE6CA-C5D4-481E-8C4F-3E9EF575D559,2 - DAWN,185011156,1 - NOT COLLISION BETWEEN TWO MOTOR VEHICLES IN TRANSPORT,01 - DRY,1 - STRAIGHT LEVEL,"2 - BLACKTOP, BITUMINOUS, ASPHALT",OVER-THE-RHINE,D - DRIVER,1 - CLEAR,45202
60XX OAK KNOLL DR,39.202313,84.554843,UNDER 18,N/A,N/A,08/23/2018 03:15:00 PM +0000,01 - NOT AN INTERSECTION,3 - PROPERTY DAMAGE ONLY (PDO),3,08/23/2018 03:20:00 PM +0000,THU,F - FEMALE,1 - NO INJURY / NONE REPORTED,5DFD2020-6E24-4226-9C32-599DCEC100D3,1 - DAYLIGHT,185011809,2 - REAR-END,01 - DRY,2 - STRAIGHT GRADE,"2 - BLACKTOP, BITUMINOUS, ASPHALT",N/A,D - DRIVER,1 - CLEAR,45224
48XX RAPID RUN RD,39.111089,84.599177,UNDER 18,N/A,N/A,08/07/2018 05:55:00 PM +0000,02 - FOUR-WAY INTERSECTION,3 - PROPERTY DAMAGE ONLY (PDO),3,08/07/2018 06:00:00 PM +0000,TUE,F - FEMALE,1 - NO INJURY / NONE REPORTED,C86488F5-4E5C-4C14-B092-6CBA545E1E57,1 - DAYLIGHT,185010976,6 - ANGLE,02 - WET,1 - STRAIGHT LEVEL,"2 - BLACKTOP, BITUMINOUS, ASPHALT",N/A,D - DRIVER,2 - CLOUDY,45238
60XX BRAMBLE AV,39.151129,-84.391917,OVER 70,MADISONVILLE,MADISONVILLE,08/12/2018 06:38:00 PM +0000,01 - NOT AN INTERSECTION,2 - INJURY,2,08/12/2018 06:38:00 PM +0000,SUN,F - FEMALE,2 - POSSIBLE,4275F851-D8A3-429C-A887-C8F464C62AFC,1 - DAYLIGHT,185011227,3 - HEAD-ON,01 - DRY,1 - STRAIGHT LEVEL,"2 - BLACKTOP, BITUMINOUS, ASPHALT",MADISONVILLE,O - OCCUPANT,1 - CLEAR,45227
83XX VINE ST,39.213581,-84.473891,26-30,HARTWELL,HARTWELL,08/17/2018 01:30:06 PM +0000,01 - NOT AN INTERSECTION,3 - PROPERTY DAMAGE ONLY (PDO),3,08/17/2018 01:32:40 PM +0000,FRI,F - FEMALE,1 - NO INJURY / NONE REPORTED,16728695-7F64-4C82-BF0F-CDFA158704C2,1 - DAYLIGHT,185011491,1 - NOT COLLISION BETWEEN TWO MOTOR VEHICLES IN TRANSPORT,01 - DRY,1 - STRAIGHT LEVEL,1 - CONCRETE,HARTWELL,D - DRIVER,1 - CLEAR,45216
19XX SEYMOUR AV,39.188458,84.459011,UNDER 18,N/A,N/A,08/02/2018 01:16:00 PM +0000,01 - NOT AN INTERSECTION,2 - INJURY,2,08/02/2018 01:16:00 PM +0000,THU,M - MALE,2 - POSSIBLE,576A7AD3-3155-4E48-99C8-6C5B5B3F745D,1 - DAYLIGHT,185010700,1 - NOT COLLISION BETWEEN TWO MOTOR VEHICLES IN TRANSPORT,01 - DRY,1 - STRAIGHT LEVEL,"2 - BLACKTOP, BITUMINOUS, ASPHALT",N/A,D - DRIVER,2 - CLOUDY,45237
N I471 AT 5-5MM,39.101958,84.497281,41-50,N/A,N/A,08/08/2018 05:43:00 AM +0000,08 - OFF RAMP,3 - PROPERTY DAMAGE ONLY (PDO),3,08/08/2018 05:43:00 AM +0000,WED,M - MALE,1 - NO INJURY / NONE REPORTED,EFF22B5B-5FC7-4D05-98E8-024E20F0A910,4 - DARK - LIGHTED ROADWAY,185010990,2 - REAR-END,02 - WET,1 - STRAIGHT LEVEL,1 - CONCRETE,N/A,D - DRIVER,4 - RAIN,45202
3XX RACE ST,39.099379,84.513917,26-30,N/A,N/A,08/06/2018 02:00:00 PM +0000,01 - NOT AN INTERSECTION,3 - PROPERTY DAMAGE ONLY (PDO),3,08/06/2018 02:06:00 PM +0000,MON,F - FEMALE,1 - NO INJURY / NONE REPORTED,557185F7-206A-4BD2-9453-5A7904AD95D3,1 - DAYLIGHT,185010881,"7 - SIDESWIPE, SAME DIRECTION",02 - WET,1 - STRAIGHT LEVEL,1 - CONCRETE,N/A,D - DRIVER,4 - RAIN,45202
6XX W 3RD ST,39.108456,84.502979,61-70,N/A,N/A,08/06/2018 05:34:00 PM +0000,01 - NOT AN INTERSECTION,3 - PROPERTY DAMAGE ONLY (PDO),3,08/06/2018 05:35:00 PM +0000,MON,M - MALE,1 - NO INJURY / NONE REPORTED,329C882F-442C-4335-AC24-9282303F2DE5,1 - DAYLIGHT,185010905,"7 - SIDESWIPE, SAME DIRECTION",01 - DRY,1 - STRAIGHT LEVEL,"2 - BLACKTOP, BITUMINOUS, ASPHALT",N/A,D - DRIVER,1 - CLEAR,45203
22XX WILLIAMSBURG DR,39.154578,-84.559935,UNKNOWN,VILLAGES AT ROLL HILL,FAY APARTMENTS,08/17/2018 06:04:00 PM +0000,01 - NOT AN INTERSECTION,3 - PROPERTY DAMAGE ONLY (PDO),3,08/17/2018 06:04:00 PM +0000,FRI,,1 - NO INJURY / NONE REPORTED,DE4AAFC9-E096-48EC-9388-682764383CD1,1 - DAYLIGHT,185011519,2 - REAR-END,01 - DRY,1 - STRAIGHT LEVEL,1 - CONCRETE,VILLAGES AT ROLL HILL,D - DRIVER,1 - CLEAR,45225
2XX LUDLOW AV,39.143573,84.519191,18-25,N/A,N/A,08/20/2018 10:05:00 PM +0000,02 - FOUR-WAY INTERSECTION,3 - PROPERTY DAMAGE ONLY (PDO),3,08/20/2018 10:06:00 PM +0000,MON,F - FEMALE,1 - NO INJURY / NONE REPORTED,0BC4F629-AC2B-4CD4-9183-14E2815E6FFF,4 - DARK - LIGHTED ROADWAY,185011660,3 - HEAD-ON,02 - WET,1 - STRAIGHT LEVEL,"2 - BLACKTOP, BITUMINOUS, ASPHALT",N/A,D - DRIVER,4 - RAIN,45220
35XX ESTES PL,39.146568,-84.49391,51-60,AVONDALE,AVONDALE,08/07/2018 12:58:00 PM +0000,01 - NOT AN INTERSECTION,2 - INJURY,2,08/07/2018 12:59:00 PM +0000,TUE,F - FEMALE,1 - NO INJURY / NONE REPORTED,545C8B03-B028-4407-8538-035AE259A886,1 - DAYLIGHT,CPD18080700072,1 - NOT COLLISION BETWEEN TWO MOTOR VEHICLES IN TRANSPORT,01 - DRY,1 - STRAIGHT LEVEL,"2 - BLACKTOP, BITUMINOUS, ASPHALT",AVONDALE,D - DRIVER,2 - CLOUDY,45229
33XX MUDDY CREEK RD,39.136175,-84.614876,51-60,WESTWOOD,WESTWOOD,08/20/2018 01:17:00 PM +0000,02 - FOUR-WAY INTERSECTION,3 - PROPERTY DAMAGE ONLY (PDO),3,08/20/2018 01:20:00 PM +0000,MON,M - MALE,1 - NO INJURY / NONE REPORTED,7AF9734D-80DC-4556-888F-1F0CAB376C3A,1 - DAYLIGHT,185011626,"7 - SIDESWIPE, SAME DIRECTION",01 - DRY,1 - STRAIGHT LEVEL,"2 - BLACKTOP, BITUMINOUS, ASPHALT",WESTWOOD,D - DRIVER,2 - CLOUDY,45238