ADDRESS_X,LATITUDE_X,LONGITUDE_X,AGE,COMMUNITY_COUNCIL_NEIGHBORHOOD,CPD_NEIGHBORHOOD,CRASHDATE,CRASHLOCATION,CRASHSEVERITY,CRASHSEVERITYID,DATECRASHREPORTED,DAYOFWEEK,GENDER,INJURIES,INSTANCEID,LIGHTCONDITIONSPRIMARY,LOCALREPORTNO,MANNEROFCRASH,ROADCONDITIONSPRIMARY,ROADCONTOUR,ROADSURFACE,SNA_NEIGHBORHOOD,TYPEOFPERSON,WEATHER,ZIP
W I74 AT 18-9 MM,39.161321,84.553569,18-25,N/A,N/A,08/08/2018 05:35:00 PM +0000,01 - NOT AN INTERSECTION,3 - PROPERTY DAMAGE ONLY (PDO),3,08/08/2018 06:40:00 PM +0000,WED,F - FEMALE,1 - NO INJURY / NONE REPORTED,390BB8D5-255A-4561-8566-1E680DB99D56,1 - DAYLIGHT,185011030,2 - REAR-END,01 - DRY,1 - STRAIGHT LEVEL,"2 - BLACKTOP, BITUMINOUS, ASPHALT",N/A,D - DRIVER,1 - CLEAR,45211
16XX WESTWOOD AV,39.124818,84.551286,41-50,N/A,N/A,08/28/2018 06:36:00 AM +0000,01 - NOT AN INTERSECTION,3 - PROPERTY DAMAGE ONLY (PDO),3,08/28/2018 06:36:00 AM +0000,TUE,M - MALE,1 - NO INJURY / NONE REPORTED,3E623F6F-8763-4D34-92D9-D48905E76073,1 - DAYLIGHT,185011991,"7 - SIDESWIPE, SAME DIRECTION",01 - DRY,1 - STRAIGHT LEVEL,"2 - BLACKTOP, BITUMINOUS, ASPHALT",N/A,D - DRIVER,1 - CLEAR,45214
N I75 AT 4-4 MM,39.152285,-84.539497,31-40,NORTHSIDE,CAMP  WASHINGTON,08/07/2018 04:00:00 AM +0000,01 - NOT AN INTERSECTION,2 - INJURY,2,08/07/2018 04:11:00 AM +0000,TUE,M - MALE,2 - POSSIBLE,5F7B584E-F642-487D-A095-5ED1DE3B4F5C,4 - DARK - LIGHTED ROADWAY,185010919,1 - NOT COLLISION BETWEEN TWO MOTOR VEHICLES IN TRANSPORT,02 - WET,1 - STRAIGHT LEVEL,1 - CONCRETE,CAMP WASHINGTON,D - DRIVER,4 - RAIN,45211
4XX KINGS RUN DR,39.177038,84.509293,26-30,N/A,N/A,08/09/2018 09:36:00 PM +0000,01 - NOT AN INTERSECTION,2 - INJURY,2,08/09/2018 09:37:00 PM +0000,THU,M - MALE,3 - NON-INCAPACITATING,A260EBE3-8F00-4E12-83CF-7AC9B7AFDD3F,4 - DARK - LIGHTED ROADWAY,185011085,3 - HEAD-ON,01 - DRY,3 - CURVE LEVEL,"2 - BLACKTOP, BITUMINOUS, ASPHALT",N/A,D - DRIVER,1 - CLEAR,45232
39XX BOUDINOT AV,39.161966,-84.603394,31-40,WESTWOOD,WESTWOOD,08/21/2018 04:01:00 PM +0000,03 - T-INTERSECTION,3 - PROPERTY DAMAGE ONLY (PDO),3,08/21/2018 04:01:00 PM +0000,TUE,F - FEMALE,1 - NO INJURY / NONE REPORTED,E99C99F0-6D81-4F11-BF42-F6B4EA429D2F,1 - DAYLIGHT,185011693,6 - ANGLE,01 - DRY,1 - STRAIGHT LEVEL,"2 - BLACKTOP, BITUMINOUS, ASPHALT",WESTWOOD,D - DRIVER,1 - CLEAR,45211
10XX DELTA AV,39.129279,84.430568,26-30,N/A,N/A,08/19/2018 12:45:00 AM +0000,03 - T-INTERSECTION,3 - PROPERTY DAMAGE ONLY (PDO),3,08/19/2018 12:47:00 AM +0000,SUN,F - FEMALE,1 - NO INJURY / NONE REPORTED,65C06307-8F60-472D-A618-AFEAB8FE5528,4 - DARK - LIGHTED ROADWAY,185011572,6 - ANGLE,01 - DRY,1 - STRAIGHT LEVEL,"2 - BLACKTOP, BITUMINOUS, ASPHALT",N/A,D - DRIVER,1 - CLEAR,45208
35XX MONTGOMERY RD,39.144378,84.469536,UNKNOWN,N/A,N/A,08/07/2018 05:39:00 PM +0000,02 - FOUR-WAY INTERSECTION,3 - PROPERTY DAMAGE ONLY (PDO),3,08/07/2018 05:40:00 PM +0000,TUE,M - MALE,1 - NO INJURY / NONE REPORTED,EEFF7193-038F-4D4E-B4F5-7D7331C9B845,1 - DAYLIGHT,185010975,2 - REAR-END,01 - DRY,1 - STRAIGHT LEVEL,"2 - BLACKTOP, BITUMINOUS, ASPHALT",N/A,D - DRIVER,2 - CLOUDY,45207
1XX W 6TH ST,39.101416,84.515319,26-30,N/A,N/A,08/13/2018 04:16:00 PM +0000,01 - NOT AN INTERSECTION,3 - PROPERTY DAMAGE ONLY (PDO),3,08/13/2018 04:16:00 PM +0000,MON,F - FEMALE,1 - NO INJURY / NONE REPORTED,EE2BFEFA-F21D-4404-A6CB-7F76BB4DA551,1 - DAYLIGHT,185011260,"7 - SIDESWIPE, SAME DIRECTION",01 - DRY,1 - STRAIGHT LEVEL,"2 - BLACKTOP, BITUMINOUS, ASPHALT",N/A,D - DRIVER,1 - CLEAR,45202
17XX LANGDON FARM RD,39.184452,84.464556,UNDER 18,N/A,N/A,08/16/2018 05:08:00 PM +0000,03 - T-INTERSECTION,3 - PROPERTY DAMAGE ONLY (PDO),3,08/16/2018 05:08:00 PM +0000,THU,M - MALE,1 - NO INJURY / NONE REPORTED,92B20724-5D5D-4E74-9A96-31424AE5AFAD,1 - DAYLIGHT,185011440,1 - NOT COLLISION BETWEEN TWO MOTOR VEHICLES IN TRANSPORT,01 - DRY,1 - STRAIGHT LEVEL,"2 - BLACKTOP, BITUMINOUS, ASPHALT",N/A,D - DRIVER,2 - CLOUDY,45237
56XX HAMILTON AV,39.19447,84.5455,26-30,N/A,N/A,08/04/2018 02:05:00 AM +0000,03 - T-INTERSECTION,2 - INJURY,2,08/04/2018 02:10:00 AM +0000,SAT,F - FEMALE,2 - POSSIBLE,F2A594D0-410E-4C8D-8ECB-A8CCAE181F7F,4 - DARK - LIGHTED ROADWAY,185010795,6 - ANGLE,01 - DRY,1 - STRAIGHT LEVEL,"2 - BLACKTOP, BITUMINOUS, ASPHALT",N/A,O - OCCUPANT,1 - CLEAR,45224
14XX HARRISON AV,39.214663,-84.546306,51-60,N/A,N/A,08/07/2018 08:10:00 AM +0000,07 - ON RAMP,3 - PROPERTY DAMAGE ONLY (PDO),3,08/07/2018 08:15:00 AM +0000,TUE,M - MALE,1 - NO INJURY / NONE REPORTED,9ED4A3CA-222C-4D81-B2C4-D50A1867F417,1 - DAYLIGHT,185010936,2 - REAR-END,02 - WET,1 - STRAIGHT LEVEL,"2 - BLACKTOP, BITUMINOUS, ASPHALT",N/A,D - DRIVER,2 - CLOUDY,45214
S I75 AT 4-1 MM,39.143651,84.535313,51-60,N/A,N/A,08/20/2018 04:35:00 PM +0000,01 - NOT AN INTERSECTION,3 - PROPERTY DAMAGE ONLY (PDO),3,08/20/2018 04:40:00 PM +0000,MON,M - MALE,1 - NO INJURY / NONE REPORTED,DEBA0DF4-B6C0-4F58-A191-AA6BD521C68A,1 - DAYLIGHT,185011643,2 - REAR-END,01 - DRY,1 - STRAIGHT LEVEL,"2 - BLACKTOP, BITUMINOUS, ASPHALT",N/A,D - DRIVER,1 - CLEAR,45223
15XX QUEEN CITY AV,39.126172,-84.548692,31-40,SOUTH FAIRMOUNT,SOUTH  FAIRMOUNT,08/16/2018 07:50:00 AM +0000,01 - NOT AN INTERSECTION,3 - PROPERTY DAMAGE ONLY (PDO),3,08/16/2018 07:54:00 AM +0000,THU,F - FEMALE,1 - NO INJURY / NONE REPORTED,ED4F9367-4258-483B-ABBB-692B48FBAF5A,1 - DAYLIGHT,185011398,2 - REAR-END,02 - WET,1 - STRAIGHT LEVEL,"2 - BLACKTOP, BITUMINOUS, ASPHALT",SOUTH FAIRMOUNT,D - DRIVER,4 - RAIN,45214
6XX W 3RD ST,39.098382,84.526167,18-25,N/A,N/A,08/14/2018 09:35:00 PM +0000,01 - NOT AN INTERSECTION,3 - PROPERTY DAMAGE ONLY (PDO),3,08/14/2018 09:39:00 PM +0000,TUE,F - FEMALE,1 - NO INJURY / NONE REPORTED,294B1B19-1CB6-4E7F-85B9-83B236EFD8B8,4 - DARK - LIGHTED ROADWAY,185011324,"7 - SIDESWIPE, SAME DIRECTION",01 - DRY,3 - CURVE LEVEL,1 - CONCRETE,N/A,D - DRIVER,1 - CLEAR,45203
21XX COLUMBIA PY,39.167986,84.301849,51-60,N/A,N/A,08/07/2018 05:50:00 PM +0000,01 - NOT AN INTERSECTION,3 - PROPERTY DAMAGE ONLY (PDO),3,08/07/2018 05:50:00 PM +0000,TUE,F - FEMALE,1 - NO INJURY / NONE REPORTED,6D9C922B-D51D-468A-A25A-164F90B5B242,1 - DAYLIGHT,185010977,2 - REAR-END,02 - WET,1 - STRAIGHT LEVEL,"2 - BLACKTOP, BITUMINOUS, ASPHALT",N/A,D - DRIVER,2 - CLOUDY,45202
65XX MONTGOMERY RD,39.188258,-84.414222,18-25,KENNEDY HEIGHTS,KENNEDY  HEIGHTS,08/19/2018 01:34:00 AM +0000,01 - NOT AN INTERSECTION,2 - INJURY,2,08/19/2018 01:35:00 AM +0000,SUN,M - MALE,1 - NO INJURY / NONE REPORTED,CBCFA897-9B35-4CA9-8A6B-2BFCF3AA2747,4 - DARK - LIGHTED ROADWAY,185011577,1 - NOT COLLISION BETWEEN TWO MOTOR VEHICLES IN TRANSPORT,01 - DRY,1 - STRAIGHT LEVEL,1 - CONCRETE,KENNEDY HEIGHTS,D - DRIVER,1 - CLEAR,45213
2XX CALHOUN ST,39.127471,84.516981,18-25,N/A,N/A,08/13/2018 03:38:00 PM +0000,01 - NOT AN INTERSECTION,3 - PROPERTY DAMAGE ONLY (PDO),3,08/13/2018 03:38:00 PM +0000,MON,M - MALE,1 - NO INJURY / NONE REPORTED,36305C18-208E-4EDE-ADE0-E5935F4D43BF,1 - DAYLIGHT,185011258,6 - ANGLE,01 - DRY,1 - STRAIGHT LEVEL,1 - CONCRETE,N/A,D - DRIVER,1 - CLEAR,45219
S I75 AT 1-8 MM,39.109721,-84.533251,51-60,QUEENSGATE,QUEENSGATE,08/03/2018 05:45:00 PM +0000,01 - NOT AN INTERSECTION,3 - PROPERTY DAMAGE ONLY (PDO),3,08/03/2018 05:45:00 PM +0000,FRI,F - FEMALE,1 - NO INJURY / NONE REPORTED,7AF3B20D-B9BC-41AB-88ED-57EBE373F7E0,1 - DAYLIGHT,185010770,2 - REAR-END,01 - DRY,1 - STRAIGHT LEVEL,"2 - BLACKTOP, BITUMINOUS, ASPHALT",QUEENSGATE,D - DRIVER,1 - CLEAR,45202
5XX VINE ST,39.102074,84.513682,51-60,N/A,N/A,08/04/2018 10:11:00 AM +0000,02 - FOUR-WAY INTERSECTION,2 - INJURY,2,08/04/2018 10:11:00 AM +0000,SAT,M - MALE,4 - INCAPACITATING,170EABF9-DEAF-46C3-8B4C-238FE0BA426B,1 - DAYLIGHT,185010808,1 - NOT COLLISION BETWEEN TWO MOTOR VEHICLES IN TRANSPORT,01 - DRY,1 - STRAIGHT LEVEL,"2 - BLACKTOP, BITUMINOUS, ASPHALT",N/A,P - PEDESTRIAN,1 - CLEAR,45202
21XX W NORTH BEND,39.202157,-84.561504,51-60,COLLEGE HILL,COLLEGE  HILL,08/02/2018 04:40:00 PM +0000,01 - NOT AN INTERSECTION,3 - PROPERTY DAMAGE ONLY (PDO),3,08/02/2018 04:41:00 PM +0000,THU,M - MALE,1 - NO INJURY / NONE REPORTED,93EC0836-11B2-48C7-A979-9104642C4FC2,1 - DAYLIGHT,185010711,"7 - SIDESWIPE, SAME DIRECTION",01 - DRY,1 - STRAIGHT LEVEL,"2 - BLACKTOP, BITUMINOUS, ASPHALT",COLLEGE HILL,D - DRIVER,1 - CLEAR,45224
4XX E MARTIN LUTHER KING DR,39.080241,84.294631,18-25,N/A,N/A,08/20/2018 10:54:00 PM +0000,02 - FOUR-WAY INTERSECTION,3 - PROPERTY DAMAGE ONLY (PDO),3,08/20/2018 10:55:00 PM +0000,MON,M - MALE,1 - NO INJURY / NONE REPORTED,AADE0A94-25ED-47BE-AD13-D75AAE1AD19D,4 - DARK - LIGHTED ROADWAY,185011662,6 - ANGLE,02 - WET,2 - STRAIGHT GRADE,1 - CONCRETE,N/A,O - OCCUPANT,1 - CLEAR,45219
28XX MONTANA AV,39.148776,84.591985,18-25,N/A,N/A,08/11/2018 04:50:00 AM +0000,01 - NOT AN INTERSECTION,2 - INJURY,2,08/11/2018 04:52:00 AM +0000,SAT,M - MALE,2 - POSSIBLE,FB13D1A8-D9E4-4DBB-9826-151A1E4238FF,4 - DARK - LIGHTED ROADWAY,185011151,1 - NOT COLLISION BETWEEN TWO MOTOR VEHICLES IN TRANSPORT,01 - DRY,3 - CURVE LEVEL,"2 - BLACKTOP, BITUMINOUS, ASPHALT",N/A,D - DRIVER,1 - CLEAR,45211
N I75 AT 8-2,39.138631,-84.483425,31-40,WALNUT HILLS,WALNUT HILLS,08/23/2018 09:30:00 AM +0000,01 - NOT AN INTERSECTION,3 - PROPERTY DAMAGE ONLY (PDO),3,08/23/2018 09:33:00 AM +0000,THU,F - FEMALE,1 - NO INJURY / NONE REPORTED,37798C97-E5F5-44F3-98E5-7B4977C043AE,1 - DAYLIGHT,185011767,2 - REAR-END,01 - DRY,1 - STRAIGHT LEVEL,"2 - BLACKTOP, BITUMINOUS, ASPHALT",WALNUT HILLS,D - DRIVER,1 - CLEAR,45237
23XX READING RD,39.123448,-84.501385,31-40,MOUNT AUBURN,MOUNT  AUBURN,08/13/2018 09:48:00 PM +0000,02 - FOUR-WAY INTERSECTION,2 - INJURY,2,08/13/2018 09:53:00 PM +0000,MON,F - FEMALE,1 - NO INJURY / NONE REPORTED,309463DD-9E78-4738-869A-9699157D12BC,4 - DARK - LIGHTED ROADWAY,185011279,6 - ANGLE,01 - DRY,1 - STRAIGHT LEVEL,"2 - BLACKTOP, BITUMINOUS, ASPHALT",MT. AUBURN,D - DRIVER,1 - CLEAR,45206
54XX WINTON RIDGE LN,39.186998,-84.520476,41-50,SPRING GROVE - WINTON HILLS,WINTON HILLS,08/25/2018 12:30:00 PM +0000,01 - NOT AN INTERSECTION,3 - PROPERTY DAMAGE ONLY (PDO),3,08/25/2018 12:32:01 PM +0000,SAT,M - MALE,1 - NO INJURY / NONE REPORTED,BECA7C91-7757-4314-BAD9-E6F609A1977A,1 - DAYLIGHT,185011872,5 - BACKING,02 - WET,1 - STRAIGHT LEVEL,1 - CONCRETE,WINTON HILLS,D - DRIVER,4 - RAIN,45232
4XX FOREST AV,39.147037,-84.498835,UNKNOWN,AVONDALE,AVONDALE,08/03/2018 06:30:00 AM +0000,03 - T-INTERSECTION,3 - PROPERTY DAMAGE ONLY (PDO),3,08/03/2018 07:00:00 AM +0000,FRI,M - MALE,1 - NO INJURY / NONE REPORTED,92570FE0-141B-46CB-A076-787D15D12A13,2 - DAWN,185010738,6 - ANGLE,01 - DRY,1 - STRAIGHT LEVEL,"2 - BLACKTOP, BITUMINOUS, ASPHALT",AVONDALE,D - DRIVER,1 - CLEAR,45229
N I75 AT 3-6 MM,39.147671,-84.539191,31-40,CAMP WASHINGTON,CAMP  WASHINGTON,08/21/2018 04:33:00 PM +0000,01 - NOT AN INTERSECTION,2 - INJURY,2,08/21/2018 04:34:00 PM +0000,TUE,M - MALE,1 - NO INJURY / NONE REPORTED,C342DAFD-39B0-43F5-AE62-20807A8D1CC9,1 - DAYLIGHT,185011690,2 - REAR-END,01 - DRY,1 - STRAIGHT LEVEL,1 - CONCRETE,CAMP WASHINGTON,D - DRIVER,1 - CLEAR,45211
S I75 AT 1-3 MM,39.103079,84.526399,51-60,N/A,N/A,08/11/2018 06:00:00 PM +0000,01 - NOT AN INTERSECTION,3 - PROPERTY DAMAGE ONLY (PDO),3,08/11/2018 06:04:00 PM +0000,SAT,F - FEMALE,1 - NO INJURY / NONE REPORTED,C63C2463-7E7A-429D-9C74-7C45300244A6,1 - DAYLIGHT,185011186,"7 - SIDESWIPE, SAME DIRECTION",02 - WET,1 - STRAIGHT LEVEL,1 - CONCRETE,N/A,D - DRIVER,4 - RAIN,45203
44XX GLENWAY AV,39.112594,-84.588407,31-40,WEST PRICE HILL,WEST PRICE HILL,08/09/2018 04:40:00 PM +0000,03 - T-INTERSECTION,3 - PROPERTY DAMAGE ONLY (PDO),3,08/09/2018 04:40:00 PM +0000,THU,M - MALE,1 - NO INJURY / NONE REPORTED,569ACA7B-5A28-4E13-8D46-D74E76776D0D,1 - DAYLIGHT,185011070,6 - ANGLE,01 - DRY,1 - STRAIGHT LEVEL,"2 - BLACKTOP, BITUMINOUS, ASPHALT",WEST PRICE HILL,D - DRIVER,1 - CLEAR,45205
XX W KING DR,39.13633,-84.509645,51-60,CORRYVILLE,CLIFTON,08/27/2018 04:36:00 PM +0000,01 - NOT AN INTERSECTION,3 - PROPERTY DAMAGE ONLY (PDO),3,08/27/2018 04:38:00 PM +0000,MON,M - MALE,1 - NO INJURY / NONE REPORTED,DED30CA4-534E-44F4-9B85-5F99B3D3C535,1 - DAYLIGHT,185011970,2 - REAR-END,01 - DRY,2 - STRAIGHT GRADE,"2 - BLACKTOP, BITUMINOUS, ASPHALT",CORRYVILLE,D - DRIVER,1 - CLEAR,45221
9XX WOODBRIAR LN,39.111275,84.609161,51-60,N/A,N/A,08/06/2018 08:40:00 AM +0000,01 - NOT AN INTERSECTION,3 - PROPERTY DAMAGE ONLY (PDO),3,08/06/2018 08:44:00 AM +0000,MON,M - MALE,1 - NO INJURY / NONE REPORTED,23C146B0-4EC8-49E7-93E0-E20A55AA7DDB,1 - DAYLIGHT,185010874,1 - NOT COLLISION BETWEEN TWO MOTOR VEHICLES IN TRANSPORT,01 - DRY,1 - STRAIGHT LEVEL,"2 - BLACKTOP, BITUMINOUS, ASPHALT",N/A,D - DRIVER,1 - CLEAR,45238
10XX W 6TH ST,39.101199,-84.533758,OVER 70,QUEENSGATE,QUEENSGATE,08/06/2018 06:01:00 PM +0000,01 - NOT AN INTERSECTION,2 - INJURY,2,08/06/2018 06:01:00 PM +0000,MON,M - MALE,1 - NO INJURY / NONE REPORTED,5765DD8D-BFA9-43E0-B8AD-997DD6E161A5,1 - DAYLIGHT,185010901,2 - REAR-END,01 - DRY,1 - STRAIGHT LEVEL,"2 - BLACKTOP, BITUMINOUS, ASPHALT",QUEENSGATE,D - DRIVER,1 - CLEAR,45202
4XX DORCHESTER AV,39.117186,84.501031,31-40,N/A,N/A,08/27/2018 09:01:00 PM +0000,02 - FOUR-WAY INTERSECTION,2 - INJURY,2,08/27/2018 09:01:00 PM +0000,MON,M - MALE,1 - NO INJURY / NONE REPORTED,75F0537F-1C26-4293-B7FB-78B04864B122,4 - DARK - LIGHTED ROADWAY,185011982,6 - ANGLE,01 - DRY,1 - STRAIGHT LEVEL,"2 - BLACKTOP, BITUMINOUS, ASPHALT",N/A,D - DRIVER,1 - CLEAR,45219
25XX CLIFTON AV,39.129595,84.521125,18-25,N/A,N/A,08/14/2018 02:04:21 PM +0000,01 - NOT AN INTERSECTION,3 - PROPERTY DAMAGE ONLY (PDO),3,08/14/2018 02:08:27 PM +0000,TUE,F - FEMALE,1 - NO INJURY / NONE REPORTED,40C54EC8-BB87-49FD-A19A-4AEBC37784A9,1 - DAYLIGHT,185011297,2 - REAR-END,01 - DRY,1 - STRAIGHT LEVEL,"2 - BLACKTOP, BITUMINOUS, ASPHALT",N/A,D - DRIVER,1 - CLEAR,45221
S I75 AT 1-8 MM,39.114782,-84.532425,41-50,WEST END,WEST  END,08/10/2018 12:15:00 PM +0000,01 - NOT AN INTERSECTION,3 - PROPERTY DAMAGE ONLY (PDO),3,08/10/2018 12:15:00 PM +0000,FRI,F - FEMALE,1 - NO INJURY / NONE REPORTED,C6A453AD-C765-442E-BDB8-17668B1B9157,1 - DAYLIGHT,185011098,2 - REAR-END,01 - DRY,1 - STRAIGHT LEVEL,"2 - BLACKTOP, BITUMINOUS, ASPHALT",QUEENSGATE,D - DRIVER,2 - CLOUDY,45214
11XX LAIDLAW AV,39.17793,84.4792,41-50,N/A,N/A,08/22/2018 04:53:00 PM +0000,03 - T-INTERSECTION,2 - INJURY,2,08/22/2018 04:54:00 PM +0000,WED,M - MALE,3 - NON-INCAPACITATING,FE22BC95-2DC1-4284-91D6-273CA1992A5C,1 - DAYLIGHT,185011749,1 - NOT COLLISION BETWEEN TWO MOTOR VEHICLES IN TRANSPORT,01 - DRY,1 - STRAIGHT LEVEL,"2 - BLACKTOP, BITUMINOUS, ASPHALT",N/A,D - DRIVER,1 - CLEAR,45237
S I71 AT 1-3 MM,39.099854,84.506912,26-30,N/A,N/A,08/17/2018 05:52:00 AM +0000,01 - NOT AN INTERSECTION,3 - PROPERTY DAMAGE ONLY (PDO),3,08/17/2018 05:52:00 AM +0000,FRI,M - MALE,1 - NO INJURY / NONE REPORTED,04BE85DD-1001-4F2E-B7A4-7BCF9EC73318,4 - DARK - LIGHTED ROADWAY,185011470,1 - NOT COLLISION BETWEEN TWO MOTOR VEHICLES IN TRANSPORT,01 - DRY,1 - STRAIGHT LEVEL,"2 - BLACKTOP, BITUMINOUS, ASPHALT",N/A,D - DRIVER,1 - CLEAR,45214
4XX ELBERON AV,39.10144,-84.5673,UNKNOWN,EAST PRICE HILL,EAST PRICE HILL,08/18/2018 07:43:00 PM +0000,02 - FOUR-WAY INTERSECTION,3 - PROPERTY DAMAGE ONLY (PDO),3,08/24/2018 11:47:14 AM +0000,SAT,,1 - NO INJURY / NONE REPORTED,50C26D6A-6BE6-4856-A65F-ED8378BAE32D,3 - DUSK,185011821,5 - BACKING,01 - DRY,1 - STRAIGHT LEVEL,"2 - BLACKTOP, BITUMINOUS, ASPHALT",EAST PRICE HILL,D - DRIVER,1 - CLEAR,45205
12XX W NORTH BEND RD,39.202369,84.537498,18-25,N/A,N/A,08/15/2018 05:20:06 PM +0000,03 - T-INTERSECTION,3 - PROPERTY DAMAGE ONLY (PDO),3,08/15/2018 05:25:13 PM +0000,WED,F - FEMALE,1 - NO INJURY / NONE REPORTED,3AD1487D-3BB5-4DCA-A9C3-1C998458FE6D,1 - DAYLIGHT,185011191,2 - REAR-END,02 - WET,1 - STRAIGHT LEVEL,"2 - BLACKTOP, BITUMINOUS, ASPHALT",N/A,D - DRIVER,4 - RAIN,45224
42XX SPRING GROVE AV,39.159741,84.533091,UNDER 18,N/A,N/A,08/02/2018 09:51:00 AM +0000,04 - Y-INTERSECTION,3 - PROPERTY DAMAGE ONLY (PDO),3,08/02/2018 09:51:00 AM +0000,THU,F - FEMALE,1 - NO INJURY / NONE REPORTED,FA2D4E6B-14A1-49F5-A3BD-745AF118C56B,1 - DAYLIGHT,185010696,2 - REAR-END,01 - DRY,1 - STRAIGHT LEVEL,"2 - BLACKTOP, BITUMINOUS, ASPHALT",N/A,D - DRIVER,1 - CLEAR,45223
2XX W MCMILLAN ST,39.127115,84.521751,51-60,N/A,N/A,08/13/2018 04:16:00 PM +0000,01 - NOT AN INTERSECTION,3 - PROPERTY DAMAGE ONLY (PDO),3,08/13/2018 04:20:00 PM +0000,MON,M - MALE,1 - NO INJURY / NONE REPORTED,230E238C-D967-43CE-8C9B-586D9FCDBF53,1 - DAYLIGHT,185011322,"7 - SIDESWIPE, SAME DIRECTION",01 - DRY,2 - STRAIGHT GRADE,"2 - BLACKTOP, BITUMINOUS, ASPHALT",N/A,D - DRIVER,1 - CLEAR,45219
6XX FAIRBANKS AV,39.37932,-74.5521,UNKNOWN,N/A,N/A,08/24/2018 06:30:00 PM +0000,04 - Y-INTERSECTION,3 - PROPERTY DAMAGE ONLY (PDO),3,08/24/2018 06:33:00 PM +0000,FRI,,1 - NO INJURY / NONE REPORTED,E2BE93D3-C0D2-4A8B-934B-F4D5CECC5ABB,1 - DAYLIGHT,185011859,"7 - SIDESWIPE, SAME DIRECTION",01 - DRY,2 - STRAIGHT GRADE,"2 - BLACKTOP, BITUMINOUS, ASPHALT",N/A,D - DRIVER,1 - CLEAR,45205
N I75 AT 6-2 MM,39.162621,-84.508588,UNDER 18,CLIFTON,CLIFTON,08/06/2018 04:01:00 PM +0000,01 - NOT AN INTERSECTION,3 - PROPERTY DAMAGE ONLY (PDO),3,08/06/2018 04:27:15 PM +0000,MON,M - MALE,1 - NO INJURY / NONE REPORTED,E1E3A79B-4D73-46CE-9E58-A1C1BE3636F5,1 - DAYLIGHT,185010892,2 - REAR-END,01 - DRY,1 - STRAIGHT LEVEL,"2 - BLACKTOP, BITUMINOUS, ASPHALT",CLIFTON,D - DRIVER,1 - CLEAR,45214
28XX VICTORIA AV,39.142561,-84.438891,OVER 70,HYDE PARK,HYDE PARK,08/16/2018 04:15:00 PM +0000,01 - NOT AN INTERSECTION,3 - PROPERTY DAMAGE ONLY (PDO),3,08/16/2018 04:28:00 PM +0000,THU,F - FEMALE,1 - NO INJURY / NONE REPORTED,B95FCE75-48FD-443D-839B-A66437B68DE6,1 - DAYLIGHT,185011436,"7 - SIDESWIPE, SAME DIRECTION",02 - WET,2 - STRAIGHT GRADE,"2 - BLACKTOP, BITUMINOUS, ASPHALT",HYDE PARK,D - DRIVER,2 - CLOUDY,45208
6XX WALNUT ST,39.101902,-84.511363,18-25,DOWNTOWN,C. B. D. / RIVERFRONT,08/24/2018 01:15:00 PM +0000,02 - FOUR-WAY INTERSECTION,3 - PROPERTY DAMAGE ONLY (PDO),3,08/25/2018 09:00:32 AM +0000,FRI,F - FEMALE,1 - NO INJURY / NONE REPORTED,BA6BBE59-7EC4-49A1-A86A-EEEDB60D6503,1 - DAYLIGHT,185011866,2 - REAR-END,01 - DRY,1 - STRAIGHT LEVEL,"2 - BLACKTOP, BITUMINOUS, ASPHALT",DOWNTOWN,O - OCCUPANT,1 - CLEAR,45202
12XX PURCELL AV,39.113001,84.563546,31-40,N/A,N/A,08/23/2018 11:40:00 AM +0000,01 - NOT AN INTERSECTION,2 - INJURY,2,08/23/2018 11:42:00 AM +0000,THU,F - FEMALE,1 - NO INJURY / NONE REPORTED,139E1B87-504B-4604-89EC-17A525EAE1AF,1 - DAYLIGHT,185011773,1 - NOT COLLISION BETWEEN TWO MOTOR VEHICLES IN TRANSPORT,01 - DRY,1 - STRAIGHT LEVEL,"2 - BLACKTOP, BITUMINOUS, ASPHALT",N/A,D - DRIVER,1 - CLEAR,45205
10XX EGGLESTON AV,39.106331,84.508563,61-70,N/A,N/A,08/18/2018 04:03:00 PM +0000,01 - NOT AN INTERSECTION,2 - INJURY,2,08/18/2018 04:10:00 PM +0000,SAT,M - MALE,2 - POSSIBLE,75118A87-F1F5-40EA-8EED-7D00F32AA810,1 - DAYLIGHT,185011554,2 - REAR-END,01 - DRY,1 - STRAIGHT LEVEL,1 - CONCRETE,N/A,D - DRIVER,2 - CLOUDY,45202
28XX MARKBREIT AV,39.153631,-84.431011,31-40,OAKLEY,OAKLEY,08/16/2018 09:48:00 PM +0000,02 - FOUR-WAY INTERSECTION,3 - PROPERTY DAMAGE ONLY (PDO),3,08/16/2018 09:58:00 PM +0000,THU,M - MALE,1 - NO INJURY / NONE REPORTED,FA560143-48EA-46DA-B3C7-96FD8044109F,4 - DARK - LIGHTED ROADWAY,185011457,6 - ANGLE,02 - WET,1 - STRAIGHT LEVEL,"2 - BLACKTOP, BITUMINOUS, ASPHALT",OAKLEY,D - DRIVER,2 - CLOUDY,45209
N I75 AT 4-6 MM,39.153681,-84.538224,41-50,NORTHSIDE,CAMP  WASHINGTON,08/05/2018 03:00:00 PM +0000,07 - ON RAMP,3 - PROPERTY DAMAGE ONLY (PDO),3,08/05/2018 03:00:00 PM +0000,SUN,F - FEMALE,1 - NO INJURY / NONE REPORTED,B6A15F6E-1590-4F05-8571-12C3344FA165,1 - DAYLIGHT,185010856,2 - REAR-END,01 - DRY,2 - STRAIGHT GRADE,"2 - BLACKTOP, BITUMINOUS, ASPHALT",CAMP WASHINGTON,D - DRIVER,1 - CLEAR,45223