ADDRESS_X,LATITUDE_X,LONGITUDE_X,AGE,COMMUNITY_COUNCIL_NEIGHBORHOOD,CPD_NEIGHBORHOOD,CRASHDATE,CRASHLOCATION,CRASHSEVERITY,CRASHSEVERITYID,DATECRASHREPORTED,DAYOFWEEK,GENDER,INJURIES,INSTANCEID,LIGHTCONDITIONSPRIMARY,LOCALREPORTNO,MANNEROFCRASH,ROADCONDITIONSPRIMARY,ROADCONTOUR,ROADSURFACE,SNA_NEIGHBORHOOD,TYPEOFPERSON,WEATHER,ZIP
XX W LIBERTY ST,39.114111,-84.516901,51-60,OTR,OVER-THE-RHINE,08/16/2018 03:07:29 PM +0000,02 - FOUR-WAY INTERSECTION,3 - PROPERTY DAMAGE ONLY (PDO),3,08/16/2018 04:30:36 PM +0000,THU,F - FEMALE,1 - NO INJURY / NONE REPORTED,9EB2B6AA-9166-486E-A960-ABB07AF99B01,1 - DAYLIGHT,185011435,2 - REAR-END,02 - WET,1 - STRAIGHT LEVEL,1 - CONCRETE,OVER-THE-RHINE,D - DRIVER,1 - CLEAR,45202
25XX HARRISON AV,39.141848,84.583189,UNKNOWN,N/A,N/A,08/10/2018 07:20:00 AM +0000,01 - NOT AN INTERSECTION,3 - PROPERTY DAMAGE ONLY (PDO),3,08/10/2018 08:15:00 AM +0000,FRI,,1 - NO INJURY / NONE REPORTED,A5D39E66-7240-4A61-A214-5DE0F6F8CD4C,1 - DAYLIGHT,185011093,1 - NOT COLLISION BETWEEN TWO MOTOR VEHICLES IN TRANSPORT,01 - DRY,1 - STRAIGHT LEVEL,"2 - BLACKTOP, BITUMINOUS, ASPHALT",N/A,P - PEDESTRIAN,1 - CLEAR,45211
68XX FAIRPARK AV,39.192871,84.482748,26-30,N/A,N/A,08/02/2018 10:31:00 PM +0000,02 - FOUR-WAY INTERSECTION,3 - PROPERTY DAMAGE ONLY (PDO),3,08/02/2018 10:45:00 PM +0000,THU,M - MALE,1 - NO INJURY / NONE REPORTED,E32543C3-DCE2-46BC-9BF8-DD903F335221,4 - DARK - LIGHTED ROADWAY,185010726,6 - ANGLE,01 - DRY,1 - STRAIGHT LEVEL,"2 - BLACKTOP, BITUMINOUS, ASPHALT",N/A,D - DRIVER,1 - CLEAR,45216
S I75 AT 2-1 MM,39.237837,-84.450561,61-70,N/A,N/A,08/02/2018 10:20:00 AM +0000,01 - NOT AN INTERSECTION,3 - PROPERTY DAMAGE ONLY (PDO),3,08/02/2018 01:03:00 PM +0000,THU,M - MALE,1 - NO INJURY / NONE REPORTED,2A63BBB0-AD79-4141-A3B1-52D03447A9CD,1 - DAYLIGHT,185010698,1 - NOT COLLISION BETWEEN TWO MOTOR VEHICLES IN TRANSPORT,01 - DRY,1 - STRAIGHT LEVEL,"2 - BLACKTOP, BITUMINOUS, ASPHALT",N/A,D - DRIVER,1 - CLEAR,45202
44XX RAPID RUN RD,39.117421,84.5875,UNKNOWN,N/A,N/A,08/28/2018 06:19:00 AM +0000,01 - NOT AN INTERSECTION,3 - PROPERTY DAMAGE ONLY (PDO),3,08/28/2018 06:19:00 AM +0000,TUE,,1 - NO INJURY / NONE REPORTED,470CD215-F93A-4C64-95BF-17A93AF6ADBF,4 - DARK - LIGHTED ROADWAY,185011989,"7 - SIDESWIPE, SAME DIRECTION",01 - DRY,1 - STRAIGHT LEVEL,"2 - BLACKTOP, BITUMINOUS, ASPHALT",N/A,D - DRIVER,1 - CLEAR,45238
8XX BANK ST,39.119339,-84.528328,26-30,WEST END,WEST  END,08/14/2018 09:02:01 AM +0000,02 - FOUR-WAY INTERSECTION,3 - PROPERTY DAMAGE ONLY (PDO),3,08/14/2018 09:02:16 AM +0000,TUE,M - MALE,1 - NO INJURY / NONE REPORTED,B06E2180-70B0-4FEB-84C3-73DCF9691D0E,1 - DAYLIGHT,185011285,6 - ANGLE,01 - DRY,1 - STRAIGHT LEVEL,"2 - BLACKTOP, BITUMINOUS, ASPHALT",WEST END,D - DRIVER,1 - CLEAR,45214
43XX SPRING GROVE AV,39.162301,-84.526946,41-50,SPRING GROVE VILLAGE,SPRING GROVE VILLAGE,08/07/2018 07:20:00 AM +0000,01 - NOT AN INTERSECTION,3 - PROPERTY DAMAGE ONLY (PDO),3,08/07/2018 07:30:00 AM +0000,TUE,M - MALE,1 - NO INJURY / NONE REPORTED,99ECE116-C3AB-4DAC-A903-E09195C27451,1 - DAYLIGHT,185010930,2 - REAR-END,02 - WET,1 - STRAIGHT LEVEL,"2 - BLACKTOP, BITUMINOUS, ASPHALT",SPRING GROVE VILLAGE,D - DRIVER,2 - CLOUDY,45232
11XX LAIDLAW AV,39.178175,-84.478081,31-40,BOND HILL,BONDHILL,08/17/2018 11:10:00 AM +0000,02 - FOUR-WAY INTERSECTION,3 - PROPERTY DAMAGE ONLY (PDO),3,08/17/2018 11:17:00 AM +0000,FRI,M - MALE,1 - NO INJURY / NONE REPORTED,D7E3F84F-C266-46A6-9FC2-F8B59E1CAA1C,1 - DAYLIGHT,185011483,6 - ANGLE,01 - DRY,1 - STRAIGHT LEVEL,"2 - BLACKTOP, BITUMINOUS, ASPHALT",BOND HILL,D - DRIVER,2 - CLOUDY,45237
39XX W 8TH ST,39.063951,84.348151,18-25,N/A,N/A,08/16/2018 04:10:00 PM +0000,01 - NOT AN INTERSECTION,3 - PROPERTY DAMAGE ONLY (PDO),3,08/16/2018 04:10:00 PM +0000,THU,M - MALE,1 - NO INJURY / NONE REPORTED,4D1889A4-89CD-48E0-A292-EC666F9E7B3E,1 - DAYLIGHT,185011442,2 - REAR-END,02 - WET,1 - STRAIGHT LEVEL,1 - CONCRETE,N/A,D - DRIVER,2 - CLOUDY,45205
3XX FOREST AV,39.14594,-84.501068,51-60,AVONDALE,AVONDALE,08/10/2018 09:20:00 PM +0000,01 - NOT AN INTERSECTION,3 - PROPERTY DAMAGE ONLY (PDO),3,08/10/2018 09:21:00 PM +0000,FRI,M - MALE,1 - NO INJURY / NONE REPORTED,74B2FFD9-4BF1-4B37-B893-CF1421721395,4 - DARK - LIGHTED ROADWAY,185011131,"7 - SIDESWIPE, SAME DIRECTION",01 - DRY,1 - STRAIGHT LEVEL,"2 - BLACKTOP, BITUMINOUS, ASPHALT",AVONDALE,O - OCCUPANT,1 - CLEAR,45229
32XX MONTGOMERY RD,39.142716,-84.469491,18-25,EVANSTON,EVANSTON,08/13/2018 02:58:00 PM +0000,02 - FOUR-WAY INTERSECTION,3 - PROPERTY DAMAGE ONLY (PDO),3,08/13/2018 02:59:00 PM +0000,MON,M - MALE,1 - NO INJURY / NONE REPORTED,6B8AAC6A-BAB9-427D-8109-C45230F2C6EE,1 - DAYLIGHT,185011254,2 - REAR-END,01 - DRY,1 - STRAIGHT LEVEL,"2 - BLACKTOP, BITUMINOUS, ASPHALT",EVANSTON,D - DRIVER,1 - CLEAR,45207
27XX HARRISON AV,39.141831,-84.590118,31-40,WESTWOOD,WESTWOOD,08/14/2018 08:32:00 PM +0000,01 - NOT AN INTERSECTION,2 - INJURY,2,08/14/2018 08:32:00 PM +0000,TUE,M - MALE,1 - NO INJURY / NONE REPORTED,66A9B713-FA68-40D5-AAEC-7C157F8FCDA2,3 - DUSK,185011321,2 - REAR-END,01 - DRY,1 - STRAIGHT LEVEL,"2 - BLACKTOP, BITUMINOUS, ASPHALT",WESTWOOD,D - DRIVER,1 - CLEAR,45211
28XX HARRISON,39.137382,-84.577974,51-60,SOUTH FAIRMOUNT - WESTWOOD,WESTWOOD,08/24/2018 12:55:00 PM +0000,03 - T-INTERSECTION,3 - PROPERTY DAMAGE ONLY (PDO),3,08/24/2018 12:57:00 PM +0000,FRI,M - MALE,1 - NO INJURY / NONE REPORTED,86B0A682-8EF3-4C0A-91B8-437F27D2C603,1 - DAYLIGHT,185011833,"8 - SIDESWIPE, OPPOSITE DIRECTION",01 - DRY,1 - STRAIGHT LEVEL,"2 - BLACKTOP, BITUMINOUS, ASPHALT",WESTWOOD,D - DRIVER,1 - CLEAR,45211
1XX W KING DR,39.135906,84.511875,31-40,N/A,N/A,08/28/2018 03:30:00 PM +0000,01 - NOT AN INTERSECTION,2 - INJURY,2,08/28/2018 03:33:00 AM +0000,TUE,M - MALE,2 - POSSIBLE,56B90777-5968-4ECA-A7AF-6DFB545518CF,1 - DAYLIGHT,185012013,"8 - SIDESWIPE, OPPOSITE DIRECTION",01 - DRY,2 - STRAIGHT GRADE,"2 - BLACKTOP, BITUMINOUS, ASPHALT",N/A,D - DRIVER,1 - CLEAR,45221
32XX WERK RD,39.141217,84.612515,41-50,N/A,N/A,08/02/2018 05:15:00 PM +0000,04 - Y-INTERSECTION,3 - PROPERTY DAMAGE ONLY (PDO),3,08/22/2018 04:43:18 PM +0000,THU,M - MALE,1 - NO INJURY / NONE REPORTED,D408BDAF-B56F-46FC-A7C6-CBA988304678,1 - DAYLIGHT,185011742,2 - REAR-END,01 - DRY,1 - STRAIGHT LEVEL,"2 - BLACKTOP, BITUMINOUS, ASPHALT",N/A,D - DRIVER,1 - CLEAR,45211
6XX W 3RD ST,39.107066,84.502189,51-60,N/A,N/A,08/06/2018 05:34:00 PM +0000,01 - NOT AN INTERSECTION,3 - PROPERTY DAMAGE ONLY (PDO),3,08/06/2018 05:35:00 PM +0000,MON,M - MALE,1 - NO INJURY / NONE REPORTED,329C882F-442C-4335-AC24-9282303F2DE5,1 - DAYLIGHT,185010905,"7 - SIDESWIPE, SAME DIRECTION",01 - DRY,1 - STRAIGHT LEVEL,"2 - BLACKTOP, BITUMINOUS, ASPHALT",N/A,O - OCCUPANT,1 - CLEAR,45203
53XX MADISON RD,39.160571,84.403942,UNKNOWN,N/A,N/A,08/24/2018 01:30:00 PM +0000,01 - NOT AN INTERSECTION,3 - PROPERTY DAMAGE ONLY (PDO),3,08/24/2018 03:00:00 PM +0000,FRI,M - MALE,1 - NO INJURY / NONE REPORTED,E1160F7B-E33C-46A1-A652-6DC219817DFE,1 - DAYLIGHT,185011843,6 - ANGLE,01 - DRY,1 - STRAIGHT LEVEL,"2 - BLACKTOP, BITUMINOUS, ASPHALT",N/A,D - DRIVER,1 - CLEAR,45227
21XX FERGUSON RD,39.124924,-84.600781,31-40,WEST PRICE HILL,WEST PRICE HILL,08/16/2018 02:15:00 AM +0000,02 - FOUR-WAY INTERSECTION,3 - PROPERTY DAMAGE ONLY (PDO),3,08/16/2018 02:17:00 AM +0000,THU,M - MALE,1 - NO INJURY / NONE REPORTED,61BC6182-5764-42D4-AB1E-405203C39B8D,4 - DARK - LIGHTED ROADWAY,185011388,6 - ANGLE,02 - WET,1 - STRAIGHT LEVEL,"2 - BLACKTOP, BITUMINOUS, ASPHALT",WEST PRICE HILL,D - DRIVER,4 - RAIN,45238
8XX OAK ST,39.129761,84.49003,OVER 70,N/A,N/A,08/27/2018 01:54:00 PM +0000,02 - FOUR-WAY INTERSECTION,3 - PROPERTY DAMAGE ONLY (PDO),3,08/27/2018 01:56:00 PM +0000,MON,M - MALE,1 - NO INJURY / NONE REPORTED,5EF08FC3-4E71-4875-BB03-1747D2435820,1 - DAYLIGHT,185011958,6 - ANGLE,01 - DRY,1 - STRAIGHT LEVEL,"2 - BLACKTOP, BITUMINOUS, ASPHALT",N/A,D - DRIVER,1 - CLEAR,45206
S I75 AT 5-2 MM,39.132288,-84.529743,26-30,CUF,CLIFTON/UNIVERSITY HEIGHTS,08/16/2018 09:35:00 AM +0000,01 - NOT AN INTERSECTION,3 - PROPERTY DAMAGE ONLY (PDO),3,08/16/2018 09:35:00 AM +0000,THU,M - MALE,1 - NO INJURY / NONE REPORTED,0BF452BB-6C1D-4E44-8A41-27E2E59204D9,1 - DAYLIGHT,185011403,1 - NOT COLLISION BETWEEN TWO MOTOR VEHICLES IN TRANSPORT,02 - WET,3 - CURVE LEVEL,"2 - BLACKTOP, BITUMINOUS, ASPHALT",CUF,D - DRIVER,4 - RAIN,45220
N I471 AT 5-5MM,39.102328,84.497101,61-70,N/A,N/A,08/08/2018 05:43:00 AM +0000,08 - OFF RAMP,3 - PROPERTY DAMAGE ONLY (PDO),3,08/08/2018 05:43:00 AM +0000,WED,F - FEMALE,1 - NO INJURY / NONE REPORTED,EFF22B5B-5FC7-4D05-98E8-024E20F0A910,4 - DARK - LIGHTED ROADWAY,185010990,2 - REAR-END,02 - WET,1 - STRAIGHT LEVEL,1 - CONCRETE,N/A,D - DRIVER,4 - RAIN,45202
N I75 AT 0-7 MM,39.098415,84.515369,OVER 70,N/A,N/A,08/15/2018 04:50:00 PM +0000,01 - NOT AN INTERSECTION,3 - PROPERTY DAMAGE ONLY (PDO),3,08/15/2018 05:00:00 PM +0000,WED,M - MALE,1 - NO INJURY / NONE REPORTED,C88DC5AA-F679-4F0C-B43B-815873DC74A0,1 - DAYLIGHT,185011372,6 - ANGLE,02 - WET,3 - CURVE LEVEL,"2 - BLACKTOP, BITUMINOUS, ASPHALT",N/A,D - DRIVER,2 - CLOUDY,45202
4XX E MARTIN LUTHER KING DR,39.135403,84.500125,UNKNOWN,N/A,N/A,08/03/2018 03:50:00 AM +0000,12 - SHARED-USE PATHS OR TRAILS,3 - PROPERTY DAMAGE ONLY (PDO),3,08/03/2018 03:53:00 AM +0000,FRI,,1 - NO INJURY / NONE REPORTED,2C116B38-C4F7-4E86-BBBB-9A98B744ED9A,4 - DARK - LIGHTED ROADWAY,185010735,2 - REAR-END,01 - DRY,1 - STRAIGHT LEVEL,"2 - BLACKTOP, BITUMINOUS, ASPHALT",N/A,D - DRIVER,1 - CLEAR,45229
15XX HARRISON AV,39.124085,84.547013,51-60,N/A,N/A,08/08/2018 03:42:00 PM +0000,01 - NOT AN INTERSECTION,2 - INJURY,2,08/08/2018 03:42:00 PM +0000,WED,M - MALE,1 - NO INJURY / NONE REPORTED,F3E4024C-184E-4B10-A077-6F9370E09152,1 - DAYLIGHT,185011018,2 - REAR-END,01 - DRY,1 - STRAIGHT LEVEL,"2 - BLACKTOP, BITUMINOUS, ASPHALT",N/A,D - DRIVER,1 - CLEAR,45214
75XX VINE ST,39.199775,84.475091,41-50,N/A,N/A,08/16/2018 06:40:00 PM +0000,03 - T-INTERSECTION,3 - PROPERTY DAMAGE ONLY (PDO),3,08/16/2018 06:42:00 PM +0000,THU,F - FEMALE,1 - NO INJURY / NONE REPORTED,4BB49991-F1F3-468D-947A-E06EE050BE5E,1 - DAYLIGHT,185011447,6 - ANGLE,01 - DRY,1 - STRAIGHT LEVEL,"2 - BLACKTOP, BITUMINOUS, ASPHALT",N/A,D - DRIVER,2 - CLOUDY,45216
47XX SPRING GROVE AV,39.165833,-84.515481,51-60,SPRING GROVE VILLAGE,SPRING GROVE VILLAGE,08/08/2018 06:20:00 AM +0000,02 - FOUR-WAY INTERSECTION,3 - PROPERTY DAMAGE ONLY (PDO),3,08/08/2018 06:22:00 AM +0000,WED,F - FEMALE,1 - NO INJURY / NONE REPORTED,B5B74649-F306-4460-A0B7-0ADB3327F034,1 - DAYLIGHT,185010992,"7 - SIDESWIPE, SAME DIRECTION",02 - WET,1 - STRAIGHT LEVEL,"2 - BLACKTOP, BITUMINOUS, ASPHALT",SPRING GROVE VILLAGE,D - DRIVER,4 - RAIN,45232
14XX WINCHELL AV,39.109005,-84.531903,41-50,WEST END,WEST  END,08/04/2018 09:30:00 PM +0000,02 - FOUR-WAY INTERSECTION,3 - PROPERTY DAMAGE ONLY (PDO),3,08/04/2018 09:33:00 PM +0000,SAT,M - MALE,1 - NO INJURY / NONE REPORTED,F2F9DDBD-8BB4-4503-A9A9-70DDFC430B79,4 - DARK - LIGHTED ROADWAY,185010839,6 - ANGLE,01 - DRY,1 - STRAIGHT LEVEL,1 - CONCRETE,WEST END,D - DRIVER,1 - CLEAR,45214
24XX VINE ST,39.126043,-84.51187,UNKNOWN,CUF,FAIRVIEW,08/10/2018 04:16:00 PM +0000,01 - NOT AN INTERSECTION,3 - PROPERTY DAMAGE ONLY (PDO),3,08/10/2018 04:19:00 PM +0000,FRI,,1 - NO INJURY / NONE REPORTED,E102724A-205E-4206-8220-A8B8EE87E2B9,1 - DAYLIGHT,185011118,2 - REAR-END,01 - DRY,2 - STRAIGHT GRADE,"2 - BLACKTOP, BITUMINOUS, ASPHALT",CUF,D - DRIVER,1 - CLEAR,45219
5XX W. MARTIN LUTHER KING DR,39.139917,-84.525819,41-50,CLIFTON,CLIFTON,08/27/2018 10:18:29 AM +0000,01 - NOT AN INTERSECTION,3 - PROPERTY DAMAGE ONLY (PDO),3,08/27/2018 10:18:38 AM +0000,MON,F - FEMALE,1 - NO INJURY / NONE REPORTED,D168A1DD-9082-42E2-B92F-1ED95D55FA39,1 - DAYLIGHT,185011942,6 - ANGLE,01 - DRY,1 - STRAIGHT LEVEL,"2 - BLACKTOP, BITUMINOUS, ASPHALT",CLIFTON,D - DRIVER,1 - CLEAR,45219
10XX ROSEMONT AV,39.111305,-84.583813,UNKNOWN,WEST PRICE HILL,WEST PRICE HILL,08/14/2018 11:29:00 PM +0000,01 - NOT AN INTERSECTION,3 - PROPERTY DAMAGE ONLY (PDO),3,08/14/2018 11:29:00 PM +0000,TUE,M - MALE,1 - NO INJURY / NONE REPORTED,094C7905-F4B8-4435-B032-032E91A315C7,4 - DARK - LIGHTED ROADWAY,185011327,6 - ANGLE,01 - DRY,1 - STRAIGHT LEVEL,"2 - BLACKTOP, BITUMINOUS, ASPHALT",WEST PRICE HILL,D - DRIVER,1 - CLEAR,45205
48XX PADDOCK RD,39.172656,-84.477851,26-30,PADDOCK HILLS,BONDHILL,08/27/2018 03:00:00 PM +0000,02 - FOUR-WAY INTERSECTION,2 - INJURY,2,08/27/2018 03:05:00 PM +0000,MON,F - FEMALE,3 - NON-INCAPACITATING,595DFABA-1A36-42F3-9EC6-EA5517F921BF,1 - DAYLIGHT,185011966,6 - ANGLE,01 - DRY,1 - STRAIGHT LEVEL,1 - CONCRETE,BOND HILL,D - DRIVER,1 - CLEAR,45237
4XX DORCHESTER AV,39.118936,84.500771,26-30,N/A,N/A,08/27/2018 09:01:00 PM +0000,02 - FOUR-WAY INTERSECTION,2 - INJURY,2,08/27/2018 09:01:00 PM +0000,MON,M - MALE,1 - NO INJURY / NONE REPORTED,75F0537F-1C26-4293-B7FB-78B04864B122,4 - DARK - LIGHTED ROADWAY,185011982,6 - ANGLE,01 - DRY,1 - STRAIGHT LEVEL,"2 - BLACKTOP, BITUMINOUS, ASPHALT",N/A,D - DRIVER,1 - CLEAR,45219
S I75 AT 9-4MM,39.192883,84.476626,31-40,N/A,N/A,08/13/2018 12:32:00 PM +0000,07 - ON RAMP,2 - INJURY,2,08/13/2018 12:33:00 PM +0000,MON,F - FEMALE,3 - NON-INCAPACITATING,B5C9A356-B798-4AE3-B9E5-1D77E9B95B6B,1 - DAYLIGHT,185011248,2 - REAR-END,01 - DRY,4 - CURVE GRADE,"2 - BLACKTOP, BITUMINOUS, ASPHALT",N/A,D - DRIVER,1 - CLEAR,45229
9XX DELHI AV,39.093754,84.573939,51-60,N/A,N/A,08/07/2018 06:20:00 PM +0000,03 - T-INTERSECTION,3 - PROPERTY DAMAGE ONLY (PDO),3,08/07/2018 06:21:00 PM +0000,TUE,M - MALE,1 - NO INJURY / NONE REPORTED,F04C81E6-2EDA-434D-AF6A-4056C1CB4B8C,1 - DAYLIGHT,185010972,6 - ANGLE,02 - WET,4 - CURVE GRADE,"2 - BLACKTOP, BITUMINOUS, ASPHALT",N/A,D - DRIVER,2 - CLOUDY,45204
53XX EASTKNOLL CT,39.190085,84.573038,26-30,N/A,N/A,08/18/2018 12:15:00 PM +0000,03 - T-INTERSECTION,3 - PROPERTY DAMAGE ONLY (PDO),3,08/18/2018 12:15:00 PM +0000,SAT,F - FEMALE,1 - NO INJURY / NONE REPORTED,0177D1E1-6D79-41E5-83AA-4810F2324A1B,1 - DAYLIGHT,185011547,1 - NOT COLLISION BETWEEN TWO MOTOR VEHICLES IN TRANSPORT,01 - DRY,1 - STRAIGHT LEVEL,"2 - BLACKTOP, BITUMINOUS, ASPHALT",N/A,D - DRIVER,1 - CLEAR,45239
58XX GLENWAY AV,39.138326,-84.61542,31-40,WESTWOOD,WESTWOOD,08/24/2018 02:13:03 PM +0000,01 - NOT AN INTERSECTION,3 - PROPERTY DAMAGE ONLY (PDO),3,08/24/2018 02:13:11 PM +0000,FRI,F - FEMALE,1 - NO INJURY / NONE REPORTED,C8F7F1F2-377E-4C54-9F10-D7A22A24D3D5,1 - DAYLIGHT,185011834,6 - ANGLE,01 - DRY,1 - STRAIGHT LEVEL,"2 - BLACKTOP, BITUMINOUS, ASPHALT",WESTWOOD,D - DRIVER,1 - CLEAR,45238
65XX DALY RD,39.210046,84.531131,31-40,N/A,N/A,08/24/2018 06:45:00 PM +0000,01 - NOT AN INTERSECTION,3 - PROPERTY DAMAGE ONLY (PDO),3,08/24/2018 06:56:00 PM +0000,FRI,M - MALE,1 - NO INJURY / NONE REPORTED,F15CB991-EDAE-4529-A215-50E8FC669288,1 - DAYLIGHT,185011855,2 - REAR-END,01 - DRY,1 - STRAIGHT LEVEL,"2 - BLACKTOP, BITUMINOUS, ASPHALT",N/A,D - DRIVER,1 - CLEAR,45224
11XX COLUMBIA PY,39.107375,-84.49446,31-40,EAST END,C. B. D. / RIVERFRONT,08/12/2018 11:00:00 PM +0000,01 - NOT AN INTERSECTION,2 - INJURY,2,08/12/2018 11:08:00 PM +0000,SUN,M - MALE,2 - POSSIBLE,BAD9783A-80B3-47C1-8489-3ACE9F610FF4,4 - DARK - LIGHTED ROADWAY,185011231,1 - NOT COLLISION BETWEEN TWO MOTOR VEHICLES IN TRANSPORT,01 - DRY,4 - CURVE GRADE,"2 - BLACKTOP, BITUMINOUS, ASPHALT",EAST END,D - DRIVER,1 - CLEAR,45202
XX FOREST AV,39.145521,-84.497001,UNDER 18,AVONDALE,AVONDALE,08/17/2018 04:07:00 PM +0000,01 - NOT AN INTERSECTION,3 - PROPERTY DAMAGE ONLY (PDO),3,08/17/2018 04:07:00 PM +0000,FRI,F - FEMALE,1 - NO INJURY / NONE REPORTED,288D935C-8DB2-430A-AEF8-B48BD1BA3E44,1 - DAYLIGHT,185011495,2 - REAR-END,01 - DRY,2 - STRAIGHT GRADE,"2 - BLACKTOP, BITUMINOUS, ASPHALT",AVONDALE,D - DRIVER,1 - CLEAR,45220
14XX HOPPLE ST,39.137582,-84.541979,31-40,CAMP WASHINGTON,CAMP  WASHINGTON,08/03/2018 01:38:00 AM +0000,01 - NOT AN INTERSECTION,2 - INJURY,2,08/03/2018 01:38:00 AM +0000,FRI,M - MALE,3 - NON-INCAPACITATING,8CA6F5A3-E4DF-4643-A1FC-D3E685942D76,4 - DARK - LIGHTED ROADWAY,185010730,9 - UNKNOWN,01 - DRY,1 - STRAIGHT LEVEL,"2 - BLACKTOP, BITUMINOUS, ASPHALT",CAMP WASHINGTON,D - DRIVER,1 - CLEAR,45225
33XX BOUDINOT AV,39.149279,84.602779,31-40,N/A,N/A,08/09/2018 06:30:00 AM +0000,01 - NOT AN INTERSECTION,3 - PROPERTY DAMAGE ONLY (PDO),3,08/09/2018 06:33:00 AM +0000,THU,M - MALE,1 - NO INJURY / NONE REPORTED,C3ABEF94-4B31-478E-AE8D-FAF7A5F3D266,1 - DAYLIGHT,185011052,5 - BACKING,01 - DRY,1 - STRAIGHT LEVEL,"2 - BLACKTOP, BITUMINOUS, ASPHALT",N/A,D - DRIVER,2 - CLOUDY,45211
49XX PADDOCK RD,39.177783,84.478658,UNKNOWN,N/A,N/A,08/15/2018 04:27:00 PM +0000,02 - FOUR-WAY INTERSECTION,3 - PROPERTY DAMAGE ONLY (PDO),3,08/15/2018 04:30:00 PM +0000,WED,,1 - NO INJURY / NONE REPORTED,E7FDFF41-682E-4691-B4B6-E0806E85DA56,1 - DAYLIGHT,185011363,6 - ANGLE,02 - WET,1 - STRAIGHT LEVEL,"2 - BLACKTOP, BITUMINOUS, ASPHALT",N/A,D - DRIVER,4 - RAIN,45237
16XX CARLL ST,39.135231,84.550401,18-25,N/A,N/A,08/18/2018 02:20:00 PM +0000,01 - NOT AN INTERSECTION,3 - PROPERTY DAMAGE ONLY (PDO),3,08/18/2018 02:20:00 PM +0000,SAT,F - FEMALE,1 - NO INJURY / NONE REPORTED,02AD2DF7-AB4F-4550-97A5-FEEB0125C26C,1 - DAYLIGHT,185011557,1 - NOT COLLISION BETWEEN TWO MOTOR VEHICLES IN TRANSPORT,01 - DRY,1 - STRAIGHT LEVEL,1 - CONCRETE,N/A,D - DRIVER,1 - CLEAR,45225
3XX EZZARD CHARLES DR,39.110229,84.521558,18-25,N/A,N/A,08/14/2018 04:08:00 PM +0000,01 - NOT AN INTERSECTION,3 - PROPERTY DAMAGE ONLY (PDO),3,08/14/2018 04:08:00 PM +0000,TUE,M - MALE,1 - NO INJURY / NONE REPORTED,4FAC807B-CC60-4D3C-AB10-44514B9515E2,1 - DAYLIGHT,185011303,2 - REAR-END,01 - DRY,1 - STRAIGHT LEVEL,"2 - BLACKTOP, BITUMINOUS, ASPHALT",N/A,D - DRIVER,1 - CLEAR,45202
2XX E LIBERTY ST,39.112686,84.512045,UNKNOWN,N/A,N/A,08/07/2018 01:00:00 PM +0000,01 - NOT AN INTERSECTION,3 - PROPERTY DAMAGE ONLY (PDO),3,08/07/2018 01:05:00 PM +0000,TUE,,1 - NO INJURY / NONE REPORTED,F3DFCFA3-6D16-4509-83C9-B0994E61D7B5,1 - DAYLIGHT,185010950,"7 - SIDESWIPE, SAME DIRECTION",01 - DRY,1 - STRAIGHT LEVEL,"2 - BLACKTOP, BITUMINOUS, ASPHALT",N/A,D - DRIVER,1 - CLEAR,45202
S I71 AT 3-9 MM,39.137788,-84.489672,UNKNOWN,AVONDALE,AVONDALE,08/10/2018 10:50:00 PM +0000,01 - NOT AN INTERSECTION,2 - INJURY,2,08/10/2018 11:06:00 PM +0000,FRI,F - FEMALE,2 - POSSIBLE,C968778E-328B-4790-B1C8-1D399933B1DF,4 - DARK - LIGHTED ROADWAY,185011140,1 - NOT COLLISION BETWEEN TWO MOTOR VEHICLES IN TRANSPORT,01 - DRY,1 - STRAIGHT LEVEL,"2 - BLACKTOP, BITUMINOUS, ASPHALT",AVONDALE,O - OCCUPANT,1 - CLEAR,45229
7XX GREENWOOD AV,39.152946,-84.48563,18-25,AVONDALE - NORTH AVONDALE,NORTH AVONDALE,08/04/2018 03:00:00 AM +0000,01 - NOT AN INTERSECTION,3 - PROPERTY DAMAGE ONLY (PDO),3,08/04/2018 03:05:00 AM +0000,SAT,F - FEMALE,1 - NO INJURY / NONE REPORTED,A08CB9F5-5D0C-450B-9C5E-2F77D27E6265,4 - DARK - LIGHTED ROADWAY,185010804,2 - REAR-END,01 - DRY,1 - STRAIGHT LEVEL,"2 - BLACKTOP, BITUMINOUS, ASPHALT",AVONDALE,D - DRIVER,1 - CLEAR,45229
10XX E MCMILLAN ST,39.126122,-84.487001,UNDER 18,WALNUT HILLS,WALNUT HILLS,08/10/2018 05:24:00 PM +0000,01 - NOT AN INTERSECTION,2 - INJURY,2,08/10/2018 05:27:00 PM +0000,FRI,F - FEMALE,2 - POSSIBLE,ED66CFFE-843F-4A7D-805A-A69271649E63,1 - DAYLIGHT,185011119,1 - NOT COLLISION BETWEEN TWO MOTOR VEHICLES IN TRANSPORT,01 - DRY,1 - STRAIGHT LEVEL,"2 - BLACKTOP, BITUMINOUS, ASPHALT",EAST WALNUT HILLS,P - PEDESTRIAN,2 - CLOUDY,45206