ADDRESS_X,LATITUDE_X,LONGITUDE_X,AGE,COMMUNITY_COUNCIL_NEIGHBORHOOD,CPD_NEIGHBORHOOD,CRASHDATE,CRASHLOCATION,CRASHSEVERITY,CRASHSEVERITYID,DATECRASHREPORTED,DAYOFWEEK,GENDER,INJURIES,INSTANCEID,LIGHTCONDITIONSPRIMARY,LOCALREPORTNO,MANNEROFCRASH,ROADCONDITIONSPRIMARY,ROADCONTOUR,ROADSURFACE,SNA_NEIGHBORHOOD,TYPEOFPERSON,WEATHER,ZIP
12XX RACE ST,39.107925,84.516523,31-40,N/A,N/A,08/18/2018 11:18:00 AM +0000,02 - FOUR-WAY INTERSECTION,2 - INJURY,2,08/18/2018 11:18:00 AM +0000,SAT,F - FEMALE,1 - NO INJURY / NONE REPORTED,86DC1988-543B-43E7-9736-A5C80BF5CB9D,1 - DAYLIGHT,185011541,1 - NOT COLLISION BETWEEN TWO MOTOR VEHICLES IN TRANSPORT,01 - DRY,1 - STRAIGHT LEVEL,"2 - BLACKTOP, BITUMINOUS, ASPHALT",N/A,D - DRIVER,2 - CLOUDY,45202
56XX HAMILTON AV,39.19481,84.5454,18-25,N/A,N/A,08/04/2018 02:05:00 AM +0000,03 - T-INTERSECTION,2 - INJURY,2,08/04/2018 02:10:00 AM +0000,SAT,F - FEMALE,1 - NO INJURY / NONE REPORTED,F2A594D0-410E-4C8D-8ECB-A8CCAE181F7F,4 - DARK - LIGHTED ROADWAY,185010795,6 - ANGLE,01 - DRY,1 - STRAIGHT LEVEL,"2 - BLACKTOP, BITUMINOUS, ASPHALT",N/A,O - OCCUPANT,1 - CLEAR,45224
WB SR 562 AT 0.3 MILE,39.173256,-84.480631,31-40,BOND HILL,BONDHILL,08/14/2018 02:27:00 PM +0000,07 - ON RAMP,3 - PROPERTY DAMAGE ONLY (PDO),3,08/14/2018 02:27:00 PM +0000,TUE,F - FEMALE,1 - NO INJURY / NONE REPORTED,B991CF99-89B9-483C-A737-0702E2F75F20,1 - DAYLIGHT,185011299,2 - REAR-END,01 - DRY,1 - STRAIGHT LEVEL,"2 - BLACKTOP, BITUMINOUS, ASPHALT",BOND HILL,D - DRIVER,1 - CLEAR,45237
58XX ROBISON RD,39.178761,84.417231,UNKNOWN,N/A,N/A,08/08/2018 08:30:00 PM +0000,01 - NOT AN INTERSECTION,3 - PROPERTY DAMAGE ONLY (PDO),3,08/09/2018 01:01:00 PM +0000,WED,,1 - NO INJURY / NONE REPORTED,CCCFDF0F-DAF8-40F2-B7C8-73291279F300,9 - UNKNOWN,185011059,"7 - SIDESWIPE, SAME DIRECTION",99 - UNKNOWN,4 - CURVE GRADE,"2 - BLACKTOP, BITUMINOUS, ASPHALT",N/A,D - DRIVER,9 - OTHER/UNKNOWN,45213
16XX QUEEN CITY AV,39.126938,-84.549549,31-40,SOUTH FAIRMOUNT,SOUTH  FAIRMOUNT,08/08/2018 06:25:00 PM +0000,03 - T-INTERSECTION,3 - PROPERTY DAMAGE ONLY (PDO),3,08/08/2018 06:31:00 PM +0000,WED,F - FEMALE,1 - NO INJURY / NONE REPORTED,8E019F51-6002-495A-A754-6EC19FA4654A,1 - DAYLIGHT,185011039,"8 - SIDESWIPE, OPPOSITE DIRECTION",01 - DRY,1 - STRAIGHT LEVEL,"2 - BLACKTOP, BITUMINOUS, ASPHALT",SOUTH FAIRMOUNT,D - DRIVER,1 - CLEAR,45214
9XX DELHI AV,39.093444,-84.574704,UNKNOWN,SEDAMSVILLE,RIVERSIDE,08/21/2018 06:30:00 AM +0000,01 - NOT AN INTERSECTION,3 - PROPERTY DAMAGE ONLY (PDO),3,08/22/2018 10:00:00 AM +0000,TUE,,1 - NO INJURY / NONE REPORTED,ABFB25FA-2117-40A7-BA47-FC4ECAA4D44C,1 - DAYLIGHT,185011727,5 - BACKING,01 - DRY,1 - STRAIGHT LEVEL,"2 - BLACKTOP, BITUMINOUS, ASPHALT",RIVERSIDE,D - DRIVER,1 - CLEAR,45204
X W MITCHELL AV,39.15921,84.50619,51-60,N/A,N/A,08/18/2018 01:40:00 PM +0000,02 - FOUR-WAY INTERSECTION,3 - PROPERTY DAMAGE ONLY (PDO),3,08/18/2018 02:13:00 PM +0000,SAT,M - MALE,1 - NO INJURY / NONE REPORTED,C5E7095B-8171-45A4-8E86-378F2456F7FD,1 - DAYLIGHT,185011550,2 - REAR-END,01 - DRY,2 - STRAIGHT GRADE,"2 - BLACKTOP, BITUMINOUS, ASPHALT",N/A,D - DRIVER,1 - CLEAR,45217
6XX E MCMILLAN ST,39.126239,-84.498731,UNDER 18,WALNUT HILLS,WALNUT HILLS,08/21/2018 12:24:00 PM +0000,01 - NOT AN INTERSECTION,2 - INJURY,2,08/21/2018 12:29:00 PM +0000,TUE,F - FEMALE,1 - NO INJURY / NONE REPORTED,7E683DA2-B374-4FB6-BF6C-00DC49A17383,1 - DAYLIGHT,185011680,6 - ANGLE,01 - DRY,1 - STRAIGHT LEVEL,"2 - BLACKTOP, BITUMINOUS, ASPHALT",AVONDALE,O - OCCUPANT,1 - CLEAR,45206
S I75 AT 6-4 MM,39.162873,-84.508148,61-70,NORTH AVONDALE,CLIFTON,08/28/2018 12:31:00 PM +0000,01 - NOT AN INTERSECTION,3 - PROPERTY DAMAGE ONLY (PDO),3,08/28/2018 12:33:00 PM +0000,TUE,F - FEMALE,1 - NO INJURY / NONE REPORTED,140E2210-AB2C-4A09-9162-9F2F617F01F0,1 - DAYLIGHT,185012006,6 - ANGLE,01 - DRY,1 - STRAIGHT LEVEL,1 - CONCRETE,CLIFTON,D - DRIVER,1 - CLEAR,45229
36XX READING RD,39.150283,-84.486793,UNKNOWN,AVONDALE - NORTH AVONDALE,NORTH AVONDALE,08/24/2018 12:51:00 PM +0000,01 - NOT AN INTERSECTION,3 - PROPERTY DAMAGE ONLY (PDO),3,08/24/2018 01:00:00 PM +0000,FRI,,1 - NO INJURY / NONE REPORTED,25E7BFC5-F175-48EB-A679-5A8652FF06F2,1 - DAYLIGHT,185011830,6 - ANGLE,01 - DRY,1 - STRAIGHT LEVEL,"4 - SLAG, GRAVEL, STONE",AVONDALE,D - DRIVER,1 - CLEAR,45229
WB SR 562 AT 0.3 MILE,39.174146,-84.481531,UNDER 18,BOND HILL,BONDHILL,08/14/2018 02:27:00 PM +0000,07 - ON RAMP,3 - PROPERTY DAMAGE ONLY (PDO),3,08/14/2018 02:27:00 PM +0000,TUE,F - FEMALE,1 - NO INJURY / NONE REPORTED,B991CF99-89B9-483C-A737-0702E2F75F20,1 - DAYLIGHT,185011299,2 - REAR-END,01 - DRY,1 - STRAIGHT LEVEL,"2 - BLACKTOP, BITUMINOUS, ASPHALT",BOND HILL,D - DRIVER,1 - CLEAR,45237
S I71 AT 1-8 MM,39.106937,84.503078,61-70,N/A,N/A,08/18/2018 06:21:00 AM +0000,01 - NOT AN INTERSECTION,3 - PROPERTY DAMAGE ONLY (PDO),3,08/18/2018 06:21:00 AM +0000,SAT,M - MALE,1 - NO INJURY / NONE REPORTED,BA5A4782-65C9-4273-A511-49507D162969,4 - DARK - LIGHTED ROADWAY,185011537,1 - NOT COLLISION BETWEEN TWO MOTOR VEHICLES IN TRANSPORT,01 - DRY,1 - STRAIGHT LEVEL,"2 - BLACKTOP, BITUMINOUS, ASPHALT",N/A,D - DRIVER,1 - CLEAR,45214
24XX HARRISON AV,39.142104,-84.581511,31-40,WESTWOOD,WESTWOOD,08/15/2018 09:55:00 PM +0000,02 - FOUR-WAY INTERSECTION,3 - PROPERTY DAMAGE ONLY (PDO),3,08/15/2018 10:00:00 PM +0000,WED,M - MALE,1 - NO INJURY / NONE REPORTED,AD287297-33CC-4EDE-882E-2474831EC297,4 - DARK - LIGHTED ROADWAY,185011385,6 - ANGLE,02 - WET,1 - STRAIGHT LEVEL,"2 - BLACKTOP, BITUMINOUS, ASPHALT",WESTWOOD,D - DRIVER,4 - RAIN,45211
8XX WINDHAM AV,39.143521,84.489236,31-40,N/A,N/A,08/17/2018 04:46:00 PM +0000,01 - NOT AN INTERSECTION,2 - INJURY,2,08/17/2018 04:51:00 PM +0000,FRI,M - MALE,1 - NO INJURY / NONE REPORTED,639251B7-36F0-406A-8593-0715DF2A885A,1 - DAYLIGHT,185011520,5 - BACKING,01 - DRY,2 - STRAIGHT GRADE,"2 - BLACKTOP, BITUMINOUS, ASPHALT",N/A,O - OCCUPANT,2 - CLOUDY,45229
INTERSTATE 71 @0.1 MM,39.101289,84.503204,41-50,N/A,N/A,08/05/2018 02:45:00 PM +0000,01 - NOT AN INTERSECTION,3 - PROPERTY DAMAGE ONLY (PDO),3,08/06/2018 11:00:00 AM +0000,SUN,M - MALE,1 - NO INJURY / NONE REPORTED,ED8477B0-FF9C-42D9-BF26-FF5599352E28,1 - DAYLIGHT,185010945,"7 - SIDESWIPE, SAME DIRECTION",01 - DRY,1 - STRAIGHT LEVEL,1 - CONCRETE,N/A,D - DRIVER,1 - CLEAR,45202
75XX ANTHONY WAYNE AV,39.197715,-84.474703,41-50,CARTHAGE,CARTHAGE,08/10/2018 02:00:00 PM +0000,03 - T-INTERSECTION,3 - PROPERTY DAMAGE ONLY (PDO),3,08/10/2018 02:03:00 PM +0000,FRI,M - MALE,1 - NO INJURY / NONE REPORTED,40CCC291-EF0C-41D3-9B1E-309F050137F9,1 - DAYLIGHT,185011107,6 - ANGLE,01 - DRY,1 - STRAIGHT LEVEL,"2 - BLACKTOP, BITUMINOUS, ASPHALT",CARTHAGE,D - DRIVER,1 - CLEAR,45216
0.X SB I75,39.099033,-84.520264,18-25,DOWNTOWN,QUEENSGATE,08/17/2018 05:42:00 PM +0000,01 - NOT AN INTERSECTION,3 - PROPERTY DAMAGE ONLY (PDO),3,08/17/2018 05:43:00 PM +0000,FRI,F - FEMALE,1 - NO INJURY / NONE REPORTED,E522AE18-B9D7-41D6-A5D4-6909195DFC2A,1 - DAYLIGHT,185011507,2 - REAR-END,01 - DRY,3 - CURVE LEVEL,1 - CONCRETE,DOWNTOWN,D - DRIVER,1 - CLEAR,45202
47XX PADDOCK RD,39.172395,-84.476595,61-70,PADDOCK HILLS,BONDHILL,08/21/2018 08:25:00 PM +0000,01 - NOT AN INTERSECTION,3 - PROPERTY DAMAGE ONLY (PDO),3,08/21/2018 08:26:00 PM +0000,TUE,M - MALE,1 - NO INJURY / NONE REPORTED,DF89BEB6-F3C2-447B-9102-F282C14CEBB0,1 - DAYLIGHT,185011698,6 - ANGLE,01 - DRY,1 - STRAIGHT LEVEL,"2 - BLACKTOP, BITUMINOUS, ASPHALT",BOND HILL,D - DRIVER,1 - CLEAR,45229
1XX E MITCHELL AV,39.160365,84.496291,18-25,N/A,N/A,08/03/2018 01:01:30 AM +0000,02 - FOUR-WAY INTERSECTION,3 - PROPERTY DAMAGE ONLY (PDO),3,08/03/2018 01:55:40 AM +0000,FRI,M - MALE,1 - NO INJURY / NONE REPORTED,3C201790-2EC4-4473-87E1-D8C441EB0306,4 - DARK - LIGHTED ROADWAY,185010729,2 - REAR-END,01 - DRY,1 - STRAIGHT LEVEL,"2 - BLACKTOP, BITUMINOUS, ASPHALT",N/A,D - DRIVER,1 - CLEAR,45217
21XX W NORTH BEND RD,39.200891,-84.565861,26-30,MOUNT AIRY,MOUNT AIRY,08/03/2018 06:24:43 PM +0000,01 - NOT AN INTERSECTION,3 - PROPERTY DAMAGE ONLY (PDO),3,08/03/2018 06:29:58 PM +0000,FRI,F - FEMALE,1 - NO INJURY / NONE REPORTED,E385E80A-BEC7-4752-A78A-DB1A53B86958,1 - DAYLIGHT,185010778,"7 - SIDESWIPE, SAME DIRECTION",01 - DRY,1 - STRAIGHT LEVEL,"2 - BLACKTOP, BITUMINOUS, ASPHALT",MT. AIRY,D - DRIVER,1 - CLEAR,45224
20XX READING RD,39.118017,-84.499173,61-70,WALNUT HILLS,WALNUT HILLS,08/28/2018 04:12:00 PM +0000,"06 - FIVE-POINT, OR MORE",2 - INJURY,2,08/28/2018 04:14:00 PM +0000,TUE,M - MALE,2 - POSSIBLE,FE392D36-E0E9-42A7-A85B-22AC26764A86,1 - DAYLIGHT,185012017,6 - ANGLE,01 - DRY,1 - STRAIGHT LEVEL,1 - CONCRETE,WALNUT HILLS,D - DRIVER,1 - CLEAR,45206
32XX QUEEN CITY AV,39.136601,84.607686,18-25,N/A,N/A,08/18/2018 10:06:00 PM +0000,01 - NOT AN INTERSECTION,2 - INJURY,2,08/18/2018 10:06:00 PM +0000,SAT,M - MALE,3 - NON-INCAPACITATING,4533177E-F4F3-40F5-950A-9C4E4F137A11,4 - DARK - LIGHTED ROADWAY,185011567,1 - NOT COLLISION BETWEEN TWO MOTOR VEHICLES IN TRANSPORT,01 - DRY,2 - STRAIGHT GRADE,"2 - BLACKTOP, BITUMINOUS, ASPHALT",N/A,O - OCCUPANT,1 - CLEAR,45238
5XX TRENTON AV,39.100963,84.592653,26-30,N/A,N/A,08/13/2018 07:13:00 AM +0000,10 - DRIVEWAY/ALLEY ACCESS,3 - PROPERTY DAMAGE ONLY (PDO),3,08/13/2018 07:13:00 AM +0000,MON,M - MALE,1 - NO INJURY / NONE REPORTED,04B0CF8C-5827-4DD8-AE20-41FB5A71D3BF,1 - DAYLIGHT,185011239,1 - NOT COLLISION BETWEEN TWO MOTOR VEHICLES IN TRANSPORT,01 - DRY,2 - STRAIGHT GRADE,"2 - BLACKTOP, BITUMINOUS, ASPHALT",N/A,D - DRIVER,1 - CLEAR,45238
34XX HARVEY AV,39.143564,-84.498871,41-50,AVONDALE,AVONDALE,08/11/2018 02:00:00 PM +0000,03 - T-INTERSECTION,2 - INJURY,2,08/11/2018 02:05:00 PM +0000,SAT,M - MALE,1 - NO INJURY / NONE REPORTED,047D6A7F-E411-4D94-BB0B-06C610E0ED83,1 - DAYLIGHT,185011176,6 - ANGLE,02 - WET,1 - STRAIGHT LEVEL,"2 - BLACKTOP, BITUMINOUS, ASPHALT",AVONDALE,D - DRIVER,4 - RAIN,45229
N I471 AT 5.4,39.102351,84.498733,18-25,N/A,N/A,08/18/2018 10:55:00 PM +0000,08 - OFF RAMP,3 - PROPERTY DAMAGE ONLY (PDO),3,08/18/2018 10:58:00 PM +0000,SAT,F - FEMALE,1 - NO INJURY / NONE REPORTED,E9147003-147C-46DC-B5A4-15872647B541,4 - DARK - LIGHTED ROADWAY,185011571,2 - REAR-END,01 - DRY,4 - CURVE GRADE,1 - CONCRETE,N/A,O - OCCUPANT,2 - CLOUDY,
44XX READING RD,39.165098,-84.471335,UNKNOWN,PADDOCK HILLS,PADDOCK  HILLS,08/25/2018 01:04:00 AM +0000,01 - NOT AN INTERSECTION,2 - INJURY,2,08/25/2018 01:05:00 AM +0000,SAT,,1 - NO INJURY / NONE REPORTED,34DF1D0C-5787-43C2-AC22-25BA23509B3F,4 - DARK - LIGHTED ROADWAY,185011954,1 - NOT COLLISION BETWEEN TWO MOTOR VEHICLES IN TRANSPORT,01 - DRY,1 - STRAIGHT LEVEL,"2 - BLACKTOP, BITUMINOUS, ASPHALT",NORTH AVONDALE - PADDOCK HILLS,D - DRIVER,1 - CLEAR,45229
2XX W CENTRAL PY,39.106973,84.518773,26-30,N/A,N/A,08/11/2018 02:30:00 AM +0000,04 - Y-INTERSECTION,2 - INJURY,2,08/11/2018 02:39:00 AM +0000,SAT,F - FEMALE,1 - NO INJURY / NONE REPORTED,2157F412-110E-480F-B671-F4C0D06E1A08,4 - DARK - LIGHTED ROADWAY,185011148,6 - ANGLE,01 - DRY,3 - CURVE LEVEL,"2 - BLACKTOP, BITUMINOUS, ASPHALT",N/A,D - DRIVER,1 - CLEAR,45202
S I75 AT 6-6 MM,39.165896,-84.507842,OVER 70,N/A,N/A,08/20/2018 02:20:00 PM +0000,01 - NOT AN INTERSECTION,3 - PROPERTY DAMAGE ONLY (PDO),3,08/20/2018 02:45:00 PM +0000,MON,M - MALE,1 - NO INJURY / NONE REPORTED,A6F2FFB8-A8D9-4230-8E6D-E7E583E81DEA,1 - DAYLIGHT,185011658,5 - BACKING,01 - DRY,1 - STRAIGHT LEVEL,"2 - BLACKTOP, BITUMINOUS, ASPHALT",N/A,D - DRIVER,1 - CLEAR,45214
N I75 AT 6.0 MM,39.162487,-84.511509,41-50,CLIFTON,CLIFTON,08/02/2018 12:04:00 AM +0000,01 - NOT AN INTERSECTION,3 - PROPERTY DAMAGE ONLY (PDO),3,08/02/2018 12:04:00 AM +0000,THU,F - FEMALE,1 - NO INJURY / NONE REPORTED,F5976910-EB8A-4EB6-8616-F77491E42BB0,4 - DARK - LIGHTED ROADWAY,185010686,1 - NOT COLLISION BETWEEN TWO MOTOR VEHICLES IN TRANSPORT,01 - DRY,3 - CURVE LEVEL,"2 - BLACKTOP, BITUMINOUS, ASPHALT",CLIFTON,D - DRIVER,1 - CLEAR,45220
N I75 AT 2-1 MM,39.119596,84.534879,26-30,N/A,N/A,08/24/2018 02:45:00 PM +0000,01 - NOT AN INTERSECTION,2 - INJURY,2,08/24/2018 02:45:00 PM +0000,FRI,M - MALE,1 - NO INJURY / NONE REPORTED,5B23E20D-4EAD-488E-92A2-64659121F2B9,1 - DAYLIGHT,185011846,6 - ANGLE,01 - DRY,1 - STRAIGHT LEVEL,"2 - BLACKTOP, BITUMINOUS, ASPHALT",N/A,D - DRIVER,1 - CLEAR,45214
31XX LINWOOD AV,39.131595,84.431047,UNKNOWN,N/A,N/A,08/15/2018 12:08:13 PM +0000,01 - NOT AN INTERSECTION,2 - INJURY,2,08/15/2018 12:11:14 PM +0000,WED,,1 - NO INJURY / NONE REPORTED,79948ED4-1BA9-4EA3-BD57-E28176A51528,1 - DAYLIGHT,185011349,1 - NOT COLLISION BETWEEN TWO MOTOR VEHICLES IN TRANSPORT,01 - DRY,3 - CURVE LEVEL,"2 - BLACKTOP, BITUMINOUS, ASPHALT",N/A,O - OCCUPANT,1 - CLEAR,45208
27XX QUEEN CITY AV,39.132566,-84.590069,61-70,WESTWOOD,WESTWOOD,08/07/2018 02:15:00 PM +0000,01 - NOT AN INTERSECTION,3 - PROPERTY DAMAGE ONLY (PDO),3,08/07/2018 02:35:00 PM +0000,TUE,M - MALE,1 - NO INJURY / NONE REPORTED,18911E36-9B8D-407F-A9BC-9C12D2D83238,1 - DAYLIGHT,185010958,5 - BACKING,01 - DRY,1 - STRAIGHT LEVEL,"2 - BLACKTOP, BITUMINOUS, ASPHALT",WESTWOOD,D - DRIVER,1 - CLEAR,45238
47XX HAMILTON AV,39.178253,-84.544964,41-50,NORTHSIDE,NORTHSIDE,08/07/2018 07:30:00 AM +0000,01 - NOT AN INTERSECTION,3 - PROPERTY DAMAGE ONLY (PDO),3,08/07/2018 07:39:00 AM +0000,TUE,F - FEMALE,1 - NO INJURY / NONE REPORTED,DB5E45B6-7ED1-434C-84D4-1DE799887992,1 - DAYLIGHT,185010933,"7 - SIDESWIPE, SAME DIRECTION",02 - WET,2 - STRAIGHT GRADE,"2 - BLACKTOP, BITUMINOUS, ASPHALT",NORTHSIDE,D - DRIVER,2 - CLOUDY,45223
30XX GLENHILLS WY,39.127644,84.602654,41-50,N/A,N/A,08/10/2018 06:44:00 PM +0000,02 - FOUR-WAY INTERSECTION,2 - INJURY,2,08/10/2018 06:44:00 PM +0000,FRI,M - MALE,2 - POSSIBLE,CC499959-6ECA-4AED-B9C4-D768134AE507,1 - DAYLIGHT,185011125,2 - REAR-END,01 - DRY,2 - STRAIGHT GRADE,"2 - BLACKTOP, BITUMINOUS, ASPHALT",N/A,D - DRIVER,1 - CLEAR,45238
28XX HARRISON AV,39.144198,84.592083,OVER 70,N/A,N/A,08/12/2018 11:44:00 AM +0000,01 - NOT AN INTERSECTION,3 - PROPERTY DAMAGE ONLY (PDO),3,08/12/2018 12:31:00 PM +0000,SUN,F - FEMALE,1 - NO INJURY / NONE REPORTED,CE788280-1720-48EB-AEFC-4896A1DE4ED7,1 - DAYLIGHT,185011207,"7 - SIDESWIPE, SAME DIRECTION",01 - DRY,1 - STRAIGHT LEVEL,"2 - BLACKTOP, BITUMINOUS, ASPHALT",N/A,D - DRIVER,1 - CLEAR,45211
38XX BEEKMAN ST,39.155828,84.551193,UNKNOWN,N/A,N/A,08/28/2018 12:12:00 PM +0000,02 - FOUR-WAY INTERSECTION,3 - PROPERTY DAMAGE ONLY (PDO),3,08/28/2018 12:12:00 PM +0000,TUE,,1 - NO INJURY / NONE REPORTED,11F0E773-B9DC-4A89-9307-38AC9CEE42DC,1 - DAYLIGHT,185012003,6 - ANGLE,01 - DRY,1 - STRAIGHT LEVEL,"2 - BLACKTOP, BITUMINOUS, ASPHALT",N/A,D - DRIVER,1 - CLEAR,45225
26XX BALTIMORE AV,39.157323,-84.565294,18-25,VILLAGES AT ROLL HILL,FAY APARTMENTS,08/15/2018 03:40:00 PM +0000,01 - NOT AN INTERSECTION,3 - PROPERTY DAMAGE ONLY (PDO),3,08/15/2018 03:42:00 PM +0000,WED,F - FEMALE,1 - NO INJURY / NONE REPORTED,EE7FF682-9CC9-4F46-AB7F-6E05867D72D5,1 - DAYLIGHT,185011357,1 - NOT COLLISION BETWEEN TWO MOTOR VEHICLES IN TRANSPORT,02 - WET,3 - CURVE LEVEL,"2 - BLACKTOP, BITUMINOUS, ASPHALT",EAST WESTWOOD,D - DRIVER,4 - RAIN,45225
17XX DANA AV,39.149601,84.480481,51-60,N/A,N/A,08/19/2018 06:15:00 PM +0000,01 - NOT AN INTERSECTION,3 - PROPERTY DAMAGE ONLY (PDO),3,08/19/2018 06:30:00 PM +0000,SUN,M - MALE,1 - NO INJURY / NONE REPORTED,60DF2EBA-FA73-4433-9252-81D67615DFA4,1 - DAYLIGHT,185011597,6 - ANGLE,01 - DRY,1 - STRAIGHT LEVEL,"2 - BLACKTOP, BITUMINOUS, ASPHALT",N/A,D - DRIVER,1 - CLEAR,45207
S I75 AT 6-6 MM,39.165886,-84.508082,61-70,N/A,N/A,08/20/2018 02:20:00 PM +0000,01 - NOT AN INTERSECTION,3 - PROPERTY DAMAGE ONLY (PDO),3,08/20/2018 02:45:00 PM +0000,MON,M - MALE,1 - NO INJURY / NONE REPORTED,A6F2FFB8-A8D9-4230-8E6D-E7E583E81DEA,1 - DAYLIGHT,185011658,5 - BACKING,01 - DRY,1 - STRAIGHT LEVEL,"2 - BLACKTOP, BITUMINOUS, ASPHALT",N/A,D - DRIVER,1 - CLEAR,45214
26XX SPRING GROVE AV,39.128321,84.537078,51-60,N/A,N/A,08/08/2018 07:30:00 AM +0000,01 - NOT AN INTERSECTION,3 - PROPERTY DAMAGE ONLY (PDO),3,08/08/2018 07:34:00 AM +0000,WED,F - FEMALE,1 - NO INJURY / NONE REPORTED,EFEF9034-6D8F-4C23-87D8-645CB0B867FF,1 - DAYLIGHT,185010994,6 - ANGLE,02 - WET,1 - STRAIGHT LEVEL,"2 - BLACKTOP, BITUMINOUS, ASPHALT",N/A,D - DRIVER,2 - CLOUDY,45214
12XX SPRING ST,39.111041,84.507132,UNKNOWN,N/A,N/A,08/17/2018 02:30:00 AM +0000,02 - FOUR-WAY INTERSECTION,3 - PROPERTY DAMAGE ONLY (PDO),3,08/17/2018 04:50:00 AM +0000,FRI,,1 - NO INJURY / NONE REPORTED,2A9A0884-AC25-4B98-B91B-FD76A7A0B872,4 - DARK - LIGHTED ROADWAY,185011469,9 - UNKNOWN,02 - WET,1 - STRAIGHT LEVEL,"2 - BLACKTOP, BITUMINOUS, ASPHALT",N/A,D - DRIVER,1 - CLEAR,45202
2XX E LIBERTY ST,39.113221,84.512329,31-40,N/A,N/A,08/08/2018 07:50:00 AM +0000,01 - NOT AN INTERSECTION,3 - PROPERTY DAMAGE ONLY (PDO),3,08/08/2018 07:55:00 AM +0000,WED,M - MALE,1 - NO INJURY / NONE REPORTED,1C3D56C2-C425-450E-A95D-30D4657A0DFC,1 - DAYLIGHT,185011000,"7 - SIDESWIPE, SAME DIRECTION",02 - WET,1 - STRAIGHT LEVEL,"2 - BLACKTOP, BITUMINOUS, ASPHALT",N/A,D - DRIVER,2 - CLOUDY,45202
34XX VINE ST,39.143468,-84.509476,31-40,AVONDALE,CLIFTON,08/21/2018 09:02:00 AM +0000,01 - NOT AN INTERSECTION,2 - INJURY,2,08/21/2018 09:16:00 AM +0000,TUE,M - MALE,1 - NO INJURY / NONE REPORTED,5EA7814A-4679-4580-BD94-4FD1132108E6,1 - DAYLIGHT,185011670,6 - ANGLE,01 - DRY,2 - STRAIGHT GRADE,"2 - BLACKTOP, BITUMINOUS, ASPHALT",CUF,D - DRIVER,1 - CLEAR,45220
9XX RACE ST,39.106558,84.516175,UNKNOWN,N/A,N/A,08/23/2018 02:10:00 PM +0000,02 - FOUR-WAY INTERSECTION,2 - INJURY,2,08/23/2018 02:11:00 PM +0000,THU,M - MALE,1 - NO INJURY / NONE REPORTED,32B2C933-148F-46F6-BD63-8DFBAF50059D,1 - DAYLIGHT,185011782,1 - NOT COLLISION BETWEEN TWO MOTOR VEHICLES IN TRANSPORT,01 - DRY,1 - STRAIGHT LEVEL,"2 - BLACKTOP, BITUMINOUS, ASPHALT",N/A,O - OCCUPANT,1 - CLEAR,45202
76XX READING RD,39.200157,84.456314,26-30,N/A,N/A,08/04/2018 02:02:00 PM +0000,01 - NOT AN INTERSECTION,3 - PROPERTY DAMAGE ONLY (PDO),3,08/04/2018 02:02:00 PM +0000,SAT,M - MALE,1 - NO INJURY / NONE REPORTED,82C3CC44-9471-4FB5-A17B-92174724950B,1 - DAYLIGHT,185010814,4 - REAR-TO-REAR,01 - DRY,1 - STRAIGHT LEVEL,"2 - BLACKTOP, BITUMINOUS, ASPHALT",N/A,O - OCCUPANT,1 - CLEAR,45237
3XX W KING DR,39.135238,84.520361,31-40,N/A,N/A,08/10/2018 10:57:00 AM +0000,02 - FOUR-WAY INTERSECTION,3 - PROPERTY DAMAGE ONLY (PDO),3,08/10/2018 11:00:00 AM +0000,FRI,F - FEMALE,1 - NO INJURY / NONE REPORTED,3AB2A0F4-3B7F-479A-ABC5-B3BB9A662DD6,1 - DAYLIGHT,185011095,2 - REAR-END,01 - DRY,1 - STRAIGHT LEVEL,"2 - BLACKTOP, BITUMINOUS, ASPHALT",N/A,D - DRIVER,1 - CLEAR,45220
25XX OHIO AV,39.12841,84.51479,UNKNOWN,N/A,N/A,08/18/2018 09:00:00 PM +0000,01 - NOT AN INTERSECTION,3 - PROPERTY DAMAGE ONLY (PDO),3,08/18/2018 10:40:00 PM +0000,SAT,,1 - NO INJURY / NONE REPORTED,E930CADB-E22C-423B-8E54-A73CE27B7495,4 - DARK - LIGHTED ROADWAY,185011564,5 - BACKING,01 - DRY,1 - STRAIGHT LEVEL,"2 - BLACKTOP, BITUMINOUS, ASPHALT",N/A,D - DRIVER,1 - CLEAR,45220
65XX MONTGOMERY RD,39.187041,84.417301,31-40,N/A,N/A,08/17/2018 08:00:00 PM +0000,01 - NOT AN INTERSECTION,3 - PROPERTY DAMAGE ONLY (PDO),3,08/17/2018 09:00:00 PM +0000,FRI,M - MALE,1 - NO INJURY / NONE REPORTED,BB08E936-CD56-41DE-BC4C-2268D15ED6DD,3 - DUSK,185011524,"7 - SIDESWIPE, SAME DIRECTION",01 - DRY,1 - STRAIGHT LEVEL,"2 - BLACKTOP, BITUMINOUS, ASPHALT",N/A,D - DRIVER,2 - CLOUDY,45213