ADDRESS_X,LATITUDE_X,LONGITUDE_X,AGE,COMMUNITY_COUNCIL_NEIGHBORHOOD,CPD_NEIGHBORHOOD,CRASHDATE,CRASHLOCATION,CRASHSEVERITY,CRASHSEVERITYID,DATECRASHREPORTED,DAYOFWEEK,GENDER,INJURIES,INSTANCEID,LIGHTCONDITIONSPRIMARY,LOCALREPORTNO,MANNEROFCRASH,ROADCONDITIONSPRIMARY,ROADCONTOUR,ROADSURFACE,SNA_NEIGHBORHOOD,TYPEOFPERSON,WEATHER,ZIP
4XX E 3RD ST,39.100491,84.505101,31-40,N/A,N/A,08/04/2018 04:14:00 AM +0000,08 - OFF RAMP,2 - INJURY,2,08/04/2018 04:15:00 AM +0000,SAT,M - MALE,3 - NON-INCAPACITATING,AFAB3081-5D27-4E2A-BC2E-16825DA6B154,4 - DARK - LIGHTED ROADWAY,185010797,1 - NOT COLLISION BETWEEN TWO MOTOR VEHICLES IN TRANSPORT,01 - DRY,4 - CURVE GRADE,"2 - BLACKTOP, BITUMINOUS, ASPHALT",N/A,D - DRIVER,1 - CLEAR,45202
59XX BELMONT AV,39.200848,84.546878,18-25,N/A,N/A,08/09/2018 05:15:00 PM +0000,01 - NOT AN INTERSECTION,3 - PROPERTY DAMAGE ONLY (PDO),3,08/09/2018 05:21:00 PM +0000,THU,F - FEMALE,1 - NO INJURY / NONE REPORTED,CFDC8C54-E05E-45B2-A26F-680690480349,1 - DAYLIGHT,185011069,1 - NOT COLLISION BETWEEN TWO MOTOR VEHICLES IN TRANSPORT,01 - DRY,1 - STRAIGHT LEVEL,"2 - BLACKTOP, BITUMINOUS, ASPHALT",N/A,D - DRIVER,1 - CLEAR,45224
13XX BEECH AV,39.117661,-84.576916,UNKNOWN,WEST PRICE HILL,WEST PRICE HILL,08/18/2018 08:30:59 PM +0000,01 - NOT AN INTERSECTION,3 - PROPERTY DAMAGE ONLY (PDO),3,08/19/2018 10:25:28 AM +0000,SAT,,1 - NO INJURY / NONE REPORTED,82AE45C8-EA14-4E84-A6EF-F78B1BBD445D,1 - DAYLIGHT,185011584,1 - NOT COLLISION BETWEEN TWO MOTOR VEHICLES IN TRANSPORT,01 - DRY,2 - STRAIGHT GRADE,"2 - BLACKTOP, BITUMINOUS, ASPHALT",EAST PRICE HILL,D - DRIVER,1 - CLEAR,45205
XX E LIBERTY ST,39.112702,-84.516421,41-50,OTR,OVER-THE-RHINE,08/14/2018 03:00:00 PM +0000,01 - NOT AN INTERSECTION,3 - PROPERTY DAMAGE ONLY (PDO),3,08/14/2018 03:22:00 PM +0000,TUE,M - MALE,1 - NO INJURY / NONE REPORTED,C4A57862-8498-4FB7-AB7C-FEEFD10B040A,1 - DAYLIGHT,185011306,"7 - SIDESWIPE, SAME DIRECTION",01 - DRY,1 - STRAIGHT LEVEL,"2 - BLACKTOP, BITUMINOUS, ASPHALT",OVER-THE-RHINE,D - DRIVER,1 - CLEAR,45202
23XX FAIRVIEW AV,39.123651,-84.517341,31-40,CUF,FAIRVIEW,08/22/2018 01:22:00 PM +0000,01 - NOT AN INTERSECTION,3 - PROPERTY DAMAGE ONLY (PDO),3,08/22/2018 01:24:00 PM +0000,WED,M - MALE,1 - NO INJURY / NONE REPORTED,9967149B-9F34-473D-A3E3-6882213EE075,1 - DAYLIGHT,185011732,"7 - SIDESWIPE, SAME DIRECTION",01 - DRY,3 - CURVE LEVEL,"2 - BLACKTOP, BITUMINOUS, ASPHALT",CUF,D - DRIVER,1 - CLEAR,45219
31XX MADISON RD,39.154647,84.428242,61-70,N/A,N/A,08/06/2018 06:10:00 AM +0000,03 - T-INTERSECTION,3 - PROPERTY DAMAGE ONLY (PDO),3,08/06/2018 08:00:00 AM +0000,MON,F - FEMALE,1 - NO INJURY / NONE REPORTED,4F53CDAC-5A1F-49FB-8B6B-309313EB9AB4,2 - DAWN,185010870,6 - ANGLE,01 - DRY,1 - STRAIGHT LEVEL,"2 - BLACKTOP, BITUMINOUS, ASPHALT",N/A,D - DRIVER,1 - CLEAR,45209
28XX MONTANA AV,39.153391,84.579694,41-50,N/A,N/A,08/16/2018 06:10:00 AM +0000,01 - NOT AN INTERSECTION,2 - INJURY,2,08/16/2018 06:15:00 AM +0000,THU,M - MALE,2 - POSSIBLE,39E49B24-5CF1-4192-8F69-E8522A52EFE8,1 - DAYLIGHT,185011390,6 - ANGLE,02 - WET,1 - STRAIGHT LEVEL,"2 - BLACKTOP, BITUMINOUS, ASPHALT",N/A,D - DRIVER,4 - RAIN,45211
48XX SPRING GROVE AV,39.168885,-84.510275,31-40,SPRING GROVE VILLAGE,SPRING GROVE VILLAGE,08/07/2018 06:29:00 PM +0000,01 - NOT AN INTERSECTION,3 - PROPERTY DAMAGE ONLY (PDO),3,08/07/2018 06:29:00 PM +0000,TUE,M - MALE,1 - NO INJURY / NONE REPORTED,583AE64D-20D6-4294-972F-7184B6FD2ED4,1 - DAYLIGHT,185010980,6 - ANGLE,01 - DRY,1 - STRAIGHT LEVEL,"2 - BLACKTOP, BITUMINOUS, ASPHALT",SPRING GROVE VILLAGE,D - DRIVER,2 - CLOUDY,45232
XX E 3RD ST,39.098647,-84.510422,51-60,DOWNTOWN,C. B. D. / RIVERFRONT,08/27/2018 01:10:00 PM +0000,02 - FOUR-WAY INTERSECTION,3 - PROPERTY DAMAGE ONLY (PDO),3,08/27/2018 01:10:00 PM +0000,MON,F - FEMALE,1 - NO INJURY / NONE REPORTED,8EC17472-F7AB-47B8-BD99-A1F0B93074A5,1 - DAYLIGHT,185011956,6 - ANGLE,01 - DRY,2 - STRAIGHT GRADE,1 - CONCRETE,DOWNTOWN,D - DRIVER,1 - CLEAR,45202
74XX READING,39.197107,-84.458375,41-50,ROSELAWN,ROSELAWN,08/03/2018 10:54:42 PM +0000,02 - FOUR-WAY INTERSECTION,3 - PROPERTY DAMAGE ONLY (PDO),3,08/03/2018 10:56:24 PM +0000,FRI,M - MALE,1 - NO INJURY / NONE REPORTED,A46E3967-5486-4688-B8E0-9910252E6AAD,4 - DARK - LIGHTED ROADWAY,185010792,3 - HEAD-ON,01 - DRY,1 - STRAIGHT LEVEL,"2 - BLACKTOP, BITUMINOUS, ASPHALT",ROSELAWN,D - DRIVER,1 - CLEAR,45237
12XX RACE ST,39.107985,84.516013,26-30,N/A,N/A,08/18/2018 11:18:00 AM +0000,02 - FOUR-WAY INTERSECTION,2 - INJURY,2,08/18/2018 11:18:00 AM +0000,SAT,F - FEMALE,4 - INCAPACITATING,86DC1988-543B-43E7-9736-A5C80BF5CB9D,1 - DAYLIGHT,185011541,1 - NOT COLLISION BETWEEN TWO MOTOR VEHICLES IN TRANSPORT,01 - DRY,1 - STRAIGHT LEVEL,"2 - BLACKTOP, BITUMINOUS, ASPHALT",N/A,P - PEDESTRIAN,2 - CLOUDY,45202
0.X SB I75,39.099523,-84.520184,18-25,DOWNTOWN,QUEENSGATE,08/20/2018 10:58:00 PM +0000,01 - NOT AN INTERSECTION,3 - PROPERTY DAMAGE ONLY (PDO),3,08/20/2018 11:10:00 PM +0000,MON,M - MALE,1 - NO INJURY / NONE REPORTED,D2A548AD-736C-4CFC-A8B1-659BA6B87236,4 - DARK - LIGHTED ROADWAY,185011664,6 - ANGLE,02 - WET,1 - STRAIGHT LEVEL,1 - CONCRETE,DOWNTOWN,D - DRIVER,4 - RAIN,45202
62XX GLENWAY AV,39.144296,84.624906,31-40,N/A,N/A,08/09/2018 12:35:00 PM +0000,01 - NOT AN INTERSECTION,3 - PROPERTY DAMAGE ONLY (PDO),3,08/09/2018 12:39:00 PM +0000,THU,M - MALE,1 - NO INJURY / NONE REPORTED,4C81538B-2900-4B78-9657-0F547FA1147A,1 - DAYLIGHT,185011060,2 - REAR-END,01 - DRY,1 - STRAIGHT LEVEL,"2 - BLACKTOP, BITUMINOUS, ASPHALT",N/A,D - DRIVER,1 - CLEAR,45211
6XX PLUM ST,39.103185,84.518821,UNKNOWN,N/A,N/A,08/10/2018 10:41:00 AM +0000,01 - NOT AN INTERSECTION,3 - PROPERTY DAMAGE ONLY (PDO),3,08/10/2018 10:47:00 AM +0000,FRI,,1 - NO INJURY / NONE REPORTED,10452928-3CCA-4BF2-9711-8E5104A3926C,1 - DAYLIGHT,185011101,6 - ANGLE,01 - DRY,1 - STRAIGHT LEVEL,"2 - BLACKTOP, BITUMINOUS, ASPHALT",N/A,D - DRIVER,2 - CLOUDY,45202
9XX SUMMIT AV,39.107242,-84.559545,18-25,EAST PRICE HILL,EAST PRICE HILL,08/08/2018 05:12:00 PM +0000,01 - NOT AN INTERSECTION,3 - PROPERTY DAMAGE ONLY (PDO),3,08/08/2018 05:12:00 PM +0000,WED,M - MALE,1 - NO INJURY / NONE REPORTED,A24FE0C9-3040-4F58-B13C-A139FB93A416,1 - DAYLIGHT,185011027,4 - REAR-TO-REAR,01 - DRY,1 - STRAIGHT LEVEL,"2 - BLACKTOP, BITUMINOUS, ASPHALT",EAST PRICE HILL,D - DRIVER,1 - CLEAR,45204
32XX VINE ST,39.136741,-84.508583,18-25,CORRYVILLE,CORRYVILLE,08/23/2018 10:41:00 AM +0000,02 - FOUR-WAY INTERSECTION,2 - INJURY,2,08/23/2018 10:41:00 AM +0000,THU,F - FEMALE,2 - POSSIBLE,DEFB9570-47C8-4708-89D9-C29E8708C408,1 - DAYLIGHT,185011774,6 - ANGLE,01 - DRY,2 - STRAIGHT GRADE,"2 - BLACKTOP, BITUMINOUS, ASPHALT",CORRYVILLE,D - DRIVER,1 - CLEAR,45220
N I71 AT 4-1 MM,39.137546,84.487701,51-60,N/A,N/A,08/10/2018 08:25:00 PM +0000,01 - NOT AN INTERSECTION,3 - PROPERTY DAMAGE ONLY (PDO),3,08/10/2018 08:29:00 PM +0000,FRI,M - MALE,1 - NO INJURY / NONE REPORTED,C4F0FF29-FCF6-48FF-BD77-08D632CCC2E0,3 - DUSK,185011129,1 - NOT COLLISION BETWEEN TWO MOTOR VEHICLES IN TRANSPORT,01 - DRY,1 - STRAIGHT LEVEL,"2 - BLACKTOP, BITUMINOUS, ASPHALT",N/A,D - DRIVER,1 - CLEAR,45206
15XX VINE ST,48.183108,16.357,18-25,N/A,N/A,08/27/2018 01:47:00 PM +0000,03 - T-INTERSECTION,2 - INJURY,2,08/27/2018 01:47:00 PM +0000,MON,M - MALE,2 - POSSIBLE,E68BE339-3AF8-46ED-B2AF-0E9A7BF65269,1 - DAYLIGHT,185011961,1 - NOT COLLISION BETWEEN TWO MOTOR VEHICLES IN TRANSPORT,01 - DRY,2 - STRAIGHT GRADE,"2 - BLACKTOP, BITUMINOUS, ASPHALT",N/A,P - PEDESTRIAN,1 - CLEAR,45202
XX W 70TH ST,39.158385,-84.47459,51-60,PADDOCK HILLS,PADDOCK  HILLS,08/13/2018 09:45:00 PM +0000,01 - NOT AN INTERSECTION,3 - PROPERTY DAMAGE ONLY (PDO),3,08/13/2018 09:45:00 PM +0000,MON,F - FEMALE,1 - NO INJURY / NONE REPORTED,09EA66BB-174B-476B-A937-2A7C7AFA47BE,4 - DARK - LIGHTED ROADWAY,185011272,1 - NOT COLLISION BETWEEN TWO MOTOR VEHICLES IN TRANSPORT,01 - DRY,1 - STRAIGHT LEVEL,1 - CONCRETE,NORTH AVONDALE - PADDOCK HILLS,D - DRIVER,1 - CLEAR,45216
55XX GLENVIEW AV,39.190447,-84.556392,41-50,COLLEGE HILL,COLLEGE  HILL,08/10/2018 06:15:00 PM +0000,01 - NOT AN INTERSECTION,3 - PROPERTY DAMAGE ONLY (PDO),3,08/10/2018 06:17:00 PM +0000,FRI,M - MALE,1 - NO INJURY / NONE REPORTED,E1E2AA13-5622-449A-A05C-C216E4C35B01,1 - DAYLIGHT,185011128,6 - ANGLE,02 - WET,4 - CURVE GRADE,"2 - BLACKTOP, BITUMINOUS, ASPHALT",COLLEGE HILL,D - DRIVER,2 - CLOUDY,45224
62XX CORBLY ST,39.093801,84.385237,41-50,N/A,N/A,08/09/2018 10:00:00 AM +0000,01 - NOT AN INTERSECTION,3 - PROPERTY DAMAGE ONLY (PDO),3,08/09/2018 10:00:00 AM +0000,THU,F - FEMALE,1 - NO INJURY / NONE REPORTED,C673FA06-2FCD-4ADC-9AAC-415812D06932,1 - DAYLIGHT,185011055,"7 - SIDESWIPE, SAME DIRECTION",01 - DRY,1 - STRAIGHT LEVEL,1 - CONCRETE,N/A,D - DRIVER,1 - CLEAR,45230
17XX HARRISON AV,39.127739,84.558067,41-50,N/A,N/A,08/16/2018 08:07:00 AM +0000,01 - NOT AN INTERSECTION,3 - PROPERTY DAMAGE ONLY (PDO),3,08/16/2018 08:08:00 AM +0000,THU,M - MALE,1 - NO INJURY / NONE REPORTED,194B87AE-A6EC-4251-A874-5F41C131FE62,1 - DAYLIGHT,185011400,"7 - SIDESWIPE, SAME DIRECTION",02 - WET,2 - STRAIGHT GRADE,"2 - BLACKTOP, BITUMINOUS, ASPHALT",N/A,D - DRIVER,4 - RAIN,45214
39XX VINE ST,39.159568,-84.505455,18-25,CLIFTON,CLIFTON,08/16/2018 06:50:00 PM +0000,01 - NOT AN INTERSECTION,2 - INJURY,2,08/16/2018 06:54:00 PM +0000,THU,M - MALE,2 - POSSIBLE,37A1FCF1-5FB4-4BD4-972F-3B248A6A958C,1 - DAYLIGHT,185011452,6 - ANGLE,02 - WET,1 - STRAIGHT LEVEL,"2 - BLACKTOP, BITUMINOUS, ASPHALT",CLIFTON,D - DRIVER,4 - RAIN,45217
60XX BRAMBLE AV,39.152209,-84.393107,26-30,MADISONVILLE,MADISONVILLE,08/12/2018 06:38:00 PM +0000,01 - NOT AN INTERSECTION,2 - INJURY,2,08/12/2018 06:38:00 PM +0000,SUN,M - MALE,2 - POSSIBLE,4275F851-D8A3-429C-A887-C8F464C62AFC,1 - DAYLIGHT,185011227,3 - HEAD-ON,01 - DRY,1 - STRAIGHT LEVEL,"2 - BLACKTOP, BITUMINOUS, ASPHALT",MADISONVILLE,D - DRIVER,1 - CLEAR,45227
19XX WESTWOOD NORTHERN BV,39.136773,-84.547691,UNKNOWN,NORTH FAIRMOUNT,NORTH FAIRMOUNT,08/18/2018 06:23:00 PM +0000,01 - NOT AN INTERSECTION,3 - PROPERTY DAMAGE ONLY (PDO),3,08/18/2018 07:45:00 PM +0000,SAT,,1 - NO INJURY / NONE REPORTED,2BD24362-FAF3-45A1-AEA7-2C161D0758DA,1 - DAYLIGHT,185011559,"7 - SIDESWIPE, SAME DIRECTION",01 - DRY,4 - CURVE GRADE,"2 - BLACKTOP, BITUMINOUS, ASPHALT",NORTH FAIRMOUNT,D - DRIVER,1 - CLEAR,45225
S I71 AT 0-6 MM,39.098334,84.517866,18-25,N/A,N/A,08/17/2018 04:45:00 PM +0000,01 - NOT AN INTERSECTION,3 - PROPERTY DAMAGE ONLY (PDO),3,08/17/2018 04:47:00 PM +0000,FRI,F - FEMALE,1 - NO INJURY / NONE REPORTED,6E40290E-FD2C-4483-B883-BDD760D59D4E,1 - DAYLIGHT,185011513,2 - REAR-END,01 - DRY,1 - STRAIGHT LEVEL,"2 - BLACKTOP, BITUMINOUS, ASPHALT",N/A,D - DRIVER,2 - CLOUDY,
62XX PADDOCK RD,39.101811,-84.512461,31-40,DOWNTOWN,C. B. D. / RIVERFRONT,08/13/2018 11:40:00 AM +0000,01 - NOT AN INTERSECTION,2 - INJURY,2,08/13/2018 11:45:00 AM +0000,MON,F - FEMALE,1 - NO INJURY / NONE REPORTED,9A655FC5-3739-40CA-B302-4396B6681E8E,1 - DAYLIGHT,185011244,2 - REAR-END,01 - DRY,2 - STRAIGHT GRADE,"2 - BLACKTOP, BITUMINOUS, ASPHALT",DOWNTOWN,D - DRIVER,1 - CLEAR,45216
57XX COLERAIN AV,39.20142,-84.57868,31-40,MOUNT AIRY,MOUNT AIRY,08/25/2018 04:45:00 PM +0000,01 - NOT AN INTERSECTION,3 - PROPERTY DAMAGE ONLY (PDO),3,08/26/2018 02:04:32 PM +0000,SAT,F - FEMALE,1 - NO INJURY / NONE REPORTED,2008EC78-D9D7-4983-8263-A776B6F7D064,1 - DAYLIGHT,185011918,"7 - SIDESWIPE, SAME DIRECTION",01 - DRY,1 - STRAIGHT LEVEL,"2 - BLACKTOP, BITUMINOUS, ASPHALT",MT. AIRY,D - DRIVER,1 - CLEAR,45239
14XX WINCHELL AV,39.109225,-84.530823,31-40,WEST END,WEST  END,08/09/2018 11:20:00 PM +0000,02 - FOUR-WAY INTERSECTION,3 - PROPERTY DAMAGE ONLY (PDO),3,08/09/2018 11:24:00 PM +0000,THU,M - MALE,1 - NO INJURY / NONE REPORTED,472B67D7-E079-486E-BCD9-0F21CF7EEE75,4 - DARK - LIGHTED ROADWAY,185011084,"8 - SIDESWIPE, OPPOSITE DIRECTION",01 - DRY,1 - STRAIGHT LEVEL,"2 - BLACKTOP, BITUMINOUS, ASPHALT",WEST END,O - OCCUPANT,1 - CLEAR,45214
56XX HAMILTON AV,39.19397,84.5466,31-40,N/A,N/A,08/04/2018 02:05:00 AM +0000,03 - T-INTERSECTION,2 - INJURY,2,08/04/2018 02:10:00 AM +0000,SAT,M - MALE,1 - NO INJURY / NONE REPORTED,F2A594D0-410E-4C8D-8ECB-A8CCAE181F7F,4 - DARK - LIGHTED ROADWAY,185010795,6 - ANGLE,01 - DRY,1 - STRAIGHT LEVEL,"2 - BLACKTOP, BITUMINOUS, ASPHALT",N/A,D - DRIVER,1 - CLEAR,45224
10XX WINFIELD AV,39.110017,-84.583818,UNKNOWN,WEST PRICE HILL,WEST PRICE HILL,08/11/2018 02:40:00 PM +0000,01 - NOT AN INTERSECTION,3 - PROPERTY DAMAGE ONLY (PDO),3,08/11/2018 02:46:00 PM +0000,SAT,,1 - NO INJURY / NONE REPORTED,C518EBC8-0D5B-40DC-A0BF-BEE91A91DA4C,1 - DAYLIGHT,185011179,1 - NOT COLLISION BETWEEN TWO MOTOR VEHICLES IN TRANSPORT,01 - DRY,1 - STRAIGHT LEVEL,"2 - BLACKTOP, BITUMINOUS, ASPHALT",WEST PRICE HILL,D - DRIVER,1 - CLEAR,45205
30XX COLERAIN AV,39.136543,84.536858,UNKNOWN,N/A,N/A,08/02/2018 05:30:00 PM +0000,02 - FOUR-WAY INTERSECTION,3 - PROPERTY DAMAGE ONLY (PDO),3,08/02/2018 06:20:00 PM +0000,THU,,1 - NO INJURY / NONE REPORTED,F2FDCED7-4B20-45B1-B4DF-3F7C0FAE04EC,1 - DAYLIGHT,185010717,2 - REAR-END,01 - DRY,1 - STRAIGHT LEVEL,"2 - BLACKTOP, BITUMINOUS, ASPHALT",N/A,D - DRIVER,1 - CLEAR,45225
65XX DALY RD,39.209816,84.532071,18-25,N/A,N/A,08/24/2018 06:45:00 PM +0000,01 - NOT AN INTERSECTION,3 - PROPERTY DAMAGE ONLY (PDO),3,08/24/2018 06:56:00 PM +0000,FRI,M - MALE,1 - NO INJURY / NONE REPORTED,F15CB991-EDAE-4529-A215-50E8FC669288,1 - DAYLIGHT,185011855,2 - REAR-END,01 - DRY,1 - STRAIGHT LEVEL,"2 - BLACKTOP, BITUMINOUS, ASPHALT",N/A,D - DRIVER,1 - CLEAR,45224
42XX GLENWAY AV,39.199126,84.394798,41-50,N/A,N/A,08/14/2018 05:08:00 AM +0000,03 - T-INTERSECTION,2 - INJURY,2,08/14/2018 05:09:00 AM +0000,TUE,M - MALE,3 - NON-INCAPACITATING,3E22652B-BB1F-4C4D-8D07-156E1F763259,4 - DARK - LIGHTED ROADWAY,185011282,6 - ANGLE,01 - DRY,1 - STRAIGHT LEVEL,1 - CONCRETE,N/A,D - DRIVER,1 - CLEAR,45205
9XX ROSEMONT AV,39.108919,84.583798,41-50,N/A,N/A,08/06/2018 09:14:00 PM +0000,01 - NOT AN INTERSECTION,3 - PROPERTY DAMAGE ONLY (PDO),3,08/06/2018 09:14:00 PM +0000,MON,M - MALE,1 - NO INJURY / NONE REPORTED,F03A9BFD-EF25-4B2A-B0EB-96A344795710,4 - DARK - LIGHTED ROADWAY,185010912,"8 - SIDESWIPE, OPPOSITE DIRECTION",01 - DRY,1 - STRAIGHT LEVEL,"2 - BLACKTOP, BITUMINOUS, ASPHALT",N/A,D - DRIVER,1 - CLEAR,45205
38XX GLENWAY AV,39.114464,-84.576334,61-70,WEST PRICE HILL,WEST PRICE HILL,08/12/2018 06:05:00 PM +0000,02 - FOUR-WAY INTERSECTION,2 - INJURY,2,08/12/2018 06:06:00 PM +0000,SUN,M - MALE,3 - NON-INCAPACITATING,25760BDA-B924-4270-BD65-1EA5C358690D,1 - DAYLIGHT,185011222,6 - ANGLE,01 - DRY,1 - STRAIGHT LEVEL,"2 - BLACKTOP, BITUMINOUS, ASPHALT",EAST PRICE HILL,D - DRIVER,1 - CLEAR,45205
23XX FERGUSON RD,39.126943,84.597606,61-70,N/A,N/A,08/05/2018 02:30:00 PM +0000,01 - NOT AN INTERSECTION,3 - PROPERTY DAMAGE ONLY (PDO),3,08/05/2018 02:35:00 PM +0000,SUN,M - MALE,1 - NO INJURY / NONE REPORTED,448F7449-8D98-45AA-B53F-027E686E517E,1 - DAYLIGHT,185010853,6 - ANGLE,01 - DRY,1 - STRAIGHT LEVEL,"2 - BLACKTOP, BITUMINOUS, ASPHALT",N/A,D - DRIVER,1 - CLEAR,45238
S I71 AT 1-4 MM,39.103521,-84.503481,41-50,DOWNTOWN,C. B. D. / RIVERFRONT,08/04/2018 07:56:00 AM +0000,01 - NOT AN INTERSECTION,3 - PROPERTY DAMAGE ONLY (PDO),3,08/04/2018 07:57:00 AM +0000,SAT,M - MALE,1 - NO INJURY / NONE REPORTED,40FB0D42-5250-42EB-93B8-9E0F4503C662,1 - DAYLIGHT,185010806,"7 - SIDESWIPE, SAME DIRECTION",01 - DRY,4 - CURVE GRADE,"2 - BLACKTOP, BITUMINOUS, ASPHALT",DOWNTOWN,D - DRIVER,1 - CLEAR,45202
N I75 AT 3-7 MM,39.224324,84.517067,41-50,N/A,N/A,08/10/2018 06:25:00 PM +0000,01 - NOT AN INTERSECTION,3 - PROPERTY DAMAGE ONLY (PDO),3,08/10/2018 06:25:00 PM +0000,FRI,M - MALE,1 - NO INJURY / NONE REPORTED,22F2A5EC-06DE-42D9-9B40-ABC20B5BE904,1 - DAYLIGHT,185011122,"7 - SIDESWIPE, SAME DIRECTION",01 - DRY,1 - STRAIGHT LEVEL,"2 - BLACKTOP, BITUMINOUS, ASPHALT",N/A,D - DRIVER,2 - CLOUDY,45223
E I74 AT 19-0 MM,39.152091,84.541492,31-40,N/A,N/A,08/15/2018 08:45:00 AM +0000,01 - NOT AN INTERSECTION,3 - PROPERTY DAMAGE ONLY (PDO),3,08/15/2018 08:47:00 AM +0000,WED,M - MALE,1 - NO INJURY / NONE REPORTED,86CFE51C-CB83-4E2D-94F8-0372D18B3531,1 - DAYLIGHT,185011348,2 - REAR-END,01 - DRY,1 - STRAIGHT LEVEL,1 - CONCRETE,N/A,D - DRIVER,2 - CLOUDY,45223
16XX W NORTH BEND,39.203571,-84.547541,61-70,COLLEGE HILL,COLLEGE  HILL,08/02/2018 06:40:00 PM +0000,01 - NOT AN INTERSECTION,3 - PROPERTY DAMAGE ONLY (PDO),3,08/02/2018 06:40:00 PM +0000,THU,M - MALE,1 - NO INJURY / NONE REPORTED,9BC827BB-09ED-4B36-8F18-4DB3A9E5E872,1 - DAYLIGHT,185010719,2 - REAR-END,01 - DRY,1 - STRAIGHT LEVEL,"2 - BLACKTOP, BITUMINOUS, ASPHALT",COLLEGE HILL,D - DRIVER,1 - CLEAR,45224
19XX WESTWOOD NORTHERN BV,39.135943,-84.547381,41-50,NORTH FAIRMOUNT,NORTH FAIRMOUNT,08/18/2018 06:23:00 PM +0000,01 - NOT AN INTERSECTION,3 - PROPERTY DAMAGE ONLY (PDO),3,08/18/2018 07:45:00 PM +0000,SAT,F - FEMALE,1 - NO INJURY / NONE REPORTED,2BD24362-FAF3-45A1-AEA7-2C161D0758DA,1 - DAYLIGHT,185011559,"7 - SIDESWIPE, SAME DIRECTION",01 - DRY,4 - CURVE GRADE,"2 - BLACKTOP, BITUMINOUS, ASPHALT",NORTH FAIRMOUNT,D - DRIVER,1 - CLEAR,45225
50XX GLENCROSSING WY,39.13135,84.615931,31-40,N/A,N/A,08/25/2018 06:10:00 PM +0000,01 - NOT AN INTERSECTION,3 - PROPERTY DAMAGE ONLY (PDO),3,08/25/2018 06:11:00 PM +0000,SAT,M - MALE,1 - NO INJURY / NONE REPORTED,F8B23023-B86C-465F-A2E2-5F86E97B8D6A,1 - DAYLIGHT,185011891,6 - ANGLE,01 - DRY,1 - STRAIGHT LEVEL,1 - CONCRETE,N/A,D - DRIVER,2 - CLOUDY,45238
53XX GLENWAY AV,39.126363,84.606806,61-70,N/A,N/A,08/02/2018 08:00:00 AM +0000,01 - NOT AN INTERSECTION,3 - PROPERTY DAMAGE ONLY (PDO),3,08/02/2018 11:30:00 AM +0000,THU,F - FEMALE,1 - NO INJURY / NONE REPORTED,ABA91DD8-0AA6-425E-A08C-E12C47DDC339,1 - DAYLIGHT,185010695,6 - ANGLE,01 - DRY,1 - STRAIGHT LEVEL,1 - CONCRETE,N/A,D - DRIVER,1 - CLEAR,45238
19XX WESTWOOD AV,39.126936,-84.565188,18-25,SOUTH FAIRMOUNT,SOUTH  FAIRMOUNT,08/15/2018 03:30:00 PM +0000,03 - T-INTERSECTION,2 - INJURY,2,08/15/2018 03:32:00 PM +0000,WED,F - FEMALE,3 - NON-INCAPACITATING,1ADB90B1-4FDD-4CE2-B54F-9C3902FF0875,1 - DAYLIGHT,185011353,5 - BACKING,02 - WET,2 - STRAIGHT GRADE,1 - CONCRETE,SOUTH FAIRMOUNT,D - DRIVER,4 - RAIN,45214
S I71 AT 1-3 MM,39.098544,84.507402,18-25,N/A,N/A,08/17/2018 05:52:00 AM +0000,01 - NOT AN INTERSECTION,3 - PROPERTY DAMAGE ONLY (PDO),3,08/17/2018 05:52:00 AM +0000,FRI,M - MALE,1 - NO INJURY / NONE REPORTED,B49C365F-19B7-4120-ADC9-3055558D553C,4 - DARK - LIGHTED ROADWAY,185011471,2 - REAR-END,02 - WET,3 - CURVE LEVEL,1 - CONCRETE,N/A,D - DRIVER,2 - CLOUDY,45214
47XX SPRING GROVE AV,39.165701,84.514806,31-40,N/A,N/A,08/20/2018 03:19:00 PM +0000,02 - FOUR-WAY INTERSECTION,2 - INJURY,2,08/20/2018 03:22:00 PM +0000,MON,F - FEMALE,3 - NON-INCAPACITATING,1612FADA-F30A-4A01-B9EA-4E530315848B,1 - DAYLIGHT,185011635,3 - HEAD-ON,02 - WET,1 - STRAIGHT LEVEL,"2 - BLACKTOP, BITUMINOUS, ASPHALT",N/A,D - DRIVER,4 - RAIN,45232
N I71 AT 3-7 MM,39.133005,-84.494494,51-60,WALNUT HILLS,WALNUT HILLS,08/17/2018 09:18:00 PM +0000,01 - NOT AN INTERSECTION,3 - PROPERTY DAMAGE ONLY (PDO),3,08/17/2018 09:18:00 PM +0000,FRI,F - FEMALE,1 - NO INJURY / NONE REPORTED,45385A2C-E055-4B76-B8EF-21D919F693A6,4 - DARK - LIGHTED ROADWAY,185011525,1 - NOT COLLISION BETWEEN TWO MOTOR VEHICLES IN TRANSPORT,02 - WET,3 - CURVE LEVEL,"2 - BLACKTOP, BITUMINOUS, ASPHALT",WALNUT HILLS,O - OCCUPANT,1 - CLEAR,45202