ADDRESS_X,LATITUDE_X,LONGITUDE_X,AGE,COMMUNITY_COUNCIL_NEIGHBORHOOD,CPD_NEIGHBORHOOD,CRASHDATE,CRASHLOCATION,CRASHSEVERITY,CRASHSEVERITYID,DATECRASHREPORTED,DAYOFWEEK,GENDER,INJURIES,INSTANCEID,LIGHTCONDITIONSPRIMARY,LOCALREPORTNO,MANNEROFCRASH,ROADCONDITIONSPRIMARY,ROADCONTOUR,ROADSURFACE,SNA_NEIGHBORHOOD,TYPEOFPERSON,WEATHER,ZIP
83XX VINE ST,39.212781,84.473961,26-30,N/A,N/A,08/22/2018 03:30:00 PM +0000,02 - FOUR-WAY INTERSECTION,3 - PROPERTY DAMAGE ONLY (PDO),3,08/22/2018 03:30:00 PM +0000,WED,F - FEMALE,1 - NO INJURY / NONE REPORTED,3859CD4A-E3A9-4CC3-84A0-F7E409DEB712,1 - DAYLIGHT,185011752,1 - NOT COLLISION BETWEEN TWO MOTOR VEHICLES IN TRANSPORT,01 - DRY,1 - STRAIGHT LEVEL,"2 - BLACKTOP, BITUMINOUS, ASPHALT",N/A,D - DRIVER,1 - CLEAR,45216
6XX VINE ST,39.103271,84.513338,18-25,N/A,N/A,08/25/2018 08:25:00 PM +0000,01 - NOT AN INTERSECTION,3 - PROPERTY DAMAGE ONLY (PDO),3,08/25/2018 08:27:00 PM +0000,SAT,M - MALE,1 - NO INJURY / NONE REPORTED,82E7801D-C5B8-4250-B49A-4E2D2F4B2EC4,4 - DARK - LIGHTED ROADWAY,185011900,6 - ANGLE,02 - WET,1 - STRAIGHT LEVEL,1 - CONCRETE,N/A,D - DRIVER,4 - RAIN,45202
39XX W LIBERTY ST,39.117602,-84.577288,UNKNOWN,WEST PRICE HILL,WEST PRICE HILL,08/10/2018 10:38:00 PM +0000,02 - FOUR-WAY INTERSECTION,2 - INJURY,2,08/10/2018 10:42:00 PM +0000,FRI,,1 - NO INJURY / NONE REPORTED,52C0ECE6-D184-40F4-8168-2A96134C64C9,5 - DARK – ROADWAY NOT LIGHTED,185011134,6 - ANGLE,01 - DRY,2 - STRAIGHT GRADE,"2 - BLACKTOP, BITUMINOUS, ASPHALT",WEST PRICE HILL,D - DRIVER,1 - CLEAR,45205
7XX W KING DR,39.140206,84.530723,OVER 70,N/A,N/A,08/15/2018 09:24:00 AM +0000,03 - T-INTERSECTION,3 - PROPERTY DAMAGE ONLY (PDO),3,08/15/2018 09:24:00 AM +0000,WED,M - MALE,1 - NO INJURY / NONE REPORTED,3025EF37-4335-48ED-9177-959AECAD9671,1 - DAYLIGHT,185011333,6 - ANGLE,01 - DRY,2 - STRAIGHT GRADE,"2 - BLACKTOP, BITUMINOUS, ASPHALT",N/A,D - DRIVER,2 - CLOUDY,45220
1XX KING DR,39.135711,-84.512944,18-25,CORRYVILLE,CLIFTON,08/28/2018 03:33:00 PM +0000,02 - FOUR-WAY INTERSECTION,2 - INJURY,2,08/28/2018 03:33:00 PM +0000,TUE,F - FEMALE,1 - NO INJURY / NONE REPORTED,7CA35DD6-E08C-4E0F-B926-9CFA62D6FCB0,1 - DAYLIGHT,185012011,6 - ANGLE,01 - DRY,2 - STRAIGHT GRADE,"2 - BLACKTOP, BITUMINOUS, ASPHALT",CUF,D - DRIVER,1 - CLEAR,45221
38XX GLENWAY AV,39.113825,84.577102,31-40,N/A,N/A,08/12/2018 08:40:00 PM +0000,"06 - FIVE-POINT, OR MORE",3 - PROPERTY DAMAGE ONLY (PDO),3,08/12/2018 08:42:00 PM +0000,SUN,F - FEMALE,1 - NO INJURY / NONE REPORTED,541CD85A-CA6C-4214-9B69-6150B5A63B1D,4 - DARK - LIGHTED ROADWAY,185011229,"7 - SIDESWIPE, SAME DIRECTION",01 - DRY,1 - STRAIGHT LEVEL,"2 - BLACKTOP, BITUMINOUS, ASPHALT",N/A,D - DRIVER,1 - CLEAR,45205
59XX RIDGE AV,39.180285,84.4281,26-30,N/A,N/A,08/27/2018 04:49:00 PM +0000,01 - NOT AN INTERSECTION,3 - PROPERTY DAMAGE ONLY (PDO),3,08/27/2018 05:00:00 PM +0000,MON,M - MALE,1 - NO INJURY / NONE REPORTED,C1F2AA8A-6DAB-47DD-85F0-47A7AF6403B6,1 - DAYLIGHT,185011967,2 - REAR-END,01 - DRY,1 - STRAIGHT LEVEL,1 - CONCRETE,N/A,D - DRIVER,1 - CLEAR,45213
18XX DANA AV,39.142645,84.468666,51-60,N/A,N/A,08/05/2018 12:40:00 AM +0000,02 - FOUR-WAY INTERSECTION,3 - PROPERTY DAMAGE ONLY (PDO),3,08/05/2018 12:45:00 AM +0000,SUN,M - MALE,1 - NO INJURY / NONE REPORTED,52176B4E-E3ED-4987-AE67-34E48006AF6D,4 - DARK - LIGHTED ROADWAY,185010844,6 - ANGLE,01 - DRY,1 - STRAIGHT LEVEL,1 - CONCRETE,N/A,D - DRIVER,1 - CLEAR,45207
2XX FAIRBANKS AV,39.091384,84.575386,18-25,N/A,N/A,08/11/2018 04:36:00 PM +0000,01 - NOT AN INTERSECTION,3 - PROPERTY DAMAGE ONLY (PDO),3,08/11/2018 04:37:00 PM +0000,SAT,M - MALE,1 - NO INJURY / NONE REPORTED,502FE0C0-9805-4196-9128-DEAF06C18002,1 - DAYLIGHT,185011190,6 - ANGLE,02 - WET,4 - CURVE GRADE,1 - CONCRETE,N/A,D - DRIVER,4 - RAIN,45204
50XX WHETSEL AV,39.160888,84.392489,18-25,N/A,N/A,08/06/2018 03:05:00 PM +0000,02 - FOUR-WAY INTERSECTION,2 - INJURY,2,08/06/2018 03:05:00 PM +0000,MON,F - FEMALE,2 - POSSIBLE,BFDB2846-8DEF-46E0-A77A-96AB6B3F78AD,1 - DAYLIGHT,185010883,6 - ANGLE,02 - WET,1 - STRAIGHT LEVEL,"2 - BLACKTOP, BITUMINOUS, ASPHALT",N/A,O - OCCUPANT,4 - RAIN,45227
50XX WHETSEL AV,39.159848,84.393959,18-25,N/A,N/A,08/06/2018 03:05:00 PM +0000,02 - FOUR-WAY INTERSECTION,2 - INJURY,2,08/06/2018 03:05:00 PM +0000,MON,M - MALE,1 - NO INJURY / NONE REPORTED,BFDB2846-8DEF-46E0-A77A-96AB6B3F78AD,1 - DAYLIGHT,185010883,6 - ANGLE,02 - WET,1 - STRAIGHT LEVEL,"2 - BLACKTOP, BITUMINOUS, ASPHALT",N/A,D - DRIVER,4 - RAIN,45227
15XX W NORTH BEND RD,39.203931,-84.545367,26-30,COLLEGE HILL,COLLEGE  HILL,08/15/2018 12:47:52 PM +0000,01 - NOT AN INTERSECTION,3 - PROPERTY DAMAGE ONLY (PDO),3,08/15/2018 12:47:58 PM +0000,WED,F - FEMALE,1 - NO INJURY / NONE REPORTED,9A502238-C8A4-4E8E-B772-22C77A5454C1,9 - UNKNOWN,185011340,"7 - SIDESWIPE, SAME DIRECTION",01 - DRY,1 - STRAIGHT LEVEL,"2 - BLACKTOP, BITUMINOUS, ASPHALT",COLLEGE HILL,D - DRIVER,2 - CLOUDY,45224
60XX SUNRIDGE DR,39.198583,-84.529278,61-70,COLLEGE HILL,COLLEGE  HILL,08/04/2018 05:00:00 PM +0000,01 - NOT AN INTERSECTION,3 - PROPERTY DAMAGE ONLY (PDO),3,08/05/2018 07:00:00 PM +0000,SAT,M - MALE,1 - NO INJURY / NONE REPORTED,8E55FA40-9EC9-4139-B0F9-678D7FD25920,1 - DAYLIGHT,185010860,5 - BACKING,01 - DRY,1 - STRAIGHT LEVEL,"2 - BLACKTOP, BITUMINOUS, ASPHALT",COLLEGE HILL,O - OCCUPANT,1 - CLEAR,45224
0.X SB I75,39.098533,-84.521974,61-70,DOWNTOWN,QUEENSGATE,08/20/2018 10:58:00 PM +0000,01 - NOT AN INTERSECTION,3 - PROPERTY DAMAGE ONLY (PDO),3,08/20/2018 11:10:00 PM +0000,MON,M - MALE,1 - NO INJURY / NONE REPORTED,D2A548AD-736C-4CFC-A8B1-659BA6B87236,4 - DARK - LIGHTED ROADWAY,185011664,6 - ANGLE,02 - WET,1 - STRAIGHT LEVEL,1 - CONCRETE,DOWNTOWN,D - DRIVER,4 - RAIN,45202
42XX VICTORY PY,39.159426,84.473347,OVER 70,N/A,N/A,08/26/2018 11:05:00 AM +0000,01 - NOT AN INTERSECTION,3 - PROPERTY DAMAGE ONLY (PDO),3,08/26/2018 11:07:00 AM +0000,SUN,M - MALE,1 - NO INJURY / NONE REPORTED,41634E6E-CF7D-4563-816F-B9DC79951730,1 - DAYLIGHT,185011917,"7 - SIDESWIPE, SAME DIRECTION",01 - DRY,1 - STRAIGHT LEVEL,"2 - BLACKTOP, BITUMINOUS, ASPHALT",N/A,D - DRIVER,1 - CLEAR,45229
43XX READING RD,39.162274,-84.474621,31-40,PADDOCK HILLS,PADDOCK  HILLS,08/15/2018 04:00:00 PM +0000,01 - NOT AN INTERSECTION,3 - PROPERTY DAMAGE ONLY (PDO),3,08/15/2018 04:04:00 PM +0000,WED,F - FEMALE,1 - NO INJURY / NONE REPORTED,559C2E48-B059-4694-9131-32B429A75285,1 - DAYLIGHT,185011378,2 - REAR-END,02 - WET,2 - STRAIGHT GRADE,1 - CONCRETE,NORTH AVONDALE - PADDOCK HILLS,D - DRIVER,4 - RAIN,45229
24XX VINE ST,39.216931,-84.473181,51-60,N/A,N/A,08/19/2018 03:30:00 PM +0000,01 - NOT AN INTERSECTION,3 - PROPERTY DAMAGE ONLY (PDO),3,08/19/2018 03:58:00 PM +0000,SUN,M - MALE,1 - NO INJURY / NONE REPORTED,0D3F1705-D241-4CA4-A2C5-BA12BBDD1B8A,1 - DAYLIGHT,185011589,"7 - SIDESWIPE, SAME DIRECTION",01 - DRY,2 - STRAIGHT GRADE,"2 - BLACKTOP, BITUMINOUS, ASPHALT",N/A,D - DRIVER,1 - CLEAR,45219
14XX WINCHELL AV,39.109705,-84.531593,18-25,WEST END,WEST  END,08/04/2018 09:30:00 PM +0000,02 - FOUR-WAY INTERSECTION,3 - PROPERTY DAMAGE ONLY (PDO),3,08/04/2018 09:33:00 PM +0000,SAT,M - MALE,1 - NO INJURY / NONE REPORTED,F2F9DDBD-8BB4-4503-A9A9-70DDFC430B79,4 - DARK - LIGHTED ROADWAY,185010839,6 - ANGLE,01 - DRY,1 - STRAIGHT LEVEL,1 - CONCRETE,WEST END,D - DRIVER,1 - CLEAR,45214
17XX WESTWOOD AV,39.124308,84.555395,18-25,N/A,N/A,08/22/2018 07:00:00 AM +0000,01 - NOT AN INTERSECTION,2 - INJURY,2,08/22/2018 07:05:00 AM +0000,WED,M - MALE,1 - NO INJURY / NONE REPORTED,5C741ADB-D778-4E88-A75E-66E7E75E35D6,1 - DAYLIGHT,185011713,"7 - SIDESWIPE, SAME DIRECTION",01 - DRY,1 - STRAIGHT LEVEL,"2 - BLACKTOP, BITUMINOUS, ASPHALT",N/A,D - DRIVER,1 - CLEAR,45214
17XX MAIN ST,39.114983,84.512831,UNDER 18,N/A,N/A,08/17/2018 09:06:00 AM +0000,04 - Y-INTERSECTION,3 - PROPERTY DAMAGE ONLY (PDO),3,08/17/2018 10:07:39 AM +0000,FRI,M - MALE,1 - NO INJURY / NONE REPORTED,4A5CFA01-3BA2-4CFD-BC4B-27985B35B7D7,1 - DAYLIGHT,185011477,1 - NOT COLLISION BETWEEN TWO MOTOR VEHICLES IN TRANSPORT,01 - DRY,4 - CURVE GRADE,"2 - BLACKTOP, BITUMINOUS, ASPHALT",N/A,O - OCCUPANT,2 - CLOUDY,45202
36XX WARSAW AV,39.108597,-84.571821,18-25,EAST PRICE HILL,EAST PRICE HILL,08/15/2018 01:20:00 PM +0000,02 - FOUR-WAY INTERSECTION,3 - PROPERTY DAMAGE ONLY (PDO),3,08/15/2018 01:25:00 PM +0000,WED,F - FEMALE,1 - NO INJURY / NONE REPORTED,A35E4F50-D321-4DF8-9612-BC58D78A1E39,1 - DAYLIGHT,185011366,2 - REAR-END,01 - DRY,1 - STRAIGHT LEVEL,"2 - BLACKTOP, BITUMINOUS, ASPHALT",EAST PRICE HILL,D - DRIVER,1 - CLEAR,45205
18XX ELMORE,39.156047,-84.548374,18-25,SOUTH CUMMINSVILLE,S.. CUMMINSVILLE,08/27/2018 12:30:00 PM +0000,01 - NOT AN INTERSECTION,3 - PROPERTY DAMAGE ONLY (PDO),3,08/27/2018 12:32:00 PM +0000,MON,M - MALE,1 - NO INJURY / NONE REPORTED,EC60387D-329D-430C-A7DA-FDB7DD6E712C,1 - DAYLIGHT,185011952,6 - ANGLE,01 - DRY,1 - STRAIGHT LEVEL,"2 - BLACKTOP, BITUMINOUS, ASPHALT",SOUTH CUMMINSVILLE,D - DRIVER,1 - CLEAR,45223
73XX PADDOCK RD,39.195288,-84.475626,31-40,CARTHAGE,CARTHAGE,08/23/2018 09:05:00 AM +0000,01 - NOT AN INTERSECTION,3 - PROPERTY DAMAGE ONLY (PDO),3,08/23/2018 09:08:00 AM +0000,THU,M - MALE,1 - NO INJURY / NONE REPORTED,A10DA8AE-31B4-4E61-AACC-7FAAB91729C4,1 - DAYLIGHT,185011765,"7 - SIDESWIPE, SAME DIRECTION",01 - DRY,1 - STRAIGHT LEVEL,"2 - BLACKTOP, BITUMINOUS, ASPHALT",CARTHAGE,D - DRIVER,1 - CLEAR,45216
N I75 AT 3-6 MM,39.147571,-84.539381,26-30,CAMP WASHINGTON,CAMP  WASHINGTON,08/21/2018 04:33:00 PM +0000,01 - NOT AN INTERSECTION,2 - INJURY,2,08/21/2018 04:34:00 PM +0000,TUE,F - FEMALE,2 - POSSIBLE,C342DAFD-39B0-43F5-AE62-20807A8D1CC9,1 - DAYLIGHT,185011690,2 - REAR-END,01 - DRY,1 - STRAIGHT LEVEL,1 - CONCRETE,CAMP WASHINGTON,D - DRIVER,1 - CLEAR,45211
29XX VERNON PL,39.134345,-84.500419,18-25,AVONDALE,AVONDALE,08/28/2018 09:10:00 AM +0000,01 - NOT AN INTERSECTION,3 - PROPERTY DAMAGE ONLY (PDO),3,08/28/2018 09:30:00 AM +0000,TUE,M - MALE,1 - NO INJURY / NONE REPORTED,197268C5-4221-4CFE-862D-99A41523C2C0,1 - DAYLIGHT,185011997,5 - BACKING,01 - DRY,1 - STRAIGHT LEVEL,"2 - BLACKTOP, BITUMINOUS, ASPHALT",AVONDALE,D - DRIVER,1 - CLEAR,45219
3XX ELM ST,39.098269,84.516272,51-60,N/A,N/A,08/11/2018 09:21:00 AM +0000,02 - FOUR-WAY INTERSECTION,3 - PROPERTY DAMAGE ONLY (PDO),3,08/11/2018 09:21:00 AM +0000,SAT,M - MALE,1 - NO INJURY / NONE REPORTED,FA5DA674-DAC9-415F-A011-A7277C087BF6,1 - DAYLIGHT,185011159,"7 - SIDESWIPE, SAME DIRECTION",01 - DRY,4 - CURVE GRADE,"2 - BLACKTOP, BITUMINOUS, ASPHALT",N/A,D - DRIVER,1 - CLEAR,45202
7XX ELBERON AV,39.105403,84.565821,18-25,N/A,N/A,08/11/2018 12:21:00 PM +0000,01 - NOT AN INTERSECTION,3 - PROPERTY DAMAGE ONLY (PDO),3,08/11/2018 12:22:00 PM +0000,SAT,F - FEMALE,1 - NO INJURY / NONE REPORTED,9239C197-A08C-4C94-AA74-656839B572FB,1 - DAYLIGHT,185011188,2 - REAR-END,01 - DRY,1 - STRAIGHT LEVEL,1 - CONCRETE,N/A,D - DRIVER,1 - CLEAR,45205
35XX COLUMBIA PY,39.13523,84.40412,26-30,N/A,N/A,08/25/2018 10:45:00 AM +0000,10 - DRIVEWAY/ALLEY ACCESS,3 - PROPERTY DAMAGE ONLY (PDO),3,08/25/2018 10:45:00 AM +0000,SAT,M - MALE,1 - NO INJURY / NONE REPORTED,217D1333-5800-4AAF-89FD-B0E4C1E045AF,1 - DAYLIGHT,185011869,5 - BACKING,01 - DRY,2 - STRAIGHT GRADE,"2 - BLACKTOP, BITUMINOUS, ASPHALT",N/A,D - DRIVER,2 - CLOUDY,45226
20XX HARRISON AV,39.133741,84.567382,UNDER 18,N/A,N/A,08/15/2018 07:20:00 AM +0000,01 - NOT AN INTERSECTION,2 - INJURY,2,08/15/2018 07:21:00 AM +0000,WED,F - FEMALE,1 - NO INJURY / NONE REPORTED,D8582431-8C17-447C-B6B0-51B7DF49D16A,1 - DAYLIGHT,185011339,2 - REAR-END,01 - DRY,1 - STRAIGHT LEVEL,"2 - BLACKTOP, BITUMINOUS, ASPHALT",N/A,O - OCCUPANT,1 - CLEAR,45214
73XX PADDOCK RD,39.193783,-84.475075,61-70,ROSELAWN,ROSELAWN,08/22/2018 08:38:00 AM +0000,01 - NOT AN INTERSECTION,2 - INJURY,2,08/22/2018 08:41:00 AM +0000,WED,M - MALE,1 - NO INJURY / NONE REPORTED,9D283018-204B-4795-8931-1302629034C1,1 - DAYLIGHT,185011730,2 - REAR-END,01 - DRY,1 - STRAIGHT LEVEL,"2 - BLACKTOP, BITUMINOUS, ASPHALT",ROSELAWN,D - DRIVER,1 - CLEAR,45216
N I75 AT 4-3 MM,39.148511,-84.539241,41-50,CAMP WASHINGTON,CAMP  WASHINGTON,08/07/2018 04:00:00 AM +0000,01 - NOT AN INTERSECTION,2 - INJURY,2,08/07/2018 04:10:00 AM +0000,TUE,M - MALE,3 - NON-INCAPACITATING,90CFA3C5-D123-4697-810A-CDABD05B6259,4 - DARK - LIGHTED ROADWAY,185010920,1 - NOT COLLISION BETWEEN TWO MOTOR VEHICLES IN TRANSPORT,02 - WET,3 - CURVE LEVEL,"2 - BLACKTOP, BITUMINOUS, ASPHALT",CAMP WASHINGTON,D - DRIVER,4 - RAIN,45223
XX E HOLLISTER ST,39.126181,-84.508929,18-25,MOUNT AUBURN,MOUNT  AUBURN,08/20/2018 11:15:00 PM +0000,01 - NOT AN INTERSECTION,3 - PROPERTY DAMAGE ONLY (PDO),3,08/20/2018 11:15:00 PM +0000,MON,M - MALE,1 - NO INJURY / NONE REPORTED,1F91FB98-CA11-42AD-B250-54C002CD022F,4 - DARK - LIGHTED ROADWAY,185011663,5 - BACKING,02 - WET,2 - STRAIGHT GRADE,"2 - BLACKTOP, BITUMINOUS, ASPHALT",MT. AUBURN,O - OCCUPANT,2 - CLOUDY,45219
54XX RED BANK EX,39.161367,84.403996,OVER 70,N/A,N/A,08/05/2018 09:30:00 AM +0000,01 - NOT AN INTERSECTION,3 - PROPERTY DAMAGE ONLY (PDO),3,08/05/2018 09:31:00 AM +0000,SUN,M - MALE,1 - NO INJURY / NONE REPORTED,2CB0FE20-E1A0-4D91-92C8-99C9F93C1BC4,1 - DAYLIGHT,185010849,2 - REAR-END,01 - DRY,1 - STRAIGHT LEVEL,"2 - BLACKTOP, BITUMINOUS, ASPHALT",N/A,D - DRIVER,1 - CLEAR,45227
6XX WILLIAM HOWARD TAFT,39.127445,-84.497731,18-25,AVONDALE,AVONDALE,08/27/2018 01:30:00 PM +0000,01 - NOT AN INTERSECTION,3 - PROPERTY DAMAGE ONLY (PDO),3,08/27/2018 01:34:00 PM +0000,MON,M - MALE,1 - NO INJURY / NONE REPORTED,56591739-4AD9-4305-9EF5-66FF3EF97995,1 - DAYLIGHT,185011957,2 - REAR-END,01 - DRY,2 - STRAIGHT GRADE,"2 - BLACKTOP, BITUMINOUS, ASPHALT",AVONDALE,D - DRIVER,1 - CLEAR,45206
26XX EDEN AV,39.129164,84.507191,18-25,N/A,N/A,08/15/2018 07:06:00 PM +0000,03 - T-INTERSECTION,3 - PROPERTY DAMAGE ONLY (PDO),3,08/15/2018 07:06:00 PM +0000,WED,F - FEMALE,1 - NO INJURY / NONE REPORTED,FE288665-4467-46D5-9F97-6FDEC2550D39,1 - DAYLIGHT,185011377,6 - ANGLE,02 - WET,2 - STRAIGHT GRADE,"2 - BLACKTOP, BITUMINOUS, ASPHALT",N/A,D - DRIVER,2 - CLOUDY,45219
23XX STRATFORD AV,39.125204,-84.523452,51-60,CUF,FAIRVIEW,08/04/2018 03:20:00 PM +0000,01 - NOT AN INTERSECTION,3 - PROPERTY DAMAGE ONLY (PDO),3,08/04/2018 03:26:00 PM +0000,SAT,M - MALE,1 - NO INJURY / NONE REPORTED,22A88798-3B23-458F-9E21-01E59501DF05,1 - DAYLIGHT,185010818,6 - ANGLE,01 - DRY,1 - STRAIGHT LEVEL,"2 - BLACKTOP, BITUMINOUS, ASPHALT",CUF,D - DRIVER,1 - CLEAR,45219
19XX W NORTH BEND RD,39.203718,-84.558646,18-25,COLLEGE HILL,COLLEGE  HILL,08/22/2018 11:36:00 PM +0000,01 - NOT AN INTERSECTION,3 - PROPERTY DAMAGE ONLY (PDO),3,08/22/2018 11:36:00 PM +0000,WED,M - MALE,1 - NO INJURY / NONE REPORTED,689F69F9-90BC-4B6A-B9D2-497DE9C93C94,4 - DARK - LIGHTED ROADWAY,185011760,6 - ANGLE,01 - DRY,2 - STRAIGHT GRADE,"2 - BLACKTOP, BITUMINOUS, ASPHALT",COLLEGE HILL,D - DRIVER,1 - CLEAR,45224
13XX WESTERN AVE,39.122589,84.532761,18-25,N/A,N/A,08/25/2018 02:50:10 PM +0000,03 - T-INTERSECTION,3 - PROPERTY DAMAGE ONLY (PDO),3,08/25/2018 02:55:19 PM +0000,SAT,M - MALE,1 - NO INJURY / NONE REPORTED,D6E424C1-C407-4D96-B0A2-A65B9149E0F4,1 - DAYLIGHT,185011881,"7 - SIDESWIPE, SAME DIRECTION",02 - WET,1 - STRAIGHT LEVEL,1 - CONCRETE,N/A,D - DRIVER,1 - CLEAR,45203
54XX COLERAIN AV,39.190798,84.570126,41-50,N/A,N/A,08/10/2018 11:40:00 AM +0000,02 - FOUR-WAY INTERSECTION,3 - PROPERTY DAMAGE ONLY (PDO),3,08/10/2018 11:40:00 AM +0000,FRI,F - FEMALE,1 - NO INJURY / NONE REPORTED,B6276F54-1665-47E0-9B00-76937928D816,1 - DAYLIGHT,185011099,2 - REAR-END,01 - DRY,1 - STRAIGHT LEVEL,"2 - BLACKTOP, BITUMINOUS, ASPHALT",N/A,D - DRIVER,1 - CLEAR,45223
6XX WALNUT ST,39.103582,-84.511053,26-30,DOWNTOWN,C. B. D. / RIVERFRONT,08/24/2018 01:15:00 PM +0000,02 - FOUR-WAY INTERSECTION,3 - PROPERTY DAMAGE ONLY (PDO),3,08/25/2018 09:00:32 AM +0000,FRI,M - MALE,1 - NO INJURY / NONE REPORTED,BA6BBE59-7EC4-49A1-A86A-EEEDB60D6503,1 - DAYLIGHT,185011866,2 - REAR-END,01 - DRY,1 - STRAIGHT LEVEL,"2 - BLACKTOP, BITUMINOUS, ASPHALT",DOWNTOWN,O - OCCUPANT,1 - CLEAR,45202
28XX HARRISON AV,39.137262,-84.578244,31-40,SOUTH FAIRMOUNT - WESTWOOD,WESTWOOD,08/24/2018 12:56:00 PM +0000,01 - NOT AN INTERSECTION,3 - PROPERTY DAMAGE ONLY (PDO),3,08/24/2018 12:57:00 PM +0000,FRI,M - MALE,1 - NO INJURY / NONE REPORTED,87EC082C-DF26-462D-80CE-312F5653E7CE,1 - DAYLIGHT,185011839,6 - ANGLE,01 - DRY,1 - STRAIGHT LEVEL,"2 - BLACKTOP, BITUMINOUS, ASPHALT",WESTWOOD,D - DRIVER,1 - CLEAR,45211
47XX ESTE AV,39.178391,-84.508518,41-50,WINTON HILLS,WINTON HILLS,08/07/2018 03:50:00 PM +0000,01 - NOT AN INTERSECTION,3 - PROPERTY DAMAGE ONLY (PDO),3,08/07/2018 04:15:00 PM +0000,TUE,M - MALE,1 - NO INJURY / NONE REPORTED,CCCD8241-B032-49BC-BF09-A9D80082E5AA,1 - DAYLIGHT,185010960,6 - ANGLE,02 - WET,3 - CURVE LEVEL,"2 - BLACKTOP, BITUMINOUS, ASPHALT",WINTON HILLS,D - DRIVER,4 - RAIN,45232
N I75 AT 3-8 MM,39.161788,-84.509204,26-30,CLIFTON,CLIFTON,08/10/2018 05:35:00 PM +0000,04 - Y-INTERSECTION,3 - PROPERTY DAMAGE ONLY (PDO),3,08/10/2018 05:36:00 PM +0000,FRI,M - MALE,1 - NO INJURY / NONE REPORTED,E14F4AA4-B42D-417C-A809-06FF59D9F8FE,1 - DAYLIGHT,185011124,"7 - SIDESWIPE, SAME DIRECTION",01 - DRY,1 - STRAIGHT LEVEL,"2 - BLACKTOP, BITUMINOUS, ASPHALT",CLIFTON,D - DRIVER,2 - CLOUDY,45220
37XX EDWARDS RD,39.145581,84.443274,31-40,N/A,N/A,08/08/2018 10:10:00 PM +0000,02 - FOUR-WAY INTERSECTION,3 - PROPERTY DAMAGE ONLY (PDO),3,08/08/2018 10:13:00 PM +0000,WED,F - FEMALE,1 - NO INJURY / NONE REPORTED,FAEA2021-5B09-40F2-BCC4-CCE3882F2171,4 - DARK - LIGHTED ROADWAY,185011044,"7 - SIDESWIPE, SAME DIRECTION",02 - WET,1 - STRAIGHT LEVEL,"2 - BLACKTOP, BITUMINOUS, ASPHALT",N/A,D - DRIVER,4 - RAIN,45209
33XX GLENWAY AV,39.114729,-84.566552,26-30,EAST PRICE HILL,EAST PRICE HILL,08/16/2018 10:16:00 AM +0000,01 - NOT AN INTERSECTION,3 - PROPERTY DAMAGE ONLY (PDO),3,08/16/2018 10:16:00 AM +0000,THU,F - FEMALE,1 - NO INJURY / NONE REPORTED,6AC47D3D-2010-47D1-BFEB-C530CAC745A0,1 - DAYLIGHT,185011408,6 - ANGLE,02 - WET,2 - STRAIGHT GRADE,"2 - BLACKTOP, BITUMINOUS, ASPHALT",EAST PRICE HILL,D - DRIVER,4 - RAIN,45205
SB I75 AT 1-6,39.112696,-84.530838,18-25,WEST END,WEST  END,08/07/2018 07:20:00 PM +0000,01 - NOT AN INTERSECTION,3 - PROPERTY DAMAGE ONLY (PDO),3,08/07/2018 07:21:00 PM +0000,TUE,F - FEMALE,1 - NO INJURY / NONE REPORTED,3ECECDF6-75F2-45FE-9233-B17DF8B710E5,1 - DAYLIGHT,185010979,"7 - SIDESWIPE, SAME DIRECTION",01 - DRY,4 - CURVE GRADE,"2 - BLACKTOP, BITUMINOUS, ASPHALT",QUEENSGATE,D - DRIVER,2 - CLOUDY,45214
6XX E MARTIN LUTHER KING JR DR.,39.137976,-84.524558,31-40,CUF,CLIFTON/UNIVERSITY HEIGHTS,08/17/2018 04:25:00 PM +0000,01 - NOT AN INTERSECTION,3 - PROPERTY DAMAGE ONLY (PDO),3,08/17/2018 04:25:00 PM +0000,FRI,F - FEMALE,1 - NO INJURY / NONE REPORTED,3B66245A-0E18-45A1-B4D1-AD0E842C182C,1 - DAYLIGHT,185011501,2 - REAR-END,01 - DRY,1 - STRAIGHT LEVEL,"2 - BLACKTOP, BITUMINOUS, ASPHALT",CUF,D - DRIVER,1 - CLEAR,45220
2XX W MITCHELL AV,39.165729,-84.512223,41-50,SPRING GROVE VILLAGE,SPRING GROVE VILLAGE,08/06/2018 12:59:00 PM +0000,02 - FOUR-WAY INTERSECTION,3 - PROPERTY DAMAGE ONLY (PDO),3,08/06/2018 01:01:00 PM +0000,MON,F - FEMALE,1 - NO INJURY / NONE REPORTED,DB2D109E-8555-4B0B-9784-A3711048DB02,1 - DAYLIGHT,185010882,6 - ANGLE,01 - DRY,1 - STRAIGHT LEVEL,"2 - BLACKTOP, BITUMINOUS, ASPHALT",SPRING GROVE VILLAGE,D - DRIVER,1 - CLEAR,45232