ADDRESS_X,LATITUDE_X,LONGITUDE_X,AGE,COMMUNITY_COUNCIL_NEIGHBORHOOD,CPD_NEIGHBORHOOD,CRASHDATE,CRASHLOCATION,CRASHSEVERITY,CRASHSEVERITYID,DATECRASHREPORTED,DAYOFWEEK,GENDER,INJURIES,INSTANCEID,LIGHTCONDITIONSPRIMARY,LOCALREPORTNO,MANNEROFCRASH,ROADCONDITIONSPRIMARY,ROADCONTOUR,ROADSURFACE,SNA_NEIGHBORHOOD,TYPEOFPERSON,WEATHER,ZIP
16XX W NORTH BEND,39.202841,-84.548621,UNKNOWN,COLLEGE HILL,COLLEGE  HILL,08/12/2018 03:37:35 PM +0000,02 - FOUR-WAY INTERSECTION,3 - PROPERTY DAMAGE ONLY (PDO),3,08/12/2018 03:42:48 PM +0000,SUN,,1 - NO INJURY / NONE REPORTED,94ADA7D7-DA20-4621-8BB0-9E8FF67F1403,1 - DAYLIGHT,185011214,2 - REAR-END,02 - WET,1 - STRAIGHT LEVEL,"2 - BLACKTOP, BITUMINOUS, ASPHALT",COLLEGE HILL,D - DRIVER,4 - RAIN,45224
27XX OBSERVATORY AV,39.138661,84.443623,26-30,N/A,N/A,08/03/2018 04:20:00 PM +0000,02 - FOUR-WAY INTERSECTION,3 - PROPERTY DAMAGE ONLY (PDO),3,08/03/2018 04:20:00 PM +0000,FRI,M - MALE,1 - NO INJURY / NONE REPORTED,BC8E41B8-6186-4745-85BF-3BA18AAD4E94,1 - DAYLIGHT,185010765,"7 - SIDESWIPE, SAME DIRECTION",01 - DRY,1 - STRAIGHT LEVEL,1 - CONCRETE,N/A,D - DRIVER,1 - CLEAR,45208
2XX CALHOUN ST,39.128121,84.516417,18-25,N/A,N/A,08/16/2018 04:03:37 PM +0000,01 - NOT AN INTERSECTION,2 - INJURY,2,08/16/2018 04:45:48 PM +0000,THU,F - FEMALE,1 - NO INJURY / NONE REPORTED,9B41AE16-83BE-45EA-AD86-6155EA4A837F,1 - DAYLIGHT,185011433,2 - REAR-END,02 - WET,1 - STRAIGHT LEVEL,"2 - BLACKTOP, BITUMINOUS, ASPHALT",N/A,D - DRIVER,4 - RAIN,45221
21XX HARRISON AV,39.134298,84.569456,41-50,N/A,N/A,08/12/2018 03:20:00 AM +0000,03 - T-INTERSECTION,3 - PROPERTY DAMAGE ONLY (PDO),3,08/12/2018 03:23:00 AM +0000,SUN,M - MALE,1 - NO INJURY / NONE REPORTED,6280D11F-56D3-4B8C-AC6A-34D7111F25B3,4 - DARK - LIGHTED ROADWAY,185011202,6 - ANGLE,01 - DRY,2 - STRAIGHT GRADE,"2 - BLACKTOP, BITUMINOUS, ASPHALT",N/A,D - DRIVER,1 - CLEAR,45214
2XX WARNER ST,39.125653,-84.523181,18-25,CUF,FAIRVIEW,08/12/2018 04:37:00 PM +0000,02 - FOUR-WAY INTERSECTION,3 - PROPERTY DAMAGE ONLY (PDO),3,08/12/2018 04:37:00 PM +0000,SUN,M - MALE,1 - NO INJURY / NONE REPORTED,06C47841-6082-4986-A647-2304DC0E5A0E,1 - DAYLIGHT,185011221,6 - ANGLE,01 - DRY,1 - STRAIGHT LEVEL,1 - CONCRETE,CUF,D - DRIVER,1 - CLEAR,45219
53XX READING RD,39.180817,-84.466062,26-30,BOND HILL,BONDHILL,08/04/2018 03:01:00 AM +0000,03 - T-INTERSECTION,3 - PROPERTY DAMAGE ONLY (PDO),3,08/04/2018 03:06:00 AM +0000,SAT,F - FEMALE,1 - NO INJURY / NONE REPORTED,C3D60F4D-E35F-4C62-8021-72E0DF097BDE,4 - DARK - LIGHTED ROADWAY,185010796,6 - ANGLE,01 - DRY,1 - STRAIGHT LEVEL,"2 - BLACKTOP, BITUMINOUS, ASPHALT",BOND HILL,D - DRIVER,1 - CLEAR,45237
13XX TENNESSEE AV,39.167564,84.471342,UNDER 18,N/A,N/A,08/07/2018 01:30:00 PM +0000,02 - FOUR-WAY INTERSECTION,2 - INJURY,2,08/07/2018 01:40:00 PM +0000,TUE,M - MALE,1 - NO INJURY / NONE REPORTED,E7113308-9C84-46EA-A537-7BAE58424E12,1 - DAYLIGHT,185010956,2 - REAR-END,01 - DRY,1 - STRAIGHT LEVEL,"2 - BLACKTOP, BITUMINOUS, ASPHALT",N/A,O - OCCUPANT,2 - CLOUDY,45229
83XX VINE ST,42.738693,-76.779101,UNKNOWN,N/A,N/A,08/22/2018 01:27:00 PM +0000,01 - NOT AN INTERSECTION,3 - PROPERTY DAMAGE ONLY (PDO),3,08/22/2018 01:27:00 PM +0000,WED,,1 - NO INJURY / NONE REPORTED,B837C12A-F15A-4282-891D-988B7F2EC477,1 - DAYLIGHT,185011729,"7 - SIDESWIPE, SAME DIRECTION",01 - DRY,1 - STRAIGHT LEVEL,"2 - BLACKTOP, BITUMINOUS, ASPHALT",N/A,D - DRIVER,1 - CLEAR,45216
S I75 AT 2-5 MM,39.127012,84.536164,UNKNOWN,N/A,N/A,08/28/2018 08:22:00 AM +0000,08 - OFF RAMP,3 - PROPERTY DAMAGE ONLY (PDO),3,08/28/2018 08:22:00 AM +0000,TUE,,1 - NO INJURY / NONE REPORTED,FC423517-F2DE-4A88-B1FC-4DF6BF14A87D,1 - DAYLIGHT,185011992,1 - NOT COLLISION BETWEEN TWO MOTOR VEHICLES IN TRANSPORT,01 - DRY,4 - CURVE GRADE,"2 - BLACKTOP, BITUMINOUS, ASPHALT",N/A,D - DRIVER,1 - CLEAR,45202
N I75 AT 2-5 MM,39.126385,-84.533323,51-60,CAMP WASHINGTON,CAMP  WASHINGTON,08/07/2018 08:55:00 AM +0000,01 - NOT AN INTERSECTION,3 - PROPERTY DAMAGE ONLY (PDO),3,08/07/2018 08:55:00 AM +0000,TUE,M - MALE,1 - NO INJURY / NONE REPORTED,39365C63-E680-4A8C-95EA-BC8C61F42C79,1 - DAYLIGHT,185010943,2 - REAR-END,01 - DRY,1 - STRAIGHT LEVEL,"2 - BLACKTOP, BITUMINOUS, ASPHALT",CAMP WASHINGTON,D - DRIVER,2 - CLOUDY,45214
36XX RAVENWOOD AV,39.183131,84.413081,51-60,N/A,N/A,08/07/2018 04:39:00 PM +0000,01 - NOT AN INTERSECTION,3 - PROPERTY DAMAGE ONLY (PDO),3,08/07/2018 04:40:00 PM +0000,TUE,M - MALE,1 - NO INJURY / NONE REPORTED,7DD00E18-3411-4170-B91B-FF64C42DF200,1 - DAYLIGHT,185010968,"7 - SIDESWIPE, SAME DIRECTION",01 - DRY,1 - STRAIGHT LEVEL,"2 - BLACKTOP, BITUMINOUS, ASPHALT",N/A,D - DRIVER,2 - CLOUDY,45213
36XX MONTGOMERY RD,39.145323,84.469266,UNKNOWN,N/A,N/A,08/27/2018 05:50:20 PM +0000,01 - NOT AN INTERSECTION,3 - PROPERTY DAMAGE ONLY (PDO),3,08/27/2018 06:00:31 PM +0000,MON,,1 - NO INJURY / NONE REPORTED,E360F012-50A2-4176-895F-F41785CD786B,1 - DAYLIGHT,185011978,9 - UNKNOWN,01 - DRY,2 - STRAIGHT GRADE,"2 - BLACKTOP, BITUMINOUS, ASPHALT",N/A,D - DRIVER,1 - CLEAR,45207
8XX N FRED SHUTTLESWORTH CR,39.154431,-84.486181,51-60,AVONDALE - NORTH AVONDALE,NORTH AVONDALE,08/12/2018 01:00:08 PM +0000,01 - NOT AN INTERSECTION,3 - PROPERTY DAMAGE ONLY (PDO),3,08/12/2018 01:15:14 PM +0000,SUN,M - MALE,1 - NO INJURY / NONE REPORTED,73172725-3FB7-416A-90AE-124515D249D1,1 - DAYLIGHT,185011209,5 - BACKING,01 - DRY,1 - STRAIGHT LEVEL,"2 - BLACKTOP, BITUMINOUS, ASPHALT",AVONDALE,D - DRIVER,1 - CLEAR,45229
N I71 AT 4-0 MM,39.136636,84.487651,UNDER 18,N/A,N/A,08/03/2018 10:04:00 PM +0000,01 - NOT AN INTERSECTION,3 - PROPERTY DAMAGE ONLY (PDO),3,08/03/2018 10:04:00 PM +0000,FRI,M - MALE,1 - NO INJURY / NONE REPORTED,A311A4D8-5B9C-4EFC-8CEB-E941C06006D6,4 - DARK - LIGHTED ROADWAY,185010787,"7 - SIDESWIPE, SAME DIRECTION",01 - DRY,1 - STRAIGHT LEVEL,1 - CONCRETE,N/A,D - DRIVER,1 - CLEAR,
26XX LIDDELL ST,39.133785,-84.548096,26-30,NORTH FAIRMOUNT,NORTH FAIRMOUNT,08/03/2018 06:15:00 PM +0000,01 - NOT AN INTERSECTION,2 - INJURY,2,08/03/2018 06:16:00 PM +0000,FRI,M - MALE,4 - INCAPACITATING,636E1606-DDBB-490B-963E-7799672F2BED,1 - DAYLIGHT,185010780,1 - NOT COLLISION BETWEEN TWO MOTOR VEHICLES IN TRANSPORT,01 - DRY,2 - STRAIGHT GRADE,"2 - BLACKTOP, BITUMINOUS, ASPHALT",NORTH FAIRMOUNT,D - DRIVER,1 - CLEAR,45225
30XX WESTKNOLLS LN,39.0732,-84.42725,UNKNOWN,CALIFORNIA,CALIFORNIA,08/26/2018 12:00:00 PM +0000,01 - NOT AN INTERSECTION,3 - PROPERTY DAMAGE ONLY (PDO),3,08/28/2018 06:42:00 PM +0000,SUN,,1 - NO INJURY / NONE REPORTED,D3BC6309-DF5F-4C37-AAC9-7238D3580902,1 - DAYLIGHT,185012028,9 - UNKNOWN,01 - DRY,1 - STRAIGHT LEVEL,"2 - BLACKTOP, BITUMINOUS, ASPHALT",CALIFORNIA,D - DRIVER,2 - CLOUDY,45211
23XX MADISON RD,39.137459,84.457243,51-60,N/A,N/A,08/07/2018 11:15:00 AM +0000,10 - DRIVEWAY/ALLEY ACCESS,3 - PROPERTY DAMAGE ONLY (PDO),3,08/07/2018 11:25:00 AM +0000,TUE,M - MALE,1 - NO INJURY / NONE REPORTED,379757F3-7242-4BF1-8924-F32B7729F59E,1 - DAYLIGHT,185010951,1 - NOT COLLISION BETWEEN TWO MOTOR VEHICLES IN TRANSPORT,01 - DRY,3 - CURVE LEVEL,"2 - BLACKTOP, BITUMINOUS, ASPHALT",N/A,D - DRIVER,1 - CLEAR,45208
50XX RED BANK EX,39.164491,84.402626,UNKNOWN,N/A,N/A,08/07/2018 01:13:00 AM +0000,01 - NOT AN INTERSECTION,3 - PROPERTY DAMAGE ONLY (PDO),3,08/07/2018 01:15:00 AM +0000,TUE,,1 - NO INJURY / NONE REPORTED,9A08E50C-9667-4B71-86C1-30741B335D09,4 - DARK - LIGHTED ROADWAY,185010916,2 - REAR-END,01 - DRY,1 - STRAIGHT LEVEL,"2 - BLACKTOP, BITUMINOUS, ASPHALT",N/A,D - DRIVER,1 - CLEAR,45227
21XX READING RD,39.332109,84.34994,26-30,N/A,N/A,08/16/2018 04:36:00 PM +0000,01 - NOT AN INTERSECTION,3 - PROPERTY DAMAGE ONLY (PDO),3,08/16/2018 04:36:00 PM +0000,THU,F - FEMALE,1 - NO INJURY / NONE REPORTED,819D1E47-8CDB-437B-93F4-4FF8571F977C,1 - DAYLIGHT,185011437,4 - REAR-TO-REAR,02 - WET,4 - CURVE GRADE,"2 - BLACKTOP, BITUMINOUS, ASPHALT",N/A,D - DRIVER,2 - CLOUDY,45206
N I75 AT 10.4,39.197136,-84.470131,41-50,N/A,N/A,08/15/2018 06:26:00 AM +0000,01 - NOT AN INTERSECTION,3 - PROPERTY DAMAGE ONLY (PDO),3,08/15/2018 03:45:00 PM +0000,WED,M - MALE,1 - NO INJURY / NONE REPORTED,03ABDAA4-61BE-4B5F-A31A-81D491DECC81,1 - DAYLIGHT,185011356,1 - NOT COLLISION BETWEEN TWO MOTOR VEHICLES IN TRANSPORT,01 - DRY,1 - STRAIGHT LEVEL,"2 - BLACKTOP, BITUMINOUS, ASPHALT",N/A,D - DRIVER,1 - CLEAR,45216
49XX RED BANK EX,39.160474,84.402989,41-50,N/A,N/A,08/10/2018 11:20:00 AM +0000,02 - FOUR-WAY INTERSECTION,3 - PROPERTY DAMAGE ONLY (PDO),3,08/10/2018 12:25:58 PM +0000,FRI,M - MALE,1 - NO INJURY / NONE REPORTED,84649BC9-FFBF-4541-9AF9-0ACB2E795E46,1 - DAYLIGHT,185011094,"7 - SIDESWIPE, SAME DIRECTION",01 - DRY,1 - STRAIGHT LEVEL,"2 - BLACKTOP, BITUMINOUS, ASPHALT",N/A,D - DRIVER,1 - CLEAR,45227
34XX BEEKMAN ST,39.150403,84.551888,31-40,N/A,N/A,08/21/2018 10:21:00 AM +0000,01 - NOT AN INTERSECTION,2 - INJURY,2,08/21/2018 10:21:00 AM +0000,TUE,M - MALE,3 - NON-INCAPACITATING,A7131804-2540-457B-A9F8-012601B4D5D5,1 - DAYLIGHT,185011677,1 - NOT COLLISION BETWEEN TWO MOTOR VEHICLES IN TRANSPORT,01 - DRY,1 - STRAIGHT LEVEL,"2 - BLACKTOP, BITUMINOUS, ASPHALT",N/A,D - DRIVER,1 - CLEAR,45223
SB I75 AT 0-1 MM,39.113951,-84.518135,31-40,OTR,OVER-THE-RHINE,08/20/2018 06:30:00 AM +0000,01 - NOT AN INTERSECTION,2 - INJURY,2,08/20/2018 06:30:00 AM +0000,MON,F - FEMALE,2 - POSSIBLE,74187B5A-5EDA-4F1A-9FE6-966A3B78D111,1 - DAYLIGHT,185011616,"7 - SIDESWIPE, SAME DIRECTION",01 - DRY,1 - STRAIGHT LEVEL,"2 - BLACKTOP, BITUMINOUS, ASPHALT",OVER-THE-RHINE,D - DRIVER,2 - CLOUDY,45202
S I71 AT 1-3 MM,39.100064,84.506612,26-30,N/A,N/A,08/09/2018 11:35:00 PM +0000,01 - NOT AN INTERSECTION,2 - INJURY,2,08/09/2018 11:35:00 PM +0000,THU,M - MALE,2 - POSSIBLE,913D055D-63DC-4F8D-BFD4-D78C16295AE9,4 - DARK - LIGHTED ROADWAY,185011086,1 - NOT COLLISION BETWEEN TWO MOTOR VEHICLES IN TRANSPORT,01 - DRY,3 - CURVE LEVEL,"2 - BLACKTOP, BITUMINOUS, ASPHALT",N/A,D - DRIVER,1 - CLEAR,45214
29XX MONTANA AV,39.148721,84.595036,41-50,N/A,N/A,08/23/2018 01:50:00 PM +0000,01 - NOT AN INTERSECTION,2 - INJURY,2,08/23/2018 01:59:00 PM +0000,THU,F - FEMALE,2 - POSSIBLE,97ED05BD-41C8-48F9-B596-00616F1C906A,1 - DAYLIGHT,185011781,2 - REAR-END,01 - DRY,1 - STRAIGHT LEVEL,"2 - BLACKTOP, BITUMINOUS, ASPHALT",N/A,D - DRIVER,1 - CLEAR,45211
2XX E LIBERTY ST,39.112791,84.512219,51-60,N/A,N/A,08/08/2018 07:50:00 AM +0000,01 - NOT AN INTERSECTION,3 - PROPERTY DAMAGE ONLY (PDO),3,08/08/2018 07:55:00 AM +0000,WED,M - MALE,1 - NO INJURY / NONE REPORTED,1C3D56C2-C425-450E-A95D-30D4657A0DFC,1 - DAYLIGHT,185011000,"7 - SIDESWIPE, SAME DIRECTION",02 - WET,1 - STRAIGHT LEVEL,"2 - BLACKTOP, BITUMINOUS, ASPHALT",N/A,D - DRIVER,2 - CLOUDY,45202
23XX FERGUSON RD,39.128757,-84.597692,31-40,WESTWOOD,WESTWOOD,08/20/2018 06:01:00 PM +0000,01 - NOT AN INTERSECTION,3 - PROPERTY DAMAGE ONLY (PDO),3,08/21/2018 06:18:19 PM +0000,MON,F - FEMALE,1 - NO INJURY / NONE REPORTED,0ADEBC87-5543-4B32-9DEB-2B87FD25CAD5,1 - DAYLIGHT,185011694,1 - NOT COLLISION BETWEEN TWO MOTOR VEHICLES IN TRANSPORT,02 - WET,2 - STRAIGHT GRADE,"2 - BLACKTOP, BITUMINOUS, ASPHALT",WESTWOOD,D - DRIVER,4 - RAIN,45238
44XX SPRING GROVE AV,39.162001,84.526723,UNKNOWN,N/A,N/A,08/20/2018 08:05:00 PM +0000,01 - NOT AN INTERSECTION,3 - PROPERTY DAMAGE ONLY (PDO),3,08/20/2018 08:10:00 PM +0000,MON,,1 - NO INJURY / NONE REPORTED,8ECE02EA-64BF-4706-B28F-6438828B721C,1 - DAYLIGHT,185011655,1 - NOT COLLISION BETWEEN TWO MOTOR VEHICLES IN TRANSPORT,01 - DRY,1 - STRAIGHT LEVEL,"2 - BLACKTOP, BITUMINOUS, ASPHALT",N/A,D - DRIVER,2 - CLOUDY,45232
18XX QUEEN CITY AV,39.126565,-84.557248,UNDER 18,SOUTH FAIRMOUNT,SOUTH  FAIRMOUNT,08/11/2018 10:48:00 PM +0000,01 - NOT AN INTERSECTION,3 - PROPERTY DAMAGE ONLY (PDO),3,08/11/2018 10:49:00 PM +0000,SAT,F - FEMALE,1 - NO INJURY / NONE REPORTED,85B18C33-EB1C-4E7A-B048-1982D9F66BDF,4 - DARK - LIGHTED ROADWAY,185011199,1 - NOT COLLISION BETWEEN TWO MOTOR VEHICLES IN TRANSPORT,02 - WET,1 - STRAIGHT LEVEL,"2 - BLACKTOP, BITUMINOUS, ASPHALT",SOUTH FAIRMOUNT,O - OCCUPANT,2 - CLOUDY,45214
39XX VINE ST,39.159068,-84.505265,18-25,CLIFTON,CLIFTON,08/16/2018 06:50:00 PM +0000,01 - NOT AN INTERSECTION,2 - INJURY,2,08/16/2018 06:54:00 PM +0000,THU,M - MALE,3 - NON-INCAPACITATING,37A1FCF1-5FB4-4BD4-972F-3B248A6A958C,1 - DAYLIGHT,185011452,6 - ANGLE,02 - WET,1 - STRAIGHT LEVEL,"2 - BLACKTOP, BITUMINOUS, ASPHALT",CLIFTON,O - OCCUPANT,4 - RAIN,45217
65XX MONTGOMERY RD,39.18736,84.41632,51-60,N/A,N/A,08/24/2018 10:35:00 AM +0000,03 - T-INTERSECTION,3 - PROPERTY DAMAGE ONLY (PDO),3,08/24/2018 10:40:00 AM +0000,FRI,M - MALE,1 - NO INJURY / NONE REPORTED,1D24970B-7DFA-4A01-9EC5-12655A416F96,1 - DAYLIGHT,185011825,6 - ANGLE,01 - DRY,1 - STRAIGHT LEVEL,"2 - BLACKTOP, BITUMINOUS, ASPHALT",N/A,D - DRIVER,1 - CLEAR,45213
8XX ELM ST,39.105333,-84.516469,26-30,WEST END,C. B. D. / RIVERFRONT,08/16/2018 02:25:00 PM +0000,02 - FOUR-WAY INTERSECTION,3 - PROPERTY DAMAGE ONLY (PDO),3,08/16/2018 02:28:00 PM +0000,THU,M - MALE,1 - NO INJURY / NONE REPORTED,B090241F-206B-45A1-A303-BAD900222E61,1 - DAYLIGHT,185011427,6 - ANGLE,02 - WET,1 - STRAIGHT LEVEL,1 - CONCRETE,DOWNTOWN,D - DRIVER,4 - RAIN,45202
56XX MONTGOMERY RD,39.176451,84.439079,UNKNOWN,N/A,N/A,08/11/2018 11:35:00 AM +0000,01 - NOT AN INTERSECTION,3 - PROPERTY DAMAGE ONLY (PDO),3,08/11/2018 11:35:00 AM +0000,SAT,,1 - NO INJURY / NONE REPORTED,6308277F-6FC6-48A4-95C8-D160729E3A44,9 - UNKNOWN,185011164,1 - NOT COLLISION BETWEEN TWO MOTOR VEHICLES IN TRANSPORT,99 - UNKNOWN,1 - STRAIGHT LEVEL,"2 - BLACKTOP, BITUMINOUS, ASPHALT",N/A,D - DRIVER,9 - OTHER/UNKNOWN,45212
83XX VINE ST,39.213722,84.474854,51-60,N/A,N/A,08/17/2018 09:05:00 PM +0000,02 - FOUR-WAY INTERSECTION,3 - PROPERTY DAMAGE ONLY (PDO),3,08/17/2018 09:06:00 PM +0000,FRI,M - MALE,1 - NO INJURY / NONE REPORTED,8CA56EB5-399C-4A38-8F2C-325A352CFEAC,4 - DARK - LIGHTED ROADWAY,185011523,2 - REAR-END,02 - WET,1 - STRAIGHT LEVEL,1 - CONCRETE,N/A,D - DRIVER,2 - CLOUDY,45216
4XX GEST ST,39.098235,-84.527084,51-60,QUEENSGATE,QUEENSGATE,08/11/2018 08:04:00 PM +0000,01 - NOT AN INTERSECTION,3 - PROPERTY DAMAGE ONLY (PDO),3,08/11/2018 08:05:00 PM +0000,SAT,M - MALE,1 - NO INJURY / NONE REPORTED,875E2CDD-8CB6-45C0-A706-7D0C8243CEF3,3 - DUSK,185011193,"7 - SIDESWIPE, SAME DIRECTION",02 - WET,3 - CURVE LEVEL,1 - CONCRETE,QUEENSGATE,D - DRIVER,2 - CLOUDY,45203
53XX MEDPACE WY,39.159658,-84.402471,UNKNOWN,MADISONVILLE,MADISONVILLE,08/13/2018 03:00:00 PM +0000,01 - NOT AN INTERSECTION,3 - PROPERTY DAMAGE ONLY (PDO),3,08/14/2018 05:56:00 PM +0000,MON,,1 - NO INJURY / NONE REPORTED,7B35753E-1955-43EB-880A-E7F617CDD3BB,9 - UNKNOWN,185011310,9 - UNKNOWN,99 - UNKNOWN,1 - STRAIGHT LEVEL,"2 - BLACKTOP, BITUMINOUS, ASPHALT",MADISONVILLE,D - DRIVER,9 - OTHER/UNKNOWN,45227
30XX GLENHILLS WY,39.127654,84.603644,31-40,N/A,N/A,08/10/2018 06:44:00 PM +0000,02 - FOUR-WAY INTERSECTION,2 - INJURY,2,08/10/2018 06:44:00 PM +0000,FRI,M - MALE,1 - NO INJURY / NONE REPORTED,CC499959-6ECA-4AED-B9C4-D768134AE507,1 - DAYLIGHT,185011125,2 - REAR-END,01 - DRY,2 - STRAIGHT GRADE,"2 - BLACKTOP, BITUMINOUS, ASPHALT",N/A,D - DRIVER,1 - CLEAR,45238
46XX READING RD,39.168858,-84.467501,26-30,PADDOCK HILLS,BONDHILL,08/18/2018 11:10:00 PM +0000,02 - FOUR-WAY INTERSECTION,3 - PROPERTY DAMAGE ONLY (PDO),3,08/18/2018 11:10:00 PM +0000,SAT,F - FEMALE,1 - NO INJURY / NONE REPORTED,CF723505-64F7-46C7-9450-F9407EF11DDC,4 - DARK - LIGHTED ROADWAY,185011566,2 - REAR-END,01 - DRY,2 - STRAIGHT GRADE,"2 - BLACKTOP, BITUMINOUS, ASPHALT",BOND HILL,D - DRIVER,1 - CLEAR,45229
47XX READING RD,39.171085,-84.468121,51-60,BOND HILL,BONDHILL,08/17/2018 11:00:00 AM +0000,01 - NOT AN INTERSECTION,3 - PROPERTY DAMAGE ONLY (PDO),3,08/17/2018 11:04:00 AM +0000,FRI,M - MALE,1 - NO INJURY / NONE REPORTED,C1228D69-8F6C-44EF-849D-C362F828E544,1 - DAYLIGHT,185011579,"7 - SIDESWIPE, SAME DIRECTION",01 - DRY,1 - STRAIGHT LEVEL,"2 - BLACKTOP, BITUMINOUS, ASPHALT",BOND HILL,D - DRIVER,1 - CLEAR,45237
N I75 AT 8-8 MM,39.187624,-84.481409,UNDER 18,BOND HILL,BONDHILL,08/18/2018 12:57:00 AM +0000,01 - NOT AN INTERSECTION,3 - PROPERTY DAMAGE ONLY (PDO),3,08/20/2018 10:00:00 PM +0000,SAT,M - MALE,1 - NO INJURY / NONE REPORTED,77E9ECAF-5F60-4C88-8449-168F3873A3D0,4 - DARK - LIGHTED ROADWAY,185011657,6 - ANGLE,99 - UNKNOWN,1 - STRAIGHT LEVEL,"2 - BLACKTOP, BITUMINOUS, ASPHALT",ROSELAWN,O - OCCUPANT,9 - OTHER/UNKNOWN,45237
S I75 AT 1-4 MM,39.108671,-84.531141,18-25,QUEENSGATE,QUEENSGATE,08/14/2018 05:00:02 PM +0000,01 - NOT AN INTERSECTION,3 - PROPERTY DAMAGE ONLY (PDO),3,08/14/2018 06:30:03 PM +0000,TUE,M - MALE,1 - NO INJURY / NONE REPORTED,5C7F8F52-555D-452B-B237-DD353928DAD4,1 - DAYLIGHT,185011307,"7 - SIDESWIPE, SAME DIRECTION",01 - DRY,1 - STRAIGHT LEVEL,"2 - BLACKTOP, BITUMINOUS, ASPHALT",QUEENSGATE,D - DRIVER,1 - CLEAR,45202
56XX HAMILTON AV,39.19383,84.54604,18-25,N/A,N/A,08/04/2018 02:05:00 AM +0000,03 - T-INTERSECTION,2 - INJURY,2,08/04/2018 02:10:00 AM +0000,SAT,M - MALE,1 - NO INJURY / NONE REPORTED,F2A594D0-410E-4C8D-8ECB-A8CCAE181F7F,4 - DARK - LIGHTED ROADWAY,185010795,6 - ANGLE,01 - DRY,1 - STRAIGHT LEVEL,"2 - BLACKTOP, BITUMINOUS, ASPHALT",N/A,D - DRIVER,1 - CLEAR,45224
6XX WALNUT ST,39.102802,-84.512663,31-40,DOWNTOWN,C. B. D. / RIVERFRONT,08/24/2018 01:15:00 PM +0000,02 - FOUR-WAY INTERSECTION,3 - PROPERTY DAMAGE ONLY (PDO),3,08/25/2018 09:00:32 AM +0000,FRI,M - MALE,1 - NO INJURY / NONE REPORTED,BA6BBE59-7EC4-49A1-A86A-EEEDB60D6503,1 - DAYLIGHT,185011866,2 - REAR-END,01 - DRY,1 - STRAIGHT LEVEL,"2 - BLACKTOP, BITUMINOUS, ASPHALT",DOWNTOWN,O - OCCUPANT,1 - CLEAR,45202
52XX DUCK CREEK RD,39.163973,84.402242,41-50,N/A,N/A,08/27/2018 03:24:00 PM +0000,02 - FOUR-WAY INTERSECTION,3 - PROPERTY DAMAGE ONLY (PDO),3,08/27/2018 03:25:00 PM +0000,MON,M - MALE,1 - NO INJURY / NONE REPORTED,AD7F3B6F-7002-4959-AD26-FAE23BD2CCD8,1 - DAYLIGHT,185011962,2 - REAR-END,01 - DRY,1 - STRAIGHT LEVEL,"2 - BLACKTOP, BITUMINOUS, ASPHALT",N/A,D - DRIVER,1 - CLEAR,45227
XX W MCMILLAN AV,39.128026,84.515118,41-50,N/A,N/A,08/20/2018 03:45:00 PM +0000,01 - NOT AN INTERSECTION,3 - PROPERTY DAMAGE ONLY (PDO),3,08/20/2018 03:45:00 PM +0000,MON,M - MALE,1 - NO INJURY / NONE REPORTED,917349EE-135D-4624-83CC-6FFF53DE30D6,1 - DAYLIGHT,185011640,6 - ANGLE,01 - DRY,1 - STRAIGHT LEVEL,1 - CONCRETE,N/A,D - DRIVER,1 - CLEAR,45219
1XX W 3RD ST,39.099307,84.514314,UNKNOWN,N/A,N/A,08/14/2018 06:07:24 PM +0000,01 - NOT AN INTERSECTION,3 - PROPERTY DAMAGE ONLY (PDO),3,08/14/2018 07:06:30 PM +0000,TUE,,1 - NO INJURY / NONE REPORTED,D7232D46-1E56-4F53-89D0-69603095AE1F,1 - DAYLIGHT,185011317,"7 - SIDESWIPE, SAME DIRECTION",01 - DRY,1 - STRAIGHT LEVEL,"2 - BLACKTOP, BITUMINOUS, ASPHALT",N/A,D - DRIVER,1 - CLEAR,45202
17XX MAIN ST,39.114393,84.511921,18-25,N/A,N/A,08/17/2018 09:06:00 AM +0000,04 - Y-INTERSECTION,3 - PROPERTY DAMAGE ONLY (PDO),3,08/17/2018 10:07:39 AM +0000,FRI,M - MALE,1 - NO INJURY / NONE REPORTED,4A5CFA01-3BA2-4CFD-BC4B-27985B35B7D7,1 - DAYLIGHT,185011477,1 - NOT COLLISION BETWEEN TWO MOTOR VEHICLES IN TRANSPORT,01 - DRY,4 - CURVE GRADE,"2 - BLACKTOP, BITUMINOUS, ASPHALT",N/A,O - OCCUPANT,2 - CLOUDY,45202
26XX FIRTREE CT,39.175825,-84.54652,UNKNOWN,NORTHSIDE,NORTHSIDE,08/11/2018 09:49:00 PM +0000,01 - NOT AN INTERSECTION,3 - PROPERTY DAMAGE ONLY (PDO),3,08/11/2018 09:51:00 PM +0000,SAT,,1 - NO INJURY / NONE REPORTED,4FEAF61D-13A5-4BC6-BCAF-555796E848EE,9 - UNKNOWN,185011197,"8 - SIDESWIPE, OPPOSITE DIRECTION",01 - DRY,1 - STRAIGHT LEVEL,"2 - BLACKTOP, BITUMINOUS, ASPHALT",NORTHSIDE,D - DRIVER,1 - CLEAR,45223