ADDRESS_X,LATITUDE_X,LONGITUDE_X,AGE,COMMUNITY_COUNCIL_NEIGHBORHOOD,CPD_NEIGHBORHOOD,CRASHDATE,CRASHLOCATION,CRASHSEVERITY,CRASHSEVERITYID,DATECRASHREPORTED,DAYOFWEEK,GENDER,INJURIES,INSTANCEID,LIGHTCONDITIONSPRIMARY,LOCALREPORTNO,MANNEROFCRASH,ROADCONDITIONSPRIMARY,ROADCONTOUR,ROADSURFACE,SNA_NEIGHBORHOOD,TYPEOFPERSON,WEATHER,ZIP
24XX GLENWAY AV,39.107063,-84.554087,26-30,LOWER PRICE HILL,LOWER PRICE  HILL,08/28/2018 08:32:42 AM +0000,02 - FOUR-WAY INTERSECTION,3 - PROPERTY DAMAGE ONLY (PDO),3,08/28/2018 08:35:00 AM +0000,TUE,F - FEMALE,1 - NO INJURY / NONE REPORTED,994A3CF5-30A6-4914-9B18-59EE1C05EFDF,1 - DAYLIGHT,185012001,3 - HEAD-ON,01 - DRY,4 - CURVE GRADE,"2 - BLACKTOP, BITUMINOUS, ASPHALT",LOWER PRICE HILL,D - DRIVER,1 - CLEAR,45204
56XX RIDGE AV,39.174945,-84.427706,41-50,PLEASANT RIDGE,PLEASANT RIDGE,08/15/2018 04:10:00 PM +0000,01 - NOT AN INTERSECTION,2 - INJURY,2,08/15/2018 04:12:00 PM +0000,WED,F - FEMALE,3 - NON-INCAPACITATING,73BC05E2-5812-4F62-9A8A-78629CA13D3F,1 - DAYLIGHT,185011359,2 - REAR-END,02 - WET,2 - STRAIGHT GRADE,"2 - BLACKTOP, BITUMINOUS, ASPHALT",PLEASANT RIDGE,D - DRIVER,4 - RAIN,45213
57XX WINTON RD,39.193531,84.522716,31-40,N/A,N/A,08/15/2018 04:56:01 PM +0000,01 - NOT AN INTERSECTION,3 - PROPERTY DAMAGE ONLY (PDO),3,08/15/2018 05:05:18 PM +0000,WED,F - FEMALE,1 - NO INJURY / NONE REPORTED,1484657E-1257-4C42-A83B-72FFD3A8D50D,1 - DAYLIGHT,185011362,2 - REAR-END,02 - WET,2 - STRAIGHT GRADE,"2 - BLACKTOP, BITUMINOUS, ASPHALT",N/A,D - DRIVER,4 - RAIN,45232
55XX ORLANDO PL,39.158619,84.398027,51-60,N/A,N/A,08/21/2018 07:50:00 AM +0000,03 - T-INTERSECTION,3 - PROPERTY DAMAGE ONLY (PDO),3,08/21/2018 07:55:00 AM +0000,TUE,F - FEMALE,1 - NO INJURY / NONE REPORTED,5FD7DFD0-6A75-4B53-A4B1-900EC55041F1,1 - DAYLIGHT,185011695,6 - ANGLE,01 - DRY,1 - STRAIGHT LEVEL,"2 - BLACKTOP, BITUMINOUS, ASPHALT",N/A,D - DRIVER,1 - CLEAR,45227
6XX W 3RD ST,39.097352,84.526437,51-60,N/A,N/A,08/14/2018 09:35:00 PM +0000,01 - NOT AN INTERSECTION,3 - PROPERTY DAMAGE ONLY (PDO),3,08/14/2018 09:39:00 PM +0000,TUE,M - MALE,1 - NO INJURY / NONE REPORTED,294B1B19-1CB6-4E7F-85B9-83B236EFD8B8,4 - DARK - LIGHTED ROADWAY,185011324,"7 - SIDESWIPE, SAME DIRECTION",01 - DRY,3 - CURVE LEVEL,1 - CONCRETE,N/A,D - DRIVER,1 - CLEAR,45203
11XX ROSEMONT AV,39.11336,84.583326,51-60,N/A,N/A,08/27/2018 08:52:00 AM +0000,01 - NOT AN INTERSECTION,2 - INJURY,2,08/27/2018 08:52:00 AM +0000,MON,M - MALE,3 - NON-INCAPACITATING,89E3188A-06E2-4CD6-A852-ECAD4D28D20B,1 - DAYLIGHT,185011940,1 - NOT COLLISION BETWEEN TWO MOTOR VEHICLES IN TRANSPORT,01 - DRY,2 - STRAIGHT GRADE,"2 - BLACKTOP, BITUMINOUS, ASPHALT",N/A,P - PEDESTRIAN,1 - CLEAR,45205
53XX MADISON RD,39.164265,84.428106,61-70,N/A,N/A,08/07/2018 12:43:00 PM +0000,02 - FOUR-WAY INTERSECTION,3 - PROPERTY DAMAGE ONLY (PDO),3,08/07/2018 12:46:00 PM +0000,TUE,F - FEMALE,1 - NO INJURY / NONE REPORTED,537559CB-6E93-40E1-B8DA-FF85507B3EF4,1 - DAYLIGHT,185010948,6 - ANGLE,01 - DRY,1 - STRAIGHT LEVEL,"2 - BLACKTOP, BITUMINOUS, ASPHALT",N/A,D - DRIVER,2 - CLOUDY,45227
6XX LINCOLN AV,39.132325,-84.493002,26-30,WALNUT HILLS,WALNUT HILLS,08/28/2018 07:35:00 PM +0000,01 - NOT AN INTERSECTION,3 - PROPERTY DAMAGE ONLY (PDO),3,08/28/2018 07:38:00 PM +0000,TUE,M - MALE,1 - NO INJURY / NONE REPORTED,C17094A9-BF01-4FA2-BD48-F9C074092858,3 - DUSK,185012030,6 - ANGLE,01 - DRY,1 - STRAIGHT LEVEL,"2 - BLACKTOP, BITUMINOUS, ASPHALT",WALNUT HILLS,D - DRIVER,1 - CLEAR,45206
38XX EDWARDS RD,39.148461,84.442651,18-25,N/A,N/A,08/16/2018 11:46:00 AM +0000,03 - T-INTERSECTION,3 - PROPERTY DAMAGE ONLY (PDO),3,08/16/2018 11:47:00 AM +0000,THU,F - FEMALE,1 - NO INJURY / NONE REPORTED,5A4FD63E-DB36-4443-A8C7-8732149A0DD2,1 - DAYLIGHT,185011410,2 - REAR-END,02 - WET,1 - STRAIGHT LEVEL,"2 - BLACKTOP, BITUMINOUS, ASPHALT",N/A,D - DRIVER,4 - RAIN,45209
66XX DALY RD,39.20733,84.53089,26-30,N/A,N/A,08/15/2018 05:30:00 AM +0000,01 - NOT AN INTERSECTION,3 - PROPERTY DAMAGE ONLY (PDO),3,08/15/2018 05:30:00 AM +0000,WED,F - FEMALE,1 - NO INJURY / NONE REPORTED,29A02D74-5DBF-4C30-8C80-923CF7BDB236,4 - DARK - LIGHTED ROADWAY,185011329,1 - NOT COLLISION BETWEEN TWO MOTOR VEHICLES IN TRANSPORT,01 - DRY,2 - STRAIGHT GRADE,"2 - BLACKTOP, BITUMINOUS, ASPHALT",N/A,D - DRIVER,1 - CLEAR,45224
56XX COLERAIN AV,39.196346,-84.575853,18-25,MOUNT AIRY,MOUNT AIRY,08/08/2018 12:05:00 PM +0000,01 - NOT AN INTERSECTION,3 - PROPERTY DAMAGE ONLY (PDO),3,08/08/2018 12:20:00 PM +0000,WED,F - FEMALE,1 - NO INJURY / NONE REPORTED,70AC6743-E3D1-4B7B-83FA-331AB28A06BB,1 - DAYLIGHT,185011008,2 - REAR-END,01 - DRY,1 - STRAIGHT LEVEL,"2 - BLACKTOP, BITUMINOUS, ASPHALT",MT. AIRY,D - DRIVER,1 - CLEAR,45239
N I71 EX 8B,39.155151,-84.442313,18-25,N/A,N/A,08/07/2018 08:00:00 AM +0000,01 - NOT AN INTERSECTION,3 - PROPERTY DAMAGE ONLY (PDO),3,08/07/2018 08:05:00 AM +0000,TUE,F - FEMALE,1 - NO INJURY / NONE REPORTED,524F7350-1E35-43D3-8967-B170A16A505E,1 - DAYLIGHT,185010931,2 - REAR-END,02 - WET,1 - STRAIGHT LEVEL,"2 - BLACKTOP, BITUMINOUS, ASPHALT",N/A,D - DRIVER,2 - CLOUDY,45209
29XX CENTRAL PY,39.13851,-84.533056,18-25,CUF,CLIFTON/UNIVERSITY HEIGHTS,08/22/2018 03:14:00 PM +0000,03 - T-INTERSECTION,2 - INJURY,2,08/22/2018 03:14:00 PM +0000,WED,F - FEMALE,1 - NO INJURY / NONE REPORTED,0448EE78-AABC-4F93-83B8-741C7FB72596,1 - DAYLIGHT,185011734,2 - REAR-END,01 - DRY,3 - CURVE LEVEL,"2 - BLACKTOP, BITUMINOUS, ASPHALT",CUF,D - DRIVER,1 - CLEAR,45225
25XX HARRISON AV,39.141958,84.584349,41-50,N/A,N/A,08/10/2018 07:20:00 AM +0000,01 - NOT AN INTERSECTION,3 - PROPERTY DAMAGE ONLY (PDO),3,08/10/2018 08:15:00 AM +0000,FRI,M - MALE,1 - NO INJURY / NONE REPORTED,A5D39E66-7240-4A61-A214-5DE0F6F8CD4C,1 - DAYLIGHT,185011093,1 - NOT COLLISION BETWEEN TWO MOTOR VEHICLES IN TRANSPORT,01 - DRY,1 - STRAIGHT LEVEL,"2 - BLACKTOP, BITUMINOUS, ASPHALT",N/A,D - DRIVER,1 - CLEAR,45211
6XX SYCAMORE ST,39.103322,84.507521,18-25,N/A,N/A,08/18/2018 10:33:00 PM +0000,02 - FOUR-WAY INTERSECTION,2 - INJURY,2,08/18/2018 10:33:00 PM +0000,SAT,M - MALE,3 - NON-INCAPACITATING,E056E0CA-D348-4875-8798-A92F4DE4A0AE,4 - DARK - LIGHTED ROADWAY,185011569,6 - ANGLE,01 - DRY,1 - STRAIGHT LEVEL,1 - CONCRETE,N/A,D - DRIVER,1 - CLEAR,45202
N I471 AT 5.4,39.103581,84.497923,18-25,N/A,N/A,08/18/2018 10:55:00 PM +0000,08 - OFF RAMP,3 - PROPERTY DAMAGE ONLY (PDO),3,08/18/2018 10:58:00 PM +0000,SAT,M - MALE,1 - NO INJURY / NONE REPORTED,E9147003-147C-46DC-B5A4-15872647B541,4 - DARK - LIGHTED ROADWAY,185011571,2 - REAR-END,01 - DRY,4 - CURVE GRADE,1 - CONCRETE,N/A,O - OCCUPANT,2 - CLOUDY,
S I71 AT 1-8 MM,39.106637,84.504298,UNKNOWN,N/A,N/A,08/18/2018 06:21:00 AM +0000,01 - NOT AN INTERSECTION,3 - PROPERTY DAMAGE ONLY (PDO),3,08/18/2018 06:21:00 AM +0000,SAT,,1 - NO INJURY / NONE REPORTED,BA5A4782-65C9-4273-A511-49507D162969,4 - DARK - LIGHTED ROADWAY,185011537,1 - NOT COLLISION BETWEEN TWO MOTOR VEHICLES IN TRANSPORT,01 - DRY,1 - STRAIGHT LEVEL,"2 - BLACKTOP, BITUMINOUS, ASPHALT",N/A,D - DRIVER,1 - CLEAR,45214
52XX WILLNET DR,39.11726,84.61259,UNKNOWN,N/A,N/A,08/24/2018 05:00:00 PM +0000,01 - NOT AN INTERSECTION,3 - PROPERTY DAMAGE ONLY (PDO),3,08/24/2018 05:07:00 PM +0000,FRI,,1 - NO INJURY / NONE REPORTED,403D329D-281A-4C53-9622-A5C3E3B3393F,1 - DAYLIGHT,185011858,1 - NOT COLLISION BETWEEN TWO MOTOR VEHICLES IN TRANSPORT,01 - DRY,1 - STRAIGHT LEVEL,1 - CONCRETE,N/A,D - DRIVER,1 - CLEAR,45238
56XX RIDGE AV,39.175191,-84.415061,31-40,KENNEDY HEIGHTS,KENNEDY  HEIGHTS,08/16/2018 04:15:00 PM +0000,03 - T-INTERSECTION,3 - PROPERTY DAMAGE ONLY (PDO),3,08/16/2018 04:19:00 PM +0000,THU,F - FEMALE,1 - NO INJURY / NONE REPORTED,6BD2196A-2D82-4D1E-A9AC-1F80F246D5A0,1 - DAYLIGHT,185011445,2 - REAR-END,01 - DRY,2 - STRAIGHT GRADE,"2 - BLACKTOP, BITUMINOUS, ASPHALT",KENNEDY HEIGHTS,D - DRIVER,2 - CLOUDY,45213
N I75 AT 0-7 MM,39.097005,84.514529,31-40,N/A,N/A,08/15/2018 04:50:00 PM +0000,01 - NOT AN INTERSECTION,3 - PROPERTY DAMAGE ONLY (PDO),3,08/15/2018 05:00:00 PM +0000,WED,F - FEMALE,1 - NO INJURY / NONE REPORTED,C88DC5AA-F679-4F0C-B43B-815873DC74A0,1 - DAYLIGHT,185011372,6 - ANGLE,02 - WET,3 - CURVE LEVEL,"2 - BLACKTOP, BITUMINOUS, ASPHALT",N/A,D - DRIVER,2 - CLOUDY,45202
23XX FERGUSON RD,39.128777,-84.597722,UNKNOWN,WESTWOOD,WESTWOOD,08/18/2018 08:48:00 PM +0000,01 - NOT AN INTERSECTION,3 - PROPERTY DAMAGE ONLY (PDO),3,08/18/2018 09:04:58 PM +0000,SAT,,1 - NO INJURY / NONE REPORTED,E5DE1D4C-6DB4-4B3E-BF0B-735945957B9C,3 - DUSK,185011561,6 - ANGLE,01 - DRY,1 - STRAIGHT LEVEL,"2 - BLACKTOP, BITUMINOUS, ASPHALT",WESTWOOD,D - DRIVER,1 - CLEAR,45238
11XX MARTIN DR,39.109257,84.492851,61-70,N/A,N/A,08/28/2018 08:28:59 PM +0000,08 - OFF RAMP,2 - INJURY,2,08/28/2018 08:29:04 PM +0000,TUE,F - FEMALE,1 - NO INJURY / NONE REPORTED,86251B10-CC6A-4166-AD37-4E975E1D57B7,4 - DARK - LIGHTED ROADWAY,185012035,"7 - SIDESWIPE, SAME DIRECTION",01 - DRY,2 - STRAIGHT GRADE,"2 - BLACKTOP, BITUMINOUS, ASPHALT",N/A,D - DRIVER,1 - CLEAR,45202
W RONALD REAGAN HW,39.204217,84.467694,41-50,N/A,N/A,08/22/2018 07:38:00 AM +0000,01 - NOT AN INTERSECTION,2 - INJURY,2,08/22/2018 07:38:00 AM +0000,WED,M - MALE,1 - NO INJURY / NONE REPORTED,141ABC3A-4B1F-4EE6-8986-5637F99F6538,1 - DAYLIGHT,185011718,1 - NOT COLLISION BETWEEN TWO MOTOR VEHICLES IN TRANSPORT,01 - DRY,2 - STRAIGHT GRADE,"2 - BLACKTOP, BITUMINOUS, ASPHALT",N/A,D - DRIVER,2 - CLOUDY,45216
41XX DANE AV,39.161256,-84.533491,26-30,NORTHSIDE,NORTHSIDE,08/27/2018 05:49:13 PM +0000,02 - FOUR-WAY INTERSECTION,3 - PROPERTY DAMAGE ONLY (PDO),3,08/27/2018 06:23:35 PM +0000,MON,F - FEMALE,1 - NO INJURY / NONE REPORTED,3D6C85D0-8A3F-43C3-8A58-417C3C0DEF4D,1 - DAYLIGHT,185011971,6 - ANGLE,01 - DRY,1 - STRAIGHT LEVEL,"2 - BLACKTOP, BITUMINOUS, ASPHALT",NORTHSIDE,D - DRIVER,1 - CLEAR,45223
2XX FAIRBANKS AV,39.093428,84.573285,31-40,N/A,N/A,08/25/2018 02:42:00 PM +0000,01 - NOT AN INTERSECTION,3 - PROPERTY DAMAGE ONLY (PDO),3,08/25/2018 03:39:32 PM +0000,SAT,M - MALE,1 - NO INJURY / NONE REPORTED,1677262E-E742-41DE-9217-5FA17F173EB7,1 - DAYLIGHT,185011882,1 - NOT COLLISION BETWEEN TWO MOTOR VEHICLES IN TRANSPORT,02 - WET,4 - CURVE GRADE,"2 - BLACKTOP, BITUMINOUS, ASPHALT",N/A,D - DRIVER,1 - CLEAR,45204
26XX GROVER HILL,39.174207,-84.44094,UNKNOWN,PLEASANT RIDGE,PLEASANT RIDGE,08/18/2018 02:20:00 AM +0000,01 - NOT AN INTERSECTION,3 - PROPERTY DAMAGE ONLY (PDO),3,08/18/2018 10:34:00 AM +0000,SAT,,1 - NO INJURY / NONE REPORTED,49D68951-D046-4448-B9A9-4A566E591420,6 - DARK – UNKNOWN ROADWAY LIGHTING,185011674,9 - UNKNOWN,99 - UNKNOWN,1 - STRAIGHT LEVEL,"2 - BLACKTOP, BITUMINOUS, ASPHALT",PLEASANT RIDGE,D - DRIVER,9 - OTHER/UNKNOWN,45212
61XX GLENWAY AV,39.145413,84.620221,26-30,N/A,N/A,08/08/2018 01:00:00 PM +0000,01 - NOT AN INTERSECTION,3 - PROPERTY DAMAGE ONLY (PDO),3,08/08/2018 01:34:00 PM +0000,WED,F - FEMALE,1 - NO INJURY / NONE REPORTED,4C8E4A40-9939-4E88-8DA9-91D40E68221C,1 - DAYLIGHT,185011011,5 - BACKING,01 - DRY,1 - STRAIGHT LEVEL,"2 - BLACKTOP, BITUMINOUS, ASPHALT",N/A,D - DRIVER,1 - CLEAR,45211
18XX AVONLEA AV,39.172662,-84.463871,41-50,BOND HILL,BONDHILL,08/03/2018 03:50:00 PM +0000,01 - NOT AN INTERSECTION,3 - PROPERTY DAMAGE ONLY (PDO),3,08/03/2018 03:56:00 PM +0000,FRI,M - MALE,1 - NO INJURY / NONE REPORTED,E07F3327-7873-44DA-9604-B2D480913A50,1 - DAYLIGHT,185010763,"8 - SIDESWIPE, OPPOSITE DIRECTION",01 - DRY,1 - STRAIGHT LEVEL,"2 - BLACKTOP, BITUMINOUS, ASPHALT",BOND HILL,D - DRIVER,1 - CLEAR,45237
6XX E MARTIN LUTHER KING JR DR.,39.139316,-84.523208,31-40,CUF,CLIFTON/UNIVERSITY HEIGHTS,08/17/2018 04:25:00 PM +0000,01 - NOT AN INTERSECTION,3 - PROPERTY DAMAGE ONLY (PDO),3,08/17/2018 04:25:00 PM +0000,FRI,F - FEMALE,1 - NO INJURY / NONE REPORTED,3B66245A-0E18-45A1-B4D1-AD0E842C182C,1 - DAYLIGHT,185011501,2 - REAR-END,01 - DRY,1 - STRAIGHT LEVEL,"2 - BLACKTOP, BITUMINOUS, ASPHALT",CUF,D - DRIVER,1 - CLEAR,45220
47XX HAMILTON AV,39.178003,-84.544618,UNDER 18,NORTHSIDE,NORTHSIDE,08/08/2018 10:30:46 AM +0000,03 - T-INTERSECTION,2 - INJURY,2,08/08/2018 10:39:46 AM +0000,WED,F - FEMALE,1 - NO INJURY / NONE REPORTED,C4BA7AC7-0FBA-4352-B8C6-B9EE5B39E0E6,1 - DAYLIGHT,185011004,2 - REAR-END,01 - DRY,2 - STRAIGHT GRADE,"2 - BLACKTOP, BITUMINOUS, ASPHALT",COLLEGE HILL,D - DRIVER,1 - CLEAR,45223
65XX DALY RD,39.209026,84.532191,OVER 70,N/A,N/A,08/24/2018 06:45:00 PM +0000,01 - NOT AN INTERSECTION,3 - PROPERTY DAMAGE ONLY (PDO),3,08/24/2018 06:56:00 PM +0000,FRI,M - MALE,1 - NO INJURY / NONE REPORTED,F15CB991-EDAE-4529-A215-50E8FC669288,1 - DAYLIGHT,185011855,2 - REAR-END,01 - DRY,1 - STRAIGHT LEVEL,"2 - BLACKTOP, BITUMINOUS, ASPHALT",N/A,D - DRIVER,1 - CLEAR,45224
1XX E GALBRAITH RD,39.214201,84.477361,51-60,N/A,N/A,08/20/2018 07:28:00 AM +0000,01 - NOT AN INTERSECTION,2 - INJURY,2,08/20/2018 07:28:00 AM +0000,MON,F - FEMALE,3 - NON-INCAPACITATING,DF07A1C5-82E3-48E9-A8B3-8A9357425A6B,1 - DAYLIGHT,185011618,2 - REAR-END,01 - DRY,2 - STRAIGHT GRADE,"2 - BLACKTOP, BITUMINOUS, ASPHALT",N/A,D - DRIVER,1 - CLEAR,45216
44XX COLERAIN AV,39.166109,84.553971,51-60,N/A,N/A,08/20/2018 04:45:00 PM +0000,03 - T-INTERSECTION,2 - INJURY,2,08/20/2018 04:57:00 PM +0000,MON,M - MALE,1 - NO INJURY / NONE REPORTED,F11D7B6C-BE57-4B9D-9813-52B36B339893,1 - DAYLIGHT,185011644,6 - ANGLE,01 - DRY,2 - STRAIGHT GRADE,"2 - BLACKTOP, BITUMINOUS, ASPHALT",N/A,D - DRIVER,1 - CLEAR,45223
19XX W NORTH BEND RD,39.204256,-84.557857,18-25,N/A,N/A,08/22/2018 10:40:00 PM +0000,01 - NOT AN INTERSECTION,3 - PROPERTY DAMAGE ONLY (PDO),3,08/23/2018 01:27:38 PM +0000,WED,F - FEMALE,1 - NO INJURY / NONE REPORTED,FDCEAB0F-347B-4FA8-970C-A88F4D592E68,4 - DARK - LIGHTED ROADWAY,185011776,5 - BACKING,01 - DRY,1 - STRAIGHT LEVEL,"2 - BLACKTOP, BITUMINOUS, ASPHALT",N/A,D - DRIVER,1 - CLEAR,45224
N I75 AT 3-3 MM,39.135211,-84.533511,31-40,CAMP WASHINGTON,CAMP  WASHINGTON,08/02/2018 04:39:00 PM +0000,01 - NOT AN INTERSECTION,2 - INJURY,2,08/02/2018 04:40:00 PM +0000,THU,F - FEMALE,2 - POSSIBLE,7C91570F-2C55-465C-AD33-583F0FE3B078,1 - DAYLIGHT,185010708,2 - REAR-END,01 - DRY,1 - STRAIGHT LEVEL,"2 - BLACKTOP, BITUMINOUS, ASPHALT",CAMP WASHINGTON,D - DRIVER,1 - CLEAR,45214
51XX PADDOCK RD,39.180577,-84.477584,51-60,BOND HILL,BONDHILL,08/14/2018 11:55:00 AM +0000,01 - NOT AN INTERSECTION,2 - INJURY,2,08/14/2018 12:10:00 PM +0000,TUE,M - MALE,3 - NON-INCAPACITATING,22C7C9CB-1C1E-4A32-ABF0-B88CCD739DEE,1 - DAYLIGHT,185011292,1 - NOT COLLISION BETWEEN TWO MOTOR VEHICLES IN TRANSPORT,01 - DRY,2 - STRAIGHT GRADE,"2 - BLACKTOP, BITUMINOUS, ASPHALT",BOND HILL,D - DRIVER,1 - CLEAR,45237
57XX WINTON RD,39.193411,84.524276,26-30,N/A,N/A,08/15/2018 04:56:01 PM +0000,01 - NOT AN INTERSECTION,3 - PROPERTY DAMAGE ONLY (PDO),3,08/15/2018 05:05:18 PM +0000,WED,F - FEMALE,1 - NO INJURY / NONE REPORTED,1484657E-1257-4C42-A83B-72FFD3A8D50D,1 - DAYLIGHT,185011362,2 - REAR-END,02 - WET,2 - STRAIGHT GRADE,"2 - BLACKTOP, BITUMINOUS, ASPHALT",N/A,D - DRIVER,4 - RAIN,45232
27XX SEEGAR AV,39.130875,-84.553402,31-40,SOUTH FAIRMOUNT,NORTH FAIRMOUNT,08/14/2018 05:45:00 PM +0000,03 - T-INTERSECTION,3 - PROPERTY DAMAGE ONLY (PDO),3,08/14/2018 05:51:00 PM +0000,TUE,M - MALE,1 - NO INJURY / NONE REPORTED,86B4D2A8-9867-49EF-A492-4203872281FE,1 - DAYLIGHT,185011311,"7 - SIDESWIPE, SAME DIRECTION",01 - DRY,2 - STRAIGHT GRADE,"2 - BLACKTOP, BITUMINOUS, ASPHALT",NORTH FAIRMOUNT,O - OCCUPANT,1 - CLEAR,45225
29XX WESTKNOLLS LN,39.140371,-84.574671,31-40,WESTWOOD,WESTWOOD,08/17/2018 06:25:00 PM +0000,01 - NOT AN INTERSECTION,2 - INJURY,2,08/17/2018 08:45:00 PM +0000,FRI,F - FEMALE,1 - NO INJURY / NONE REPORTED,27E98037-782B-4D3F-99A4-B098FF6CA474,1 - DAYLIGHT,185011521,1 - NOT COLLISION BETWEEN TWO MOTOR VEHICLES IN TRANSPORT,01 - DRY,1 - STRAIGHT LEVEL,"2 - BLACKTOP, BITUMINOUS, ASPHALT",WESTWOOD,D - DRIVER,1 - CLEAR,45211
N I71 AT 0-6 MM,39.097175,-84.514675,41-50,DOWNTOWN,C. B. D. / RIVERFRONT,08/09/2018 05:20:00 PM +0000,01 - NOT AN INTERSECTION,2 - INJURY,2,08/09/2018 05:20:00 PM +0000,THU,M - MALE,1 - NO INJURY / NONE REPORTED,B5C21297-A549-4D54-A106-86B3F39ABF8A,1 - DAYLIGHT,185011067,2 - REAR-END,01 - DRY,1 - STRAIGHT LEVEL,"2 - BLACKTOP, BITUMINOUS, ASPHALT",DOWNTOWN,D - DRIVER,1 - CLEAR,45202
50XX WHETSEL AV,39.159918,84.392399,OVER 70,N/A,N/A,08/06/2018 03:05:00 PM +0000,02 - FOUR-WAY INTERSECTION,2 - INJURY,2,08/06/2018 03:05:00 PM +0000,MON,M - MALE,3 - NON-INCAPACITATING,BFDB2846-8DEF-46E0-A77A-96AB6B3F78AD,1 - DAYLIGHT,185010883,6 - ANGLE,02 - WET,1 - STRAIGHT LEVEL,"2 - BLACKTOP, BITUMINOUS, ASPHALT",N/A,D - DRIVER,4 - RAIN,45227
52XX RIVER RD,39.093673,-84.652763,18-25,RIVERSIDE,RIVERSIDE,08/04/2018 01:22:00 PM +0000,01 - NOT AN INTERSECTION,2 - INJURY,2,08/04/2018 01:24:00 PM +0000,SAT,M - MALE,3 - NON-INCAPACITATING,249A7F98-FC68-46AB-B651-9E446DA478A9,1 - DAYLIGHT,185010811,2 - REAR-END,01 - DRY,1 - STRAIGHT LEVEL,"2 - BLACKTOP, BITUMINOUS, ASPHALT",RIVERSIDE,D - DRIVER,2 - CLOUDY,45233
56XX RIVER RD,39.099761,-84.665361,51-60,RIVERSIDE,SAYLER  PARK,08/20/2018 03:14:00 AM +0000,01 - NOT AN INTERSECTION,3 - PROPERTY DAMAGE ONLY (PDO),3,08/20/2018 03:16:00 AM +0000,MON,M - MALE,1 - NO INJURY / NONE REPORTED,B3CD519A-3069-4721-ADE2-EFAE756D81F9,4 - DARK - LIGHTED ROADWAY,185011613,1 - NOT COLLISION BETWEEN TWO MOTOR VEHICLES IN TRANSPORT,01 - DRY,1 - STRAIGHT LEVEL,"2 - BLACKTOP, BITUMINOUS, ASPHALT",RIVERSIDE,D - DRIVER,1 - CLEAR,45233
29XX DEBRECK AV,39.139697,84.584105,UNKNOWN,N/A,N/A,08/12/2018 10:00:00 PM +0000,01 - NOT AN INTERSECTION,3 - PROPERTY DAMAGE ONLY (PDO),3,08/13/2018 10:39:00 AM +0000,SUN,,1 - NO INJURY / NONE REPORTED,6DCBF2CD-A5FF-4C89-AB1F-581812E37F99,5 - DARK – ROADWAY NOT LIGHTED,185011246,1 - NOT COLLISION BETWEEN TWO MOTOR VEHICLES IN TRANSPORT,01 - DRY,1 - STRAIGHT LEVEL,"2 - BLACKTOP, BITUMINOUS, ASPHALT",N/A,D - DRIVER,1 - CLEAR,45211
4XX E MARTIN LUTHER KING DR,39.081551,84.295271,18-25,N/A,N/A,08/20/2018 10:54:00 PM +0000,02 - FOUR-WAY INTERSECTION,3 - PROPERTY DAMAGE ONLY (PDO),3,08/20/2018 10:55:00 PM +0000,MON,M - MALE,1 - NO INJURY / NONE REPORTED,AADE0A94-25ED-47BE-AD13-D75AAE1AD19D,4 - DARK - LIGHTED ROADWAY,185011662,6 - ANGLE,02 - WET,2 - STRAIGHT GRADE,1 - CONCRETE,N/A,D - DRIVER,1 - CLEAR,45219
35XX VINE ST,39.149821,84.512221,UNKNOWN,N/A,N/A,08/08/2018 07:05:00 AM +0000,02 - FOUR-WAY INTERSECTION,3 - PROPERTY DAMAGE ONLY (PDO),3,08/08/2018 07:07:00 AM +0000,WED,,1 - NO INJURY / NONE REPORTED,65A42253-CB68-455B-BA7C-B3E173E4B2E0,1 - DAYLIGHT,185010995,2 - REAR-END,02 - WET,1 - STRAIGHT LEVEL,"2 - BLACKTOP, BITUMINOUS, ASPHALT",N/A,D - DRIVER,4 - RAIN,45220
S I75 AT 4-1 MM,39.144911,84.535163,61-70,N/A,N/A,08/03/2018 12:03:00 PM +0000,01 - NOT AN INTERSECTION,2 - INJURY,2,08/03/2018 12:03:00 PM +0000,FRI,F - FEMALE,2 - POSSIBLE,9F1AD872-EFC1-49FF-A051-6A2DFF32EF27,1 - DAYLIGHT,185010751,2 - REAR-END,01 - DRY,3 - CURVE LEVEL,"2 - BLACKTOP, BITUMINOUS, ASPHALT",N/A,D - DRIVER,1 - CLEAR,45223
X E CENTRAL PY,39.106291,-84.513896,26-30,DOWNTOWN,C. B. D. / RIVERFRONT,08/27/2018 11:36:00 AM +0000,02 - FOUR-WAY INTERSECTION,3 - PROPERTY DAMAGE ONLY (PDO),3,08/27/2018 11:40:00 AM +0000,MON,M - MALE,1 - NO INJURY / NONE REPORTED,8989C81E-7097-435B-A31B-8F7EAAB14486,1 - DAYLIGHT,185011955,"7 - SIDESWIPE, SAME DIRECTION",01 - DRY,1 - STRAIGHT LEVEL,"2 - BLACKTOP, BITUMINOUS, ASPHALT",DOWNTOWN,D - DRIVER,1 - CLEAR,45202