ADDRESS_X,LATITUDE_X,LONGITUDE_X,AGE,COMMUNITY_COUNCIL_NEIGHBORHOOD,CPD_NEIGHBORHOOD,CRASHDATE,CRASHLOCATION,CRASHSEVERITY,CRASHSEVERITYID,DATECRASHREPORTED,DAYOFWEEK,GENDER,INJURIES,INSTANCEID,LIGHTCONDITIONSPRIMARY,LOCALREPORTNO,MANNEROFCRASH,ROADCONDITIONSPRIMARY,ROADCONTOUR,ROADSURFACE,SNA_NEIGHBORHOOD,TYPEOFPERSON,WEATHER,ZIP
N I75 AT 5-1 MM,39.155673,84.536652,61-70,N/A,N/A,08/15/2018 12:39:00 PM +0000,01 - NOT AN INTERSECTION,2 - INJURY,2,08/15/2018 12:40:00 PM +0000,WED,M - MALE,3 - NON-INCAPACITATING,B65CAC9E-FF48-4872-B7F4-EB7ED795A3D9,1 - DAYLIGHT,185011343,2 - REAR-END,01 - DRY,3 - CURVE LEVEL,"2 - BLACKTOP, BITUMINOUS, ASPHALT",N/A,D - DRIVER,2 - CLOUDY,45225
28XX LANGDON FARM,39.180716,84.43577,26-30,N/A,N/A,08/26/2018 03:10:00 AM +0000,01 - NOT AN INTERSECTION,2 - INJURY,2,08/26/2018 03:17:00 AM +0000,SUN,M - MALE,4 - INCAPACITATING,B611AC32-3537-46EA-BC1B-D3E816F396DD,4 - DARK - LIGHTED ROADWAY,185011912,1 - NOT COLLISION BETWEEN TWO MOTOR VEHICLES IN TRANSPORT,01 - DRY,2 - STRAIGHT GRADE,"2 - BLACKTOP, BITUMINOUS, ASPHALT",N/A,O - OCCUPANT,2 - CLOUDY,45212
6XX EDEN PARK DR,39.117676,-84.498734,18-25,WALNUT HILLS,WALNUT HILLS,08/03/2018 12:40:00 PM +0000,01 - NOT AN INTERSECTION,3 - PROPERTY DAMAGE ONLY (PDO),3,08/03/2018 01:15:00 PM +0000,FRI,M - MALE,1 - NO INJURY / NONE REPORTED,BFAB11D8-23CE-424F-A380-19702AFD62FA,1 - DAYLIGHT,185010757,2 - REAR-END,01 - DRY,1 - STRAIGHT LEVEL,"2 - BLACKTOP, BITUMINOUS, ASPHALT",WALNUT HILLS,D - DRIVER,1 - CLEAR,45202
13XX PEABODY AV,39.157816,-84.395062,41-50,MADISONVILLE,MADISONVILLE,08/26/2018 02:45:00 PM +0000,01 - NOT AN INTERSECTION,3 - PROPERTY DAMAGE ONLY (PDO),3,08/26/2018 02:46:00 PM +0000,SUN,M - MALE,1 - NO INJURY / NONE REPORTED,78B9B0E3-87E2-4D56-B120-1D866C6DC0C6,1 - DAYLIGHT,185011923,2 - REAR-END,01 - DRY,1 - STRAIGHT LEVEL,1 - CONCRETE,MADISONVILLE,D - DRIVER,1 - CLEAR,45227
35XX MADISON RD,39.136512,84.423926,51-60,N/A,N/A,08/07/2018 05:35:00 PM +0000,10 - DRIVEWAY/ALLEY ACCESS,3 - PROPERTY DAMAGE ONLY (PDO),3,08/07/2018 05:35:00 PM +0000,TUE,M - MALE,1 - NO INJURY / NONE REPORTED,F4363368-B6AF-4E61-86D2-C2B5C930A99F,1 - DAYLIGHT,185010965,1 - NOT COLLISION BETWEEN TWO MOTOR VEHICLES IN TRANSPORT,02 - WET,1 - STRAIGHT LEVEL,"2 - BLACKTOP, BITUMINOUS, ASPHALT",N/A,D - DRIVER,4 - RAIN,45209
60XX RIDGE AV,39.181497,84.426614,61-70,N/A,N/A,08/04/2018 03:13:00 PM +0000,01 - NOT AN INTERSECTION,3 - PROPERTY DAMAGE ONLY (PDO),3,08/04/2018 03:15:00 PM +0000,SAT,F - FEMALE,1 - NO INJURY / NONE REPORTED,EEFA1DEF-2A31-4966-98D6-8E1AB9488E0B,1 - DAYLIGHT,185010820,2 - REAR-END,01 - DRY,1 - STRAIGHT LEVEL,"2 - BLACKTOP, BITUMINOUS, ASPHALT",N/A,D - DRIVER,1 - CLEAR,45213
75XX READING RD,39.198091,-84.448311,31-40,N/A,N/A,08/08/2018 12:00:00 PM +0000,02 - FOUR-WAY INTERSECTION,3 - PROPERTY DAMAGE ONLY (PDO),3,08/08/2018 12:15:00 PM +0000,WED,M - MALE,1 - NO INJURY / NONE REPORTED,CACB829C-9223-4764-9886-FCC1A90CBB39,1 - DAYLIGHT,185011010,2 - REAR-END,01 - DRY,1 - STRAIGHT LEVEL,"2 - BLACKTOP, BITUMINOUS, ASPHALT",N/A,D - DRIVER,2 - CLOUDY,45237
36XX LINWOOD AV,39.121033,84.415947,41-50,N/A,N/A,08/07/2018 10:00:00 AM +0000,03 - T-INTERSECTION,3 - PROPERTY DAMAGE ONLY (PDO),3,08/07/2018 10:00:00 AM +0000,TUE,F - FEMALE,1 - NO INJURY / NONE REPORTED,A56975DF-24A0-4F2D-926B-A00D5072E0A8,1 - DAYLIGHT,185010938,"7 - SIDESWIPE, SAME DIRECTION",01 - DRY,1 - STRAIGHT LEVEL,1 - CONCRETE,N/A,D - DRIVER,1 - CLEAR,45226
N I75 AT 3-5 MM,39.138085,84.533101,UNKNOWN,N/A,N/A,08/07/2018 05:45:00 PM +0000,01 - NOT AN INTERSECTION,3 - PROPERTY DAMAGE ONLY (PDO),3,08/07/2018 05:45:00 PM +0000,TUE,F - FEMALE,1 - NO INJURY / NONE REPORTED,C6B1E728-D4C8-498B-A2D1-9341F7C7B328,1 - DAYLIGHT,185010982,2 - REAR-END,01 - DRY,1 - STRAIGHT LEVEL,"2 - BLACKTOP, BITUMINOUS, ASPHALT",N/A,D - DRIVER,2 - CLOUDY,45214
13XX DELTA AV,39.135961,84.426213,31-40,N/A,N/A,08/17/2018 07:48:00 AM +0000,02 - FOUR-WAY INTERSECTION,2 - INJURY,2,08/17/2018 07:48:00 AM +0000,FRI,M - MALE,3 - NON-INCAPACITATING,7B3CB3CF-71CD-4F47-BBF6-B1A4663BED3A,1 - DAYLIGHT,185011474,1 - NOT COLLISION BETWEEN TWO MOTOR VEHICLES IN TRANSPORT,02 - WET,2 - STRAIGHT GRADE,"2 - BLACKTOP, BITUMINOUS, ASPHALT",N/A,P - PEDESTRIAN,4 - RAIN,45208
27XX SHAFFER AV,39.145217,-84.587484,31-40,WESTWOOD,WESTWOOD,08/05/2018 10:53:00 PM +0000,01 - NOT AN INTERSECTION,3 - PROPERTY DAMAGE ONLY (PDO),3,08/05/2018 10:55:00 PM +0000,SUN,F - FEMALE,1 - NO INJURY / NONE REPORTED,D31BCA7C-FB66-4937-BFBD-F2A711584552,4 - DARK - LIGHTED ROADWAY,185010865,6 - ANGLE,01 - DRY,2 - STRAIGHT GRADE,"2 - BLACKTOP, BITUMINOUS, ASPHALT",WESTWOOD,O - OCCUPANT,1 - CLEAR,45211
3XX HOWELL AV,39.143143,-84.520618,26-30,CLIFTON,CLIFTON,08/08/2018 06:00:00 PM +0000,01 - NOT AN INTERSECTION,3 - PROPERTY DAMAGE ONLY (PDO),3,08/08/2018 06:05:00 PM +0000,WED,M - MALE,1 - NO INJURY / NONE REPORTED,51420E54-4A0F-4695-9DAE-5CBB44CC1F18,1 - DAYLIGHT,185011031,6 - ANGLE,01 - DRY,2 - STRAIGHT GRADE,"2 - BLACKTOP, BITUMINOUS, ASPHALT",CLIFTON,D - DRIVER,1 - CLEAR,45220
16XX SUTTER AV,39.139451,-84.556701,18-25,ENGLISH WOODS,ENGLISH  WOODS,08/19/2018 08:30:00 AM +0000,01 - NOT AN INTERSECTION,3 - PROPERTY DAMAGE ONLY (PDO),3,08/19/2018 07:50:20 PM +0000,SUN,F - FEMALE,1 - NO INJURY / NONE REPORTED,9CD58789-631C-43EC-9A1A-E715D38C883C,1 - DAYLIGHT,185011603,"8 - SIDESWIPE, OPPOSITE DIRECTION",01 - DRY,2 - STRAIGHT GRADE,"2 - BLACKTOP, BITUMINOUS, ASPHALT",ENGLISH WOODS,D - DRIVER,1 - CLEAR,45225
8XX WELLS ST,39.105795,84.569168,UNKNOWN,N/A,N/A,08/17/2018 04:25:00 PM +0000,01 - NOT AN INTERSECTION,3 - PROPERTY DAMAGE ONLY (PDO),3,08/17/2018 04:28:00 PM +0000,FRI,M - MALE,1 - NO INJURY / NONE REPORTED,79390B9B-A4A3-41EB-A2BA-2E42456F0489,1 - DAYLIGHT,185011497,"8 - SIDESWIPE, OPPOSITE DIRECTION",01 - DRY,2 - STRAIGHT GRADE,"2 - BLACKTOP, BITUMINOUS, ASPHALT",N/A,D - DRIVER,1 - CLEAR,45205
W I74 AT 18-9 MM,39.161501,84.553539,18-25,N/A,N/A,08/08/2018 05:35:00 PM +0000,01 - NOT AN INTERSECTION,3 - PROPERTY DAMAGE ONLY (PDO),3,08/08/2018 06:40:00 PM +0000,WED,F - FEMALE,1 - NO INJURY / NONE REPORTED,390BB8D5-255A-4561-8566-1E680DB99D56,1 - DAYLIGHT,185011030,2 - REAR-END,01 - DRY,1 - STRAIGHT LEVEL,"2 - BLACKTOP, BITUMINOUS, ASPHALT",N/A,D - DRIVER,1 - CLEAR,45211
10XX WINFIELD AV,39.112481,84.584038,UNDER 18,N/A,N/A,08/05/2018 02:05:00 PM +0000,02 - FOUR-WAY INTERSECTION,2 - INJURY,2,08/05/2018 02:14:00 PM +0000,SUN,M - MALE,3 - NON-INCAPACITATING,1DBDD731-A041-4A61-B4EA-AE6CE5AF90EC,1 - DAYLIGHT,185010855,1 - NOT COLLISION BETWEEN TWO MOTOR VEHICLES IN TRANSPORT,01 - DRY,2 - STRAIGHT GRADE,"2 - BLACKTOP, BITUMINOUS, ASPHALT",N/A,D - DRIVER,1 - CLEAR,45205
XX E COURT ST,39.106664,-84.512735,26-30,DOWNTOWN,C. B. D. / RIVERFRONT,08/20/2018 03:42:00 PM +0000,01 - NOT AN INTERSECTION,3 - PROPERTY DAMAGE ONLY (PDO),3,08/20/2018 03:43:00 PM +0000,MON,M - MALE,1 - NO INJURY / NONE REPORTED,614656A3-8644-4A45-9605-75825BEE406B,1 - DAYLIGHT,185011639,1 - NOT COLLISION BETWEEN TWO MOTOR VEHICLES IN TRANSPORT,01 - DRY,1 - STRAIGHT LEVEL,3 - BRICK/BLOCK,DOWNTOWN,D - DRIVER,1 - CLEAR,45202
24XX HARRISON AV,39.141734,-84.581151,18-25,WESTWOOD,WESTWOOD,08/15/2018 09:55:00 PM +0000,02 - FOUR-WAY INTERSECTION,3 - PROPERTY DAMAGE ONLY (PDO),3,08/15/2018 10:00:00 PM +0000,WED,F - FEMALE,1 - NO INJURY / NONE REPORTED,AD287297-33CC-4EDE-882E-2474831EC297,4 - DARK - LIGHTED ROADWAY,185011385,6 - ANGLE,02 - WET,1 - STRAIGHT LEVEL,"2 - BLACKTOP, BITUMINOUS, ASPHALT",WESTWOOD,D - DRIVER,4 - RAIN,45211
39XX PAXTON AV,39.148046,84.425114,26-30,N/A,N/A,08/06/2018 04:00:00 PM +0000,01 - NOT AN INTERSECTION,3 - PROPERTY DAMAGE ONLY (PDO),3,08/06/2018 04:05:00 PM +0000,MON,M - MALE,1 - NO INJURY / NONE REPORTED,62526E09-3A43-4069-9327-C358A4D539EF,1 - DAYLIGHT,185010891,4 - REAR-TO-REAR,02 - WET,1 - STRAIGHT LEVEL,"2 - BLACKTOP, BITUMINOUS, ASPHALT",N/A,D - DRIVER,4 - RAIN,45209
6XX E MARTIN LUTHER KING JR DR.,39.138436,-84.524408,26-30,CUF,CLIFTON/UNIVERSITY HEIGHTS,08/17/2018 04:25:00 PM +0000,01 - NOT AN INTERSECTION,3 - PROPERTY DAMAGE ONLY (PDO),3,08/17/2018 04:25:00 PM +0000,FRI,F - FEMALE,1 - NO INJURY / NONE REPORTED,4E218A7B-EFDC-4FDF-97DC-AACA12F1A442,1 - DAYLIGHT,185011504,2 - REAR-END,01 - DRY,1 - STRAIGHT LEVEL,"2 - BLACKTOP, BITUMINOUS, ASPHALT",CUF,D - DRIVER,1 - CLEAR,45220
1XX E 3RD ST,39.098492,-84.509371,61-70,DOWNTOWN,C. B. D. / RIVERFRONT,08/14/2018 05:30:00 PM +0000,01 - NOT AN INTERSECTION,3 - PROPERTY DAMAGE ONLY (PDO),3,08/14/2018 05:35:00 PM +0000,TUE,F - FEMALE,1 - NO INJURY / NONE REPORTED,41E3A74A-03B0-4B4E-92CA-ED65FD0AA983,1 - DAYLIGHT,185011312,"7 - SIDESWIPE, SAME DIRECTION",01 - DRY,1 - STRAIGHT LEVEL,"2 - BLACKTOP, BITUMINOUS, ASPHALT",DOWNTOWN,D - DRIVER,1 - CLEAR,45202
54XX EASTWOOD DR,39.168975,84.407821,18-25,N/A,N/A,08/17/2018 05:16:00 PM +0000,03 - T-INTERSECTION,3 - PROPERTY DAMAGE ONLY (PDO),3,08/17/2018 05:16:00 PM +0000,FRI,M - MALE,1 - NO INJURY / NONE REPORTED,AF71914C-6E67-40C3-90FE-00E8559F9ABC,1 - DAYLIGHT,185011502,"7 - SIDESWIPE, SAME DIRECTION",01 - DRY,1 - STRAIGHT LEVEL,1 - CONCRETE,N/A,D - DRIVER,1 - CLEAR,45227
9XX ROSEMONT AV,39.109249,84.582318,41-50,N/A,N/A,08/06/2018 09:14:00 PM +0000,01 - NOT AN INTERSECTION,3 - PROPERTY DAMAGE ONLY (PDO),3,08/06/2018 09:14:00 PM +0000,MON,F - FEMALE,1 - NO INJURY / NONE REPORTED,F03A9BFD-EF25-4B2A-B0EB-96A344795710,4 - DARK - LIGHTED ROADWAY,185010912,"8 - SIDESWIPE, OPPOSITE DIRECTION",01 - DRY,1 - STRAIGHT LEVEL,"2 - BLACKTOP, BITUMINOUS, ASPHALT",N/A,O - OCCUPANT,1 - CLEAR,45205
9XX SYCAMORE ST,39.107427,84.509524,26-30,N/A,N/A,08/08/2018 01:34:00 PM +0000,02 - FOUR-WAY INTERSECTION,2 - INJURY,2,08/08/2018 01:35:00 PM +0000,WED,M - MALE,2 - POSSIBLE,7C08AA00-FB0D-4EAB-BEBF-C95102583B6C,1 - DAYLIGHT,185011013,2 - REAR-END,01 - DRY,1 - STRAIGHT LEVEL,"2 - BLACKTOP, BITUMINOUS, ASPHALT",N/A,D - DRIVER,2 - CLOUDY,45202
41XX VIRGINIA AV,39.16507,-84.55086,61-70,NORTHSIDE,NORTHSIDE,08/25/2018 04:30:00 PM +0000,01 - NOT AN INTERSECTION,2 - INJURY,2,08/25/2018 04:45:00 PM +0000,SAT,F - FEMALE,2 - POSSIBLE,46AA59A8-0535-4BC4-9864-1F080E88E5EF,1 - DAYLIGHT,185011887,2 - REAR-END,01 - DRY,1 - STRAIGHT LEVEL,"2 - BLACKTOP, BITUMINOUS, ASPHALT",NORTHSIDE,D - DRIVER,1 - CLEAR,45223
80XX WOODBINE AV,39.206946,-84.470183,UNDER 18,HARTWELL,HARTWELL,08/03/2018 09:45:00 AM +0000,01 - NOT AN INTERSECTION,3 - PROPERTY DAMAGE ONLY (PDO),3,08/03/2018 09:50:00 AM +0000,FRI,F - FEMALE,1 - NO INJURY / NONE REPORTED,87771BC4-0D70-4B20-9224-5997F9E836FF,1 - DAYLIGHT,185010745,5 - BACKING,01 - DRY,3 - CURVE LEVEL,"2 - BLACKTOP, BITUMINOUS, ASPHALT",HARTWELL,D - DRIVER,1 - CLEAR,45216
43XX KELLOGG,39.101061,-84.432702,61-70,EAST END,EAST  END,08/27/2018 11:41:00 AM +0000,02 - FOUR-WAY INTERSECTION,3 - PROPERTY DAMAGE ONLY (PDO),3,08/27/2018 11:41:00 AM +0000,MON,F - FEMALE,1 - NO INJURY / NONE REPORTED,61FF5C25-E188-4557-BBB8-F0BCFF844EA0,1 - DAYLIGHT,185011977,6 - ANGLE,01 - DRY,2 - STRAIGHT GRADE,"2 - BLACKTOP, BITUMINOUS, ASPHALT",LINWOOD,D - DRIVER,2 - CLOUDY,45226
52XX GLENWAY AV,39.124325,84.602161,61-70,N/A,N/A,08/13/2018 12:41:00 PM +0000,02 - FOUR-WAY INTERSECTION,3 - PROPERTY DAMAGE ONLY (PDO),3,08/13/2018 12:51:00 PM +0000,MON,M - MALE,1 - NO INJURY / NONE REPORTED,CBDE79EF-299E-415C-A899-8C4D0056B03A,1 - DAYLIGHT,185011249,2 - REAR-END,01 - DRY,1 - STRAIGHT LEVEL,"2 - BLACKTOP, BITUMINOUS, ASPHALT",N/A,D - DRIVER,1 - CLEAR,45238
16XX BRUCE AV,39.168021,84.542441,26-30,N/A,N/A,08/03/2018 04:58:46 PM +0000,01 - NOT AN INTERSECTION,3 - PROPERTY DAMAGE ONLY (PDO),3,08/03/2018 05:01:56 PM +0000,FRI,M - MALE,1 - NO INJURY / NONE REPORTED,977502E8-C00C-4E18-B005-998A3C4FC169,1 - DAYLIGHT,185010767,5 - BACKING,01 - DRY,1 - STRAIGHT LEVEL,"2 - BLACKTOP, BITUMINOUS, ASPHALT",N/A,D - DRIVER,1 - CLEAR,45223
22XX QUEBEC RD,39.122175,84.563965,OVER 70,N/A,N/A,08/22/2018 12:30:00 PM +0000,01 - NOT AN INTERSECTION,3 - PROPERTY DAMAGE ONLY (PDO),3,08/27/2018 09:41:00 AM +0000,WED,M - MALE,1 - NO INJURY / NONE REPORTED,143B84AC-F3AD-4F55-B80B-BD33CD500BFB,1 - DAYLIGHT,185011943,1 - NOT COLLISION BETWEEN TWO MOTOR VEHICLES IN TRANSPORT,01 - DRY,1 - STRAIGHT LEVEL,1 - CONCRETE,N/A,D - DRIVER,1 - CLEAR,45214
55XX RED BANK RD,39.142365,84.404611,51-60,N/A,N/A,08/05/2018 01:30:00 PM +0000,03 - T-INTERSECTION,3 - PROPERTY DAMAGE ONLY (PDO),3,08/05/2018 05:38:41 PM +0000,SUN,M - MALE,1 - NO INJURY / NONE REPORTED,5FFFAE31-A671-40C0-B997-F45643723BB5,1 - DAYLIGHT,185010858,2 - REAR-END,01 - DRY,2 - STRAIGHT GRADE,"2 - BLACKTOP, BITUMINOUS, ASPHALT",N/A,D - DRIVER,1 - CLEAR,45227
29XX DECKEBACH AV,39.136066,-84.530262,UNKNOWN,CUF,CLIFTON/UNIVERSITY HEIGHTS,08/04/2018 03:15:30 PM +0000,01 - NOT AN INTERSECTION,3 - PROPERTY DAMAGE ONLY (PDO),3,08/05/2018 02:03:31 PM +0000,SAT,,1 - NO INJURY / NONE REPORTED,4304E4AB-477E-4D97-A570-BB42495943BA,1 - DAYLIGHT,185010851,5 - BACKING,01 - DRY,1 - STRAIGHT LEVEL,"2 - BLACKTOP, BITUMINOUS, ASPHALT",CUF,D - DRIVER,1 - CLEAR,45220
46XX READING RD,39.168588,-84.469374,41-50,PADDOCK HILLS,BONDHILL,08/02/2018 09:20:00 AM +0000,01 - NOT AN INTERSECTION,3 - PROPERTY DAMAGE ONLY (PDO),3,08/02/2018 09:25:00 AM +0000,THU,M - MALE,1 - NO INJURY / NONE REPORTED,55F0312E-4A2F-4FD6-950D-A29CE3128493,1 - DAYLIGHT,185010697,"7 - SIDESWIPE, SAME DIRECTION",01 - DRY,2 - STRAIGHT GRADE,1 - CONCRETE,BOND HILL,D - DRIVER,1 - CLEAR,45229
29XX GLENWAY AV,39.113851,84.557633,UNKNOWN,N/A,N/A,08/02/2018 11:20:00 PM +0000,01 - NOT AN INTERSECTION,3 - PROPERTY DAMAGE ONLY (PDO),3,08/03/2018 09:00:00 AM +0000,THU,,1 - NO INJURY / NONE REPORTED,89648D33-5636-4B92-8A3F-CC6A3AD031F5,4 - DARK - LIGHTED ROADWAY,185010752,9 - UNKNOWN,01 - DRY,1 - STRAIGHT LEVEL,"2 - BLACKTOP, BITUMINOUS, ASPHALT",N/A,D - DRIVER,2 - CLOUDY,45204
23XX QUEEN CITY AV,39.128391,-84.577325,31-40,WESTWOOD,WESTWOOD,08/19/2018 09:25:00 PM +0000,01 - NOT AN INTERSECTION,3 - PROPERTY DAMAGE ONLY (PDO),3,08/19/2018 09:28:00 PM +0000,SUN,M - MALE,1 - NO INJURY / NONE REPORTED,B5EFCAC4-3B92-4AE8-9656-1C0567EF55E1,4 - DARK - LIGHTED ROADWAY,185011607,1 - NOT COLLISION BETWEEN TWO MOTOR VEHICLES IN TRANSPORT,01 - DRY,2 - STRAIGHT GRADE,"2 - BLACKTOP, BITUMINOUS, ASPHALT",WESTWOOD,D - DRIVER,1 - CLEAR,45238
7XX SYCAMORE ST,39.104575,84.508601,18-25,N/A,N/A,08/11/2018 10:25:00 AM +0000,02 - FOUR-WAY INTERSECTION,2 - INJURY,2,08/11/2018 10:25:00 AM +0000,SAT,F - FEMALE,1 - NO INJURY / NONE REPORTED,FBA9B6BB-B5BC-4AF0-AD85-063118C4B1A8,1 - DAYLIGHT,185011166,6 - ANGLE,01 - DRY,1 - STRAIGHT LEVEL,"2 - BLACKTOP, BITUMINOUS, ASPHALT",N/A,O - OCCUPANT,1 - CLEAR,45202
35XX ESTES PL,39.147478,-84.4922,UNDER 18,AVONDALE,AVONDALE,08/07/2018 12:58:00 PM +0000,01 - NOT AN INTERSECTION,2 - INJURY,2,08/07/2018 12:59:00 PM +0000,TUE,F - FEMALE,3 - NON-INCAPACITATING,545C8B03-B028-4407-8538-035AE259A886,1 - DAYLIGHT,CPD18080700072,1 - NOT COLLISION BETWEEN TWO MOTOR VEHICLES IN TRANSPORT,01 - DRY,1 - STRAIGHT LEVEL,"2 - BLACKTOP, BITUMINOUS, ASPHALT",AVONDALE,P - PEDESTRIAN,2 - CLOUDY,45229
57XX LUHN AV,39.166101,84.393404,26-30,N/A,N/A,08/23/2018 03:30:00 PM +0000,02 - FOUR-WAY INTERSECTION,2 - INJURY,2,08/23/2018 03:36:00 PM +0000,THU,F - FEMALE,1 - NO INJURY / NONE REPORTED,567DA8DF-2D6C-4023-B0AE-940581BA01A8,1 - DAYLIGHT,185011791,6 - ANGLE,01 - DRY,2 - STRAIGHT GRADE,"2 - BLACKTOP, BITUMINOUS, ASPHALT",N/A,D - DRIVER,1 - CLEAR,45227
9XX LEXINGTON AV,39.14749,-84.46762,31-40,N/A,N/A,08/18/2018 08:35:00 PM +0000,04 - Y-INTERSECTION,3 - PROPERTY DAMAGE ONLY (PDO),3,08/19/2018 07:35:00 PM +0000,SAT,M - MALE,1 - NO INJURY / NONE REPORTED,72D39370-A8B9-4B75-8127-17281F6278F9,3 - DUSK,185011602,2 - REAR-END,01 - DRY,1 - STRAIGHT LEVEL,"2 - BLACKTOP, BITUMINOUS, ASPHALT",N/A,D - DRIVER,1 - CLEAR,45229
52XX PONDEROSA DR,39.184492,-84.57501,UNKNOWN,MOUNT AIRY,MOUNT AIRY,08/12/2018 10:20:00 PM +0000,01 - NOT AN INTERSECTION,3 - PROPERTY DAMAGE ONLY (PDO),3,08/13/2018 06:59:00 AM +0000,SUN,,1 - NO INJURY / NONE REPORTED,E311764B-1FC8-46A6-9DE9-BF04D5CA44EF,9 - UNKNOWN,185011236,9 - UNKNOWN,01 - DRY,1 - STRAIGHT LEVEL,1 - CONCRETE,MT. AIRY,D - DRIVER,1 - CLEAR,45239
40XX CLIFTON RIDGE DR,39.128401,-84.517638,18-25,CUF - HEIGHTS,FAIRVIEW,08/11/2018 05:56:00 AM +0000,01 - NOT AN INTERSECTION,3 - PROPERTY DAMAGE ONLY (PDO),3,08/11/2018 05:56:00 AM +0000,SAT,M - MALE,1 - NO INJURY / NONE REPORTED,DBAE0774-3F19-4AB5-B244-2B2ACD729541,4 - DARK - LIGHTED ROADWAY,185011152,1 - NOT COLLISION BETWEEN TWO MOTOR VEHICLES IN TRANSPORT,01 - DRY,2 - STRAIGHT GRADE,"2 - BLACKTOP, BITUMINOUS, ASPHALT",CUF,D - DRIVER,2 - CLOUDY,45220
48XX HAMILTON AV,39.180596,-84.543531,26-30,NORTHSIDE,NORTHSIDE,08/22/2018 11:00:00 AM +0000,01 - NOT AN INTERSECTION,3 - PROPERTY DAMAGE ONLY (PDO),3,08/22/2018 11:50:00 AM +0000,WED,F - FEMALE,1 - NO INJURY / NONE REPORTED,5AA5B8CB-5015-4AE4-8553-463520B84F91,1 - DAYLIGHT,185011726,1 - NOT COLLISION BETWEEN TWO MOTOR VEHICLES IN TRANSPORT,01 - DRY,1 - STRAIGHT LEVEL,"2 - BLACKTOP, BITUMINOUS, ASPHALT",COLLEGE HILL,D - DRIVER,1 - CLEAR,45223
68XX PADDOCK,39.191436,84.475037,31-40,N/A,N/A,08/18/2018 03:51:00 PM +0000,02 - FOUR-WAY INTERSECTION,3 - PROPERTY DAMAGE ONLY (PDO),3,08/18/2018 03:51:00 PM +0000,SAT,M - MALE,1 - NO INJURY / NONE REPORTED,E654A13C-626D-4A30-AA40-6493F09C8217,1 - DAYLIGHT,185011552,2 - REAR-END,01 - DRY,1 - STRAIGHT LEVEL,"2 - BLACKTOP, BITUMINOUS, ASPHALT",N/A,D - DRIVER,1 - CLEAR,45216
5XX BOAL ST,39.112583,-84.506351,51-60,MOUNT AUBURN,MOUNT  AUBURN,08/06/2018 12:00:00 AM +0000,01 - NOT AN INTERSECTION,3 - PROPERTY DAMAGE ONLY (PDO),3,08/06/2018 12:00:00 AM +0000,MON,F - FEMALE,1 - NO INJURY / NONE REPORTED,24204083-BB33-495F-A4AB-6FC43C8E2E7A,4 - DARK - LIGHTED ROADWAY,185010867,5 - BACKING,01 - DRY,1 - STRAIGHT LEVEL,"2 - BLACKTOP, BITUMINOUS, ASPHALT",MT. AUBURN,D - DRIVER,1 - CLEAR,45202
30XX HARRISON AV,28.579638,-81.383575,31-40,N/A,N/A,08/25/2018 08:10:00 PM +0000,01 - NOT AN INTERSECTION,3 - PROPERTY DAMAGE ONLY (PDO),3,08/25/2018 08:10:00 PM +0000,SAT,F - FEMALE,1 - NO INJURY / NONE REPORTED,F49F8984-2D31-4935-8043-82B2F28768F1,1 - DAYLIGHT,185011898,"7 - SIDESWIPE, SAME DIRECTION",02 - WET,1 - STRAIGHT LEVEL,"2 - BLACKTOP, BITUMINOUS, ASPHALT",N/A,D - DRIVER,4 - RAIN,45211
25XX EUCLID AV,39.128723,84.507942,61-70,N/A,N/A,08/09/2018 02:00:00 PM +0000,02 - FOUR-WAY INTERSECTION,3 - PROPERTY DAMAGE ONLY (PDO),3,08/09/2018 02:22:00 PM +0000,THU,M - MALE,1 - NO INJURY / NONE REPORTED,3EFC297E-D168-455B-9A6D-36AEB307E974,1 - DAYLIGHT,185011063,5 - BACKING,01 - DRY,2 - STRAIGHT GRADE,"2 - BLACKTOP, BITUMINOUS, ASPHALT",N/A,D - DRIVER,1 - CLEAR,45219
S I75 AT 8-0 MM,39.178272,-84.487622,51-60,BOND HILL,BONDHILL,08/06/2018 03:44:00 PM +0000,01 - NOT AN INTERSECTION,3 - PROPERTY DAMAGE ONLY (PDO),3,08/06/2018 03:46:00 PM +0000,MON,M - MALE,1 - NO INJURY / NONE REPORTED,71D2BD52-690C-4C43-BB33-587BABC5221D,1 - DAYLIGHT,185010886,2 - REAR-END,02 - WET,3 - CURVE LEVEL,1 - CONCRETE,BOND HILL,D - DRIVER,4 - RAIN,45237
E I275 AT 73-0 MM,39.059097,84.423296,41-50,N/A,N/A,08/16/2018 06:23:00 PM +0000,01 - NOT AN INTERSECTION,2 - INJURY,2,08/16/2018 06:25:00 PM +0000,THU,M - MALE,2 - POSSIBLE,7AB78767-5D42-4CE2-8254-3F84E3815827,1 - DAYLIGHT,185011446,2 - REAR-END,01 - DRY,1 - STRAIGHT LEVEL,"2 - BLACKTOP, BITUMINOUS, ASPHALT",N/A,D - DRIVER,2 - CLOUDY,45230