ADDRESS_X,LATITUDE_X,LONGITUDE_X,AGE,COMMUNITY_COUNCIL_NEIGHBORHOOD,CPD_NEIGHBORHOOD,CRASHDATE,CRASHLOCATION,CRASHSEVERITY,CRASHSEVERITYID,DATECRASHREPORTED,DAYOFWEEK,GENDER,INJURIES,INSTANCEID,LIGHTCONDITIONSPRIMARY,LOCALREPORTNO,MANNEROFCRASH,ROADCONDITIONSPRIMARY,ROADCONTOUR,ROADSURFACE,SNA_NEIGHBORHOOD,TYPEOFPERSON,WEATHER,ZIP
S I75 AT 3-6 MM,39.138368,-84.536379,UNKNOWN,CAMP WASHINGTON,CAMP  WASHINGTON,08/06/2018 02:30:00 PM +0000,01 - NOT AN INTERSECTION,3 - PROPERTY DAMAGE ONLY (PDO),3,08/06/2018 02:40:00 PM +0000,MON,,1 - NO INJURY / NONE REPORTED,6A1D77DA-B2A3-4C06-9331-48F44F405BCA,1 - DAYLIGHT,185010904,2 - REAR-END,01 - DRY,1 - STRAIGHT LEVEL,"2 - BLACKTOP, BITUMINOUS, ASPHALT",CAMP WASHINGTON,D - DRIVER,1 - CLEAR,45214
72XX EASTLAWN DR,39.19337,-84.455793,UNDER 18,ROSELAWN,ROSELAWN,08/23/2018 03:30:00 PM +0000,03 - T-INTERSECTION,2 - INJURY,2,08/23/2018 08:00:00 PM +0000,THU,M - MALE,2 - POSSIBLE,EEFC30CD-821B-4F5C-B470-43542245EC2C,1 - DAYLIGHT,185011807,1 - NOT COLLISION BETWEEN TWO MOTOR VEHICLES IN TRANSPORT,01 - DRY,1 - STRAIGHT LEVEL,"2 - BLACKTOP, BITUMINOUS, ASPHALT",ROSELAWN,O - OCCUPANT,1 - CLEAR,45237
53XX COLERAIN AV,39.188791,-84.569571,31-40,MOUNT AIRY,MOUNT AIRY,08/06/2018 04:09:00 PM +0000,03 - T-INTERSECTION,3 - PROPERTY DAMAGE ONLY (PDO),3,08/06/2018 04:10:00 PM +0000,MON,F - FEMALE,1 - NO INJURY / NONE REPORTED,6C299E13-FD36-490E-984C-5389D5AA8A7B,1 - DAYLIGHT,185010893,6 - ANGLE,01 - DRY,4 - CURVE GRADE,"2 - BLACKTOP, BITUMINOUS, ASPHALT",MT. AIRY,D - DRIVER,2 - CLOUDY,45223
E I74 AT 18-3 MM,39.151955,84.541344,UNKNOWN,N/A,N/A,08/12/2018 09:00:00 AM +0000,01 - NOT AN INTERSECTION,3 - PROPERTY DAMAGE ONLY (PDO),3,08/12/2018 09:20:00 AM +0000,SUN,,1 - NO INJURY / NONE REPORTED,CD536110-51C3-4F26-9CC0-40B14E7A16F0,1 - DAYLIGHT,185011205,1 - NOT COLLISION BETWEEN TWO MOTOR VEHICLES IN TRANSPORT,01 - DRY,3 - CURVE LEVEL,"2 - BLACKTOP, BITUMINOUS, ASPHALT",N/A,D - DRIVER,1 - CLEAR,45225
8XX ALTOONA ST,39.13548,-84.487358,26-30,WALNUT HILLS,WALNUT HILLS,08/28/2018 07:00:00 PM +0000,01 - NOT AN INTERSECTION,3 - PROPERTY DAMAGE ONLY (PDO),3,08/28/2018 07:44:00 PM +0000,TUE,F - FEMALE,1 - NO INJURY / NONE REPORTED,2AD68476-CC17-4706-8D21-09955965F1E5,1 - DAYLIGHT,185012031,"7 - SIDESWIPE, SAME DIRECTION",01 - DRY,2 - STRAIGHT GRADE,"2 - BLACKTOP, BITUMINOUS, ASPHALT",WALNUT HILLS,D - DRIVER,1 - CLEAR,45206
N I75 AT 0-7 MM,39.098045,84.515059,61-70,N/A,N/A,08/15/2018 04:50:00 PM +0000,01 - NOT AN INTERSECTION,3 - PROPERTY DAMAGE ONLY (PDO),3,08/15/2018 05:00:00 PM +0000,WED,F - FEMALE,1 - NO INJURY / NONE REPORTED,C88DC5AA-F679-4F0C-B43B-815873DC74A0,1 - DAYLIGHT,185011372,6 - ANGLE,02 - WET,3 - CURVE LEVEL,"2 - BLACKTOP, BITUMINOUS, ASPHALT",N/A,D - DRIVER,2 - CLOUDY,45202
29XX MONTANA AV,39.149341,84.596606,31-40,N/A,N/A,08/23/2018 01:50:00 PM +0000,01 - NOT AN INTERSECTION,2 - INJURY,2,08/23/2018 01:59:00 PM +0000,THU,F - FEMALE,1 - NO INJURY / NONE REPORTED,97ED05BD-41C8-48F9-B596-00616F1C906A,1 - DAYLIGHT,185011781,2 - REAR-END,01 - DRY,1 - STRAIGHT LEVEL,"2 - BLACKTOP, BITUMINOUS, ASPHALT",N/A,D - DRIVER,1 - CLEAR,45211
30XX BURNET AV,39.133496,-84.500796,UNKNOWN,AVONDALE,AVONDALE,08/10/2018 11:55:00 AM +0000,01 - NOT AN INTERSECTION,3 - PROPERTY DAMAGE ONLY (PDO),3,08/10/2018 11:59:00 AM +0000,FRI,,1 - NO INJURY / NONE REPORTED,5CB89BE0-725B-4C8E-9850-FB265094DA87,1 - DAYLIGHT,185011100,6 - ANGLE,01 - DRY,2 - STRAIGHT GRADE,"2 - BLACKTOP, BITUMINOUS, ASPHALT",AVONDALE,D - DRIVER,2 - CLOUDY,45219
19XX HEWITT AV,39.136231,84.466401,26-30,N/A,N/A,08/24/2018 11:00:44 PM +0000,01 - NOT AN INTERSECTION,3 - PROPERTY DAMAGE ONLY (PDO),3,08/25/2018 11:15:14 AM +0000,FRI,F - FEMALE,1 - NO INJURY / NONE REPORTED,F73F1A88-A4EE-4C65-9D61-B149FCA951AE,4 - DARK - LIGHTED ROADWAY,185011870,"7 - SIDESWIPE, SAME DIRECTION",01 - DRY,1 - STRAIGHT LEVEL,"2 - BLACKTOP, BITUMINOUS, ASPHALT",N/A,D - DRIVER,1 - CLEAR,45207
49XX GLENWAY AV,39.118001,-84.599132,41-50,WEST PRICE HILL,WEST PRICE HILL,08/14/2018 05:20:00 PM +0000,01 - NOT AN INTERSECTION,3 - PROPERTY DAMAGE ONLY (PDO),3,08/14/2018 05:28:00 PM +0000,TUE,M - MALE,1 - NO INJURY / NONE REPORTED,C6494A69-1201-4869-AC21-2EE5ED5FC91B,1 - DAYLIGHT,185011315,2 - REAR-END,01 - DRY,1 - STRAIGHT LEVEL,"2 - BLACKTOP, BITUMINOUS, ASPHALT",WEST PRICE HILL,D - DRIVER,1 - CLEAR,45238
S I71 AT 2-1 MM,39.112618,84.501405,31-40,N/A,N/A,08/09/2018 06:55:00 AM +0000,01 - NOT AN INTERSECTION,2 - INJURY,2,08/09/2018 06:55:00 AM +0000,THU,M - MALE,3 - NON-INCAPACITATING,89E7F8D6-DFE2-48F7-A6A9-04E310370409,1 - DAYLIGHT,185011051,1 - NOT COLLISION BETWEEN TWO MOTOR VEHICLES IN TRANSPORT,01 - DRY,2 - STRAIGHT GRADE,"2 - BLACKTOP, BITUMINOUS, ASPHALT",N/A,D - DRIVER,1 - CLEAR,45202
18XX QUEEN CITY AV,39.125685,-84.558148,31-40,SOUTH FAIRMOUNT,SOUTH  FAIRMOUNT,08/11/2018 10:48:00 PM +0000,01 - NOT AN INTERSECTION,3 - PROPERTY DAMAGE ONLY (PDO),3,08/11/2018 10:49:00 PM +0000,SAT,F - FEMALE,1 - NO INJURY / NONE REPORTED,85B18C33-EB1C-4E7A-B048-1982D9F66BDF,4 - DARK - LIGHTED ROADWAY,185011199,1 - NOT COLLISION BETWEEN TWO MOTOR VEHICLES IN TRANSPORT,02 - WET,1 - STRAIGHT LEVEL,"2 - BLACKTOP, BITUMINOUS, ASPHALT",SOUTH FAIRMOUNT,D - DRIVER,2 - CLOUDY,45214
1XX W KING DR,39.135571,-84.512943,41-50,CORRYVILLE - HEIGHTS,CLIFTON/UNIVERSITY HEIGHTS,08/21/2018 07:34:00 AM +0000,02 - FOUR-WAY INTERSECTION,2 - INJURY,2,08/21/2018 07:36:00 AM +0000,TUE,F - FEMALE,2 - POSSIBLE,32273D3E-F28B-4E95-9355-EF69B99331C8,1 - DAYLIGHT,185011676,6 - ANGLE,01 - DRY,1 - STRAIGHT LEVEL,"2 - BLACKTOP, BITUMINOUS, ASPHALT",CUF,D - DRIVER,2 - CLOUDY,45220
2XX E 2ND ST,39.097512,84.509786,51-60,N/A,N/A,08/17/2018 05:58:00 PM +0000,02 - FOUR-WAY INTERSECTION,3 - PROPERTY DAMAGE ONLY (PDO),3,08/17/2018 06:00:00 PM +0000,FRI,M - MALE,1 - NO INJURY / NONE REPORTED,48BCB792-FF73-4DF2-8205-CC2067F7121B,1 - DAYLIGHT,185011509,6 - ANGLE,01 - DRY,1 - STRAIGHT LEVEL,1 - CONCRETE,N/A,D - DRIVER,2 - CLOUDY,45202
E I74 AT 19-0 MM,39.152161,84.540202,18-25,N/A,N/A,08/16/2018 08:25:00 AM +0000,01 - NOT AN INTERSECTION,3 - PROPERTY DAMAGE ONLY (PDO),3,08/16/2018 08:27:00 AM +0000,THU,F - FEMALE,1 - NO INJURY / NONE REPORTED,C2A60F7E-354A-4D97-95A6-DA5E5353CD25,1 - DAYLIGHT,185011399,2 - REAR-END,02 - WET,1 - STRAIGHT LEVEL,1 - CONCRETE,N/A,D - DRIVER,4 - RAIN,45223
16XX SEYMOUR AV,39.191884,-84.466702,UNKNOWN,ROSELAWN,ROSELAWN,08/17/2018 05:00:00 PM +0000,01 - NOT AN INTERSECTION,3 - PROPERTY DAMAGE ONLY (PDO),3,08/17/2018 07:08:00 PM +0000,FRI,,1 - NO INJURY / NONE REPORTED,A2579D4C-25C3-4020-B363-3160DC6B8EF7,1 - DAYLIGHT,185011510,9 - UNKNOWN,01 - DRY,1 - STRAIGHT LEVEL,1 - CONCRETE,ROSELAWN,D - DRIVER,2 - CLOUDY,45237
15XX GROESBECK RD,39.195321,84.544531,41-50,N/A,N/A,08/16/2018 11:00:00 PM +0000,01 - NOT AN INTERSECTION,2 - INJURY,2,08/16/2018 11:00:00 PM +0000,THU,M - MALE,1 - NO INJURY / NONE REPORTED,BF1AA3EB-33C0-4BF8-A101-96B284A366B7,4 - DARK - LIGHTED ROADWAY,185011464,1 - NOT COLLISION BETWEEN TWO MOTOR VEHICLES IN TRANSPORT,02 - WET,1 - STRAIGHT LEVEL,"2 - BLACKTOP, BITUMINOUS, ASPHALT",N/A,O - OCCUPANT,4 - RAIN,45224
56XX HAMILTON AVENUE,39.193821,84.554261,18-25,N/A,N/A,08/16/2018 02:45:00 PM +0000,01 - NOT AN INTERSECTION,3 - PROPERTY DAMAGE ONLY (PDO),3,08/16/2018 02:54:00 PM +0000,THU,M - MALE,1 - NO INJURY / NONE REPORTED,5084CBB7-F327-449E-B225-D0A52243E502,1 - DAYLIGHT,185011426,2 - REAR-END,02 - WET,2 - STRAIGHT GRADE,"2 - BLACKTOP, BITUMINOUS, ASPHALT",N/A,D - DRIVER,4 - RAIN,45224
18XX AVONLEA AV,39.173562,-84.464531,18-25,BOND HILL,BONDHILL,08/03/2018 03:50:00 PM +0000,01 - NOT AN INTERSECTION,3 - PROPERTY DAMAGE ONLY (PDO),3,08/03/2018 03:56:00 PM +0000,FRI,F - FEMALE,1 - NO INJURY / NONE REPORTED,E07F3327-7873-44DA-9604-B2D480913A50,1 - DAYLIGHT,185010763,"8 - SIDESWIPE, OPPOSITE DIRECTION",01 - DRY,1 - STRAIGHT LEVEL,"2 - BLACKTOP, BITUMINOUS, ASPHALT",BOND HILL,D - DRIVER,1 - CLEAR,45237
E I74 AT 19.1 MM,39.153334,84.540872,41-50,N/A,N/A,08/07/2018 06:12:00 PM +0000,01 - NOT AN INTERSECTION,3 - PROPERTY DAMAGE ONLY (PDO),3,08/07/2018 06:12:00 PM +0000,TUE,F - FEMALE,1 - NO INJURY / NONE REPORTED,45C38970-772C-43C6-AE36-1E19428F711B,1 - DAYLIGHT,185010985,6 - ANGLE,02 - WET,4 - CURVE GRADE,"2 - BLACKTOP, BITUMINOUS, ASPHALT",N/A,D - DRIVER,2 - CLOUDY,45223
9XX EZZARD CHARLES DR,39.109851,84.532137,31-40,N/A,N/A,08/18/2018 11:35:00 AM +0000,02 - FOUR-WAY INTERSECTION,2 - INJURY,2,08/18/2018 11:45:00 AM +0000,SAT,F - FEMALE,3 - NON-INCAPACITATING,2E49B1AA-C47E-44C5-A098-42A21AB8AAC6,1 - DAYLIGHT,185011540,6 - ANGLE,01 - DRY,1 - STRAIGHT LEVEL,"2 - BLACKTOP, BITUMINOUS, ASPHALT",N/A,O - OCCUPANT,1 - CLEAR,45203
22XX HARRISON AV,39.134991,84.575538,18-25,N/A,N/A,08/19/2018 06:00:00 PM +0000,01 - NOT AN INTERSECTION,3 - PROPERTY DAMAGE ONLY (PDO),3,08/19/2018 06:10:00 PM +0000,SUN,M - MALE,1 - NO INJURY / NONE REPORTED,91A5CC38-D709-4553-8DDB-CF9F6D294228,1 - DAYLIGHT,185011599,6 - ANGLE,01 - DRY,1 - STRAIGHT LEVEL,"2 - BLACKTOP, BITUMINOUS, ASPHALT",N/A,D - DRIVER,1 - CLEAR,45211
45XX BARBARA PL,39.167511,-84.480161,UNKNOWN,PADDOCK HILLS,PADDOCK  HILLS,08/21/2018 09:30:00 AM +0000,01 - NOT AN INTERSECTION,3 - PROPERTY DAMAGE ONLY (PDO),3,08/21/2018 09:35:00 AM +0000,TUE,,1 - NO INJURY / NONE REPORTED,0BF8CB1D-AD3E-45BD-9BF3-A035B12CB7DD,9 - UNKNOWN,185011671,1 - NOT COLLISION BETWEEN TWO MOTOR VEHICLES IN TRANSPORT,99 - UNKNOWN,1 - STRAIGHT LEVEL,"2 - BLACKTOP, BITUMINOUS, ASPHALT",NORTH AVONDALE - PADDOCK HILLS,D - DRIVER,9 - OTHER/UNKNOWN,45229
9XX ELBERON AV,39.109231,-84.564459,31-40,EAST PRICE HILL,EAST PRICE HILL,08/17/2018 09:31:00 PM +0000,03 - T-INTERSECTION,2 - INJURY,2,08/17/2018 11:30:00 PM +0000,FRI,M - MALE,1 - NO INJURY / NONE REPORTED,CAB6DF1E-DFCA-4411-A392-CBADB6DA595B,4 - DARK - LIGHTED ROADWAY,185011528,6 - ANGLE,01 - DRY,1 - STRAIGHT LEVEL,"2 - BLACKTOP, BITUMINOUS, ASPHALT",EAST PRICE HILL,D - DRIVER,1 - CLEAR,45205
32XX HARRISON AV,39.153849,-84.603178,41-50,WESTWOOD,WESTWOOD,08/03/2018 09:07:00 PM +0000,02 - FOUR-WAY INTERSECTION,3 - PROPERTY DAMAGE ONLY (PDO),3,08/03/2018 10:27:53 PM +0000,FRI,M - MALE,1 - NO INJURY / NONE REPORTED,4B74934D-41DF-4BFF-901B-F71483B204DB,4 - DARK - LIGHTED ROADWAY,185010786,2 - REAR-END,01 - DRY,1 - STRAIGHT LEVEL,"2 - BLACKTOP, BITUMINOUS, ASPHALT",WESTWOOD,D - DRIVER,1 - CLEAR,45211
XX W 70TH ST,39.194576,-84.481201,51-60,CARTHAGE,CARTHAGE,08/13/2018 09:20:00 PM +0000,01 - NOT AN INTERSECTION,3 - PROPERTY DAMAGE ONLY (PDO),3,08/13/2018 09:25:00 PM +0000,MON,F - FEMALE,1 - NO INJURY / NONE REPORTED,AD39BCC8-05B1-4857-BC03-E59255ADC742,4 - DARK - LIGHTED ROADWAY,185011273,2 - REAR-END,01 - DRY,1 - STRAIGHT LEVEL,"2 - BLACKTOP, BITUMINOUS, ASPHALT",CARTHAGE,D - DRIVER,1 - CLEAR,45216
17XX COLUMBIA PY,39.130315,84.429201,31-40,N/A,N/A,08/04/2018 04:55:00 PM +0000,03 - T-INTERSECTION,3 - PROPERTY DAMAGE ONLY (PDO),3,08/04/2018 05:05:00 PM +0000,SAT,F - FEMALE,1 - NO INJURY / NONE REPORTED,FFE0D2A7-D4D9-4750-A07E-3A150717401F,1 - DAYLIGHT,185010826,2 - REAR-END,02 - WET,1 - STRAIGHT LEVEL,"2 - BLACKTOP, BITUMINOUS, ASPHALT",N/A,D - DRIVER,4 - RAIN,45202
S I71 AT 4-0 MM,39.136927,-84.491063,61-70,AVONDALE,AVONDALE,08/14/2018 03:15:00 PM +0000,01 - NOT AN INTERSECTION,3 - PROPERTY DAMAGE ONLY (PDO),3,08/14/2018 03:16:00 PM +0000,TUE,M - MALE,1 - NO INJURY / NONE REPORTED,CBCDBD42-BE1E-4F78-B35F-E09ACDC8404A,1 - DAYLIGHT,185011301,2 - REAR-END,01 - DRY,1 - STRAIGHT LEVEL,"2 - BLACKTOP, BITUMINOUS, ASPHALT",AVONDALE,D - DRIVER,1 - CLEAR,
6XX READING RD,39.127538,-84.498942,41-50,WALNUT HILLS,WALNUT HILLS,08/03/2018 10:34:00 PM +0000,02 - FOUR-WAY INTERSECTION,3 - PROPERTY DAMAGE ONLY (PDO),3,08/03/2018 10:34:00 PM +0000,FRI,F - FEMALE,1 - NO INJURY / NONE REPORTED,0C38182B-ACAF-413E-92C6-FD9FA02FA6EE,4 - DARK - LIGHTED ROADWAY,185010789,6 - ANGLE,01 - DRY,1 - STRAIGHT LEVEL,"2 - BLACKTOP, BITUMINOUS, ASPHALT",AVONDALE,D - DRIVER,1 - CLEAR,45206
46XX READING RD,39.167998,-84.469474,51-60,PADDOCK HILLS,BONDHILL,08/02/2018 09:20:00 AM +0000,01 - NOT AN INTERSECTION,3 - PROPERTY DAMAGE ONLY (PDO),3,08/02/2018 09:25:00 AM +0000,THU,M - MALE,1 - NO INJURY / NONE REPORTED,55F0312E-4A2F-4FD6-950D-A29CE3128493,1 - DAYLIGHT,185010697,"7 - SIDESWIPE, SAME DIRECTION",01 - DRY,2 - STRAIGHT GRADE,1 - CONCRETE,BOND HILL,D - DRIVER,1 - CLEAR,45229
S I75 AT 2-1 MM,39.238667,-84.451311,31-40,N/A,N/A,08/15/2018 06:55:00 PM +0000,01 - NOT AN INTERSECTION,3 - PROPERTY DAMAGE ONLY (PDO),3,08/17/2018 08:40:00 PM +0000,WED,M - MALE,1 - NO INJURY / NONE REPORTED,B49C4FF8-45BB-4E13-B37F-64FD79D1768A,3 - DUSK,185011518,"7 - SIDESWIPE, SAME DIRECTION",02 - WET,1 - STRAIGHT LEVEL,1 - CONCRETE,N/A,D - DRIVER,2 - CLOUDY,45202
49XX KIRBY AV,39.177828,-84.553791,26-30,MOUNT AIRY,COLLEGE  HILL,08/13/2018 09:10:00 AM +0000,01 - NOT AN INTERSECTION,2 - INJURY,2,08/13/2018 09:12:00 AM +0000,MON,M - MALE,3 - NON-INCAPACITATING,11377534-0C78-464B-9821-C6FD64253994,1 - DAYLIGHT,185011241,1 - NOT COLLISION BETWEEN TWO MOTOR VEHICLES IN TRANSPORT,01 - DRY,1 - STRAIGHT LEVEL,"2 - BLACKTOP, BITUMINOUS, ASPHALT",COLLEGE HILL,D - DRIVER,1 - CLEAR,45223
S I75 AT 0-2 MM,39.091725,84.522883,31-40,N/A,N/A,08/03/2018 10:33:00 AM +0000,01 - NOT AN INTERSECTION,3 - PROPERTY DAMAGE ONLY (PDO),3,08/03/2018 10:33:00 AM +0000,FRI,F - FEMALE,1 - NO INJURY / NONE REPORTED,D26E3C21-B41E-4F3E-BE65-1B24E7665178,1 - DAYLIGHT,185010746,6 - ANGLE,01 - DRY,1 - STRAIGHT LEVEL,"2 - BLACKTOP, BITUMINOUS, ASPHALT",N/A,D - DRIVER,1 - CLEAR,45202
29XX WASSON RD,39.144873,84.434463,26-30,N/A,N/A,08/27/2018 06:02:00 PM +0000,01 - NOT AN INTERSECTION,3 - PROPERTY DAMAGE ONLY (PDO),3,08/27/2018 06:03:00 PM +0000,MON,F - FEMALE,1 - NO INJURY / NONE REPORTED,936CCCE9-60E5-4E5F-8845-D842A20E2D5C,1 - DAYLIGHT,185011974,2 - REAR-END,01 - DRY,1 - STRAIGHT LEVEL,"2 - BLACKTOP, BITUMINOUS, ASPHALT",N/A,D - DRIVER,1 - CLEAR,45208
9XX RACE ST,39.104548,84.516453,26-30,N/A,N/A,08/04/2018 08:35:00 AM +0000,02 - FOUR-WAY INTERSECTION,2 - INJURY,2,08/04/2018 08:36:00 AM +0000,SAT,F - FEMALE,2 - POSSIBLE,60E9A205-C902-422F-8691-D8739B10E495,1 - DAYLIGHT,185010801,6 - ANGLE,01 - DRY,1 - STRAIGHT LEVEL,"2 - BLACKTOP, BITUMINOUS, ASPHALT",N/A,O - OCCUPANT,1 - CLEAR,45202
28XX JEFFERSON AV,39.133451,-84.512078,18-25,CORRYVILLE - HEIGHTS,CLIFTON/UNIVERSITY HEIGHTS,08/10/2018 10:59:00 PM +0000,02 - FOUR-WAY INTERSECTION,2 - INJURY,2,08/10/2018 10:59:00 PM +0000,FRI,F - FEMALE,3 - NON-INCAPACITATING,3AC9F487-D910-4B84-B501-0EAB0B025DAD,4 - DARK - LIGHTED ROADWAY,185011137,6 - ANGLE,01 - DRY,1 - STRAIGHT LEVEL,"2 - BLACKTOP, BITUMINOUS, ASPHALT",CUF,O - OCCUPANT,2 - CLOUDY,45221
44XX READING RD,39.166308,-84.470575,41-50,PADDOCK HILLS,PADDOCK  HILLS,08/25/2018 01:04:00 AM +0000,01 - NOT AN INTERSECTION,2 - INJURY,2,08/25/2018 01:05:00 AM +0000,SAT,M - MALE,4 - INCAPACITATING,34DF1D0C-5787-43C2-AC22-25BA23509B3F,4 - DARK - LIGHTED ROADWAY,185011954,1 - NOT COLLISION BETWEEN TWO MOTOR VEHICLES IN TRANSPORT,01 - DRY,1 - STRAIGHT LEVEL,"2 - BLACKTOP, BITUMINOUS, ASPHALT",NORTH AVONDALE - PADDOCK HILLS,P - PEDESTRIAN,1 - CLEAR,45229
27XX MONTANA AV,39.151741,-84.588764,31-40,WESTWOOD,WESTWOOD,08/21/2018 03:48:00 PM +0000,01 - NOT AN INTERSECTION,3 - PROPERTY DAMAGE ONLY (PDO),3,08/21/2018 03:48:00 PM +0000,TUE,F - FEMALE,1 - NO INJURY / NONE REPORTED,573056CB-7BF0-468F-AF5C-3DBAF44681D6,1 - DAYLIGHT,185011692,2 - REAR-END,01 - DRY,1 - STRAIGHT LEVEL,"2 - BLACKTOP, BITUMINOUS, ASPHALT",WESTWOOD,D - DRIVER,1 - CLEAR,45211
24XX HARRISON AV,39.140574,84.580839,31-40,N/A,N/A,08/25/2018 11:35:00 AM +0000,02 - FOUR-WAY INTERSECTION,3 - PROPERTY DAMAGE ONLY (PDO),3,08/25/2018 11:42:00 AM +0000,SAT,M - MALE,1 - NO INJURY / NONE REPORTED,874B46D4-3D5A-427C-987B-404F2AB42987,1 - DAYLIGHT,185011871,6 - ANGLE,02 - WET,1 - STRAIGHT LEVEL,"2 - BLACKTOP, BITUMINOUS, ASPHALT",N/A,D - DRIVER,4 - RAIN,45211
74XX PADDOCK RD,39.196792,-84.476399,51-60,CARTHAGE,CARTHAGE,08/09/2018 09:21:00 PM +0000,01 - NOT AN INTERSECTION,2 - INJURY,2,08/09/2018 09:32:23 PM +0000,THU,M - MALE,1 - NO INJURY / NONE REPORTED,AA0C0BEE-C8CC-4443-B18E-E595989D9F06,4 - DARK - LIGHTED ROADWAY,185011082,6 - ANGLE,01 - DRY,3 - CURVE LEVEL,1 - CONCRETE,CARTHAGE,D - DRIVER,1 - CLEAR,45216
39XX W 8TH ST,39.168231,84.582127,UNDER 18,N/A,N/A,08/23/2018 06:02:00 PM +0000,01 - NOT AN INTERSECTION,3 - PROPERTY DAMAGE ONLY (PDO),3,08/23/2018 06:02:00 PM +0000,THU,M - MALE,1 - NO INJURY / NONE REPORTED,C1EEA892-F050-479D-8F01-7023A9E80AE1,1 - DAYLIGHT,185011796,1 - NOT COLLISION BETWEEN TWO MOTOR VEHICLES IN TRANSPORT,01 - DRY,2 - STRAIGHT GRADE,"2 - BLACKTOP, BITUMINOUS, ASPHALT",N/A,D - DRIVER,1 - CLEAR,45205
20XX E SEYMOUR AV,39.186409,-84.456687,UNKNOWN,ROSELAWN,ROSELAWN,08/04/2018 03:58:00 PM +0000,01 - NOT AN INTERSECTION,3 - PROPERTY DAMAGE ONLY (PDO),3,08/04/2018 05:00:00 PM +0000,SAT,,1 - NO INJURY / NONE REPORTED,0A958B8B-D2DE-4EAC-8435-2525F2BAE1F5,1 - DAYLIGHT,185010824,"7 - SIDESWIPE, SAME DIRECTION",01 - DRY,1 - STRAIGHT LEVEL,"2 - BLACKTOP, BITUMINOUS, ASPHALT",ROSELAWN,D - DRIVER,1 - CLEAR,45216
44XX RAPID RUN RD,39.116951,84.58842,51-60,N/A,N/A,08/28/2018 06:19:00 AM +0000,01 - NOT AN INTERSECTION,3 - PROPERTY DAMAGE ONLY (PDO),3,08/28/2018 06:19:00 AM +0000,TUE,M - MALE,1 - NO INJURY / NONE REPORTED,470CD215-F93A-4C64-95BF-17A93AF6ADBF,4 - DARK - LIGHTED ROADWAY,185011989,"7 - SIDESWIPE, SAME DIRECTION",01 - DRY,1 - STRAIGHT LEVEL,"2 - BLACKTOP, BITUMINOUS, ASPHALT",N/A,D - DRIVER,1 - CLEAR,45238
1XX KING DR,39.134961,-84.512074,31-40,CORRYVILLE,CLIFTON,08/28/2018 03:33:00 PM +0000,02 - FOUR-WAY INTERSECTION,2 - INJURY,2,08/28/2018 03:33:00 PM +0000,TUE,M - MALE,2 - POSSIBLE,7CA35DD6-E08C-4E0F-B926-9CFA62D6FCB0,1 - DAYLIGHT,185012011,6 - ANGLE,01 - DRY,2 - STRAIGHT GRADE,"2 - BLACKTOP, BITUMINOUS, ASPHALT",CUF,D - DRIVER,1 - CLEAR,45221
55XX GLENWAY AV,39.130416,84.609214,UNDER 18,N/A,N/A,08/13/2018 05:40:00 PM +0000,03 - T-INTERSECTION,2 - INJURY,2,08/13/2018 06:18:00 PM +0000,MON,M - MALE,3 - NON-INCAPACITATING,BF86D1D1-068E-4167-9D86-80E35C373186,1 - DAYLIGHT,185011265,1 - NOT COLLISION BETWEEN TWO MOTOR VEHICLES IN TRANSPORT,01 - DRY,1 - STRAIGHT LEVEL,"2 - BLACKTOP, BITUMINOUS, ASPHALT",N/A,P - PEDESTRIAN,1 - CLEAR,45238
16XX WESTWOOD AV,39.124022,84.550082,18-25,N/A,N/A,08/07/2018 06:40:00 AM +0000,01 - NOT AN INTERSECTION,3 - PROPERTY DAMAGE ONLY (PDO),3,08/07/2018 06:43:00 AM +0000,TUE,F - FEMALE,1 - NO INJURY / NONE REPORTED,056F4522-8FAB-4081-8641-4479C9FE1874,1 - DAYLIGHT,185010926,2 - REAR-END,02 - WET,1 - STRAIGHT LEVEL,"2 - BLACKTOP, BITUMINOUS, ASPHALT",N/A,D - DRIVER,4 - RAIN,45214
59XX GLENWAY AV,39.140278,-84.616806,UNKNOWN,WESTWOOD,WESTWOOD,08/04/2018 12:43:00 PM +0000,01 - NOT AN INTERSECTION,3 - PROPERTY DAMAGE ONLY (PDO),3,08/04/2018 12:44:00 PM +0000,SAT,,1 - NO INJURY / NONE REPORTED,8629EBE4-A6C4-491C-AA90-67970FEF43D1,1 - DAYLIGHT,185010812,2 - REAR-END,01 - DRY,1 - STRAIGHT LEVEL,"2 - BLACKTOP, BITUMINOUS, ASPHALT",WESTWOOD,D - DRIVER,1 - CLEAR,45238
50XX HAWAIIAN TE,39.184566,-84.563468,31-40,MOUNT AIRY,MOUNT AIRY,08/03/2018 09:45:00 AM +0000,01 - NOT AN INTERSECTION,3 - PROPERTY DAMAGE ONLY (PDO),3,08/03/2018 06:05:00 PM +0000,FRI,M - MALE,1 - NO INJURY / NONE REPORTED,FE0E10FE-8D06-4A27-B50F-45D73867D6CA,1 - DAYLIGHT,185010773,1 - NOT COLLISION BETWEEN TWO MOTOR VEHICLES IN TRANSPORT,01 - DRY,2 - STRAIGHT GRADE,1 - CONCRETE,MT. AIRY,D - DRIVER,1 - CLEAR,45223