ADDRESS_X,LATITUDE_X,LONGITUDE_X,AGE,COMMUNITY_COUNCIL_NEIGHBORHOOD,CPD_NEIGHBORHOOD,CRASHDATE,CRASHLOCATION,CRASHSEVERITY,CRASHSEVERITYID,DATECRASHREPORTED,DAYOFWEEK,GENDER,INJURIES,INSTANCEID,LIGHTCONDITIONSPRIMARY,LOCALREPORTNO,MANNEROFCRASH,ROADCONDITIONSPRIMARY,ROADCONTOUR,ROADSURFACE,SNA_NEIGHBORHOOD,TYPEOFPERSON,WEATHER,ZIP
6XX CLEMMER AV,39.12817,-84.528701,18-25,CUF,CLIFTON/UNIVERSITY HEIGHTS,08/21/2018 07:00:00 PM +0000,03 - T-INTERSECTION,3 - PROPERTY DAMAGE ONLY (PDO),3,08/21/2018 09:13:28 PM +0000,TUE,M - MALE,1 - NO INJURY / NONE REPORTED,6C43D1EF-7051-4266-B1AF-EAC1EF979481,1 - DAYLIGHT,185011704,6 - ANGLE,01 - DRY,1 - STRAIGHT LEVEL,"2 - BLACKTOP, BITUMINOUS, ASPHALT",CUF,D - DRIVER,1 - CLEAR,45219
21XX READING RD,39.333241,84.349901,31-40,N/A,N/A,08/16/2018 03:20:00 PM +0000,01 - NOT AN INTERSECTION,3 - PROPERTY DAMAGE ONLY (PDO),3,08/16/2018 03:25:00 PM +0000,THU,M - MALE,1 - NO INJURY / NONE REPORTED,577C80C7-C9EB-4716-876E-BDAAF1C371C0,1 - DAYLIGHT,185011431,"7 - SIDESWIPE, SAME DIRECTION",02 - WET,4 - CURVE GRADE,"2 - BLACKTOP, BITUMINOUS, ASPHALT",N/A,D - DRIVER,4 - RAIN,45206
3XX CENTRAL AV,39.098996,-84.519032,61-70,DOWNTOWN,QUEENSGATE,08/09/2018 11:30:00 AM +0000,03 - T-INTERSECTION,3 - PROPERTY DAMAGE ONLY (PDO),3,08/09/2018 11:31:00 AM +0000,THU,F - FEMALE,1 - NO INJURY / NONE REPORTED,AFC755CF-4DDF-4F48-9F7B-B7BD97907FA3,1 - DAYLIGHT,185011062,"7 - SIDESWIPE, SAME DIRECTION",01 - DRY,2 - STRAIGHT GRADE,"2 - BLACKTOP, BITUMINOUS, ASPHALT",DOWNTOWN,D - DRIVER,1 - CLEAR,45203
36XX MADISON RD,39.159481,84.418601,UNKNOWN,N/A,N/A,08/15/2018 08:49:00 AM +0000,02 - FOUR-WAY INTERSECTION,2 - INJURY,2,08/15/2018 08:51:06 AM +0000,WED,M - MALE,1 - NO INJURY / NONE REPORTED,DD8E37AE-9C5F-47BC-B4F3-39F4CF0F250A,1 - DAYLIGHT,185011335,"7 - SIDESWIPE, SAME DIRECTION",01 - DRY,2 - STRAIGHT GRADE,"2 - BLACKTOP, BITUMINOUS, ASPHALT",N/A,D - DRIVER,1 - CLEAR,45209
0.X SB I75,39.100273,-84.520964,31-40,DOWNTOWN,QUEENSGATE,08/17/2018 05:42:00 PM +0000,01 - NOT AN INTERSECTION,3 - PROPERTY DAMAGE ONLY (PDO),3,08/17/2018 05:43:00 PM +0000,FRI,M - MALE,1 - NO INJURY / NONE REPORTED,E522AE18-B9D7-41D6-A5D4-6909195DFC2A,1 - DAYLIGHT,185011507,2 - REAR-END,01 - DRY,3 - CURVE LEVEL,1 - CONCRETE,DOWNTOWN,D - DRIVER,1 - CLEAR,45202
40XX COLUMBIA PY,39.109391,84.427587,31-40,N/A,N/A,08/02/2018 11:15:00 PM +0000,01 - NOT AN INTERSECTION,2 - INJURY,2,08/02/2018 11:18:00 PM +0000,THU,M - MALE,3 - NON-INCAPACITATING,B9D0F6D1-57AA-4720-A38A-F0845D005C4F,4 - DARK - LIGHTED ROADWAY,185010728,1 - NOT COLLISION BETWEEN TWO MOTOR VEHICLES IN TRANSPORT,01 - DRY,4 - CURVE GRADE,"2 - BLACKTOP, BITUMINOUS, ASPHALT",N/A,D - DRIVER,1 - CLEAR,45226
41XX MARBURG AV,39.152523,84.423721,18-25,N/A,N/A,08/19/2018 12:55:29 AM +0000,01 - NOT AN INTERSECTION,3 - PROPERTY DAMAGE ONLY (PDO),3,08/19/2018 12:56:52 AM +0000,SUN,M - MALE,1 - NO INJURY / NONE REPORTED,9442F180-B593-49FB-A224-2CD1051C208E,4 - DARK - LIGHTED ROADWAY,185011574,"7 - SIDESWIPE, SAME DIRECTION",01 - DRY,3 - CURVE LEVEL,"2 - BLACKTOP, BITUMINOUS, ASPHALT",N/A,D - DRIVER,1 - CLEAR,45209
S I75 AT 10-2 MM,39.200358,-84.467798,51-60,CARTHAGE,CARTHAGE,08/21/2018 02:15:00 PM +0000,07 - ON RAMP,3 - PROPERTY DAMAGE ONLY (PDO),3,08/21/2018 02:15:00 PM +0000,TUE,F - FEMALE,1 - NO INJURY / NONE REPORTED,D34C086C-FD0C-4978-8685-60E4BE06B84F,1 - DAYLIGHT,185011685,"7 - SIDESWIPE, SAME DIRECTION",01 - DRY,1 - STRAIGHT LEVEL,"2 - BLACKTOP, BITUMINOUS, ASPHALT",CARTHAGE,D - DRIVER,1 - CLEAR,45237
35XX BURNET AV,39.143986,-84.499412,41-50,AVONDALE,AVONDALE,08/24/2018 07:19:00 AM +0000,02 - FOUR-WAY INTERSECTION,3 - PROPERTY DAMAGE ONLY (PDO),3,08/24/2018 07:22:00 AM +0000,FRI,M - MALE,1 - NO INJURY / NONE REPORTED,CCC6A0D7-03A7-4673-B0C4-5CEF7E494288,1 - DAYLIGHT,185011815,6 - ANGLE,01 - DRY,1 - STRAIGHT LEVEL,1 - CONCRETE,AVONDALE,D - DRIVER,1 - CLEAR,45229
62XX GLENWAY AV,39.147848,-84.623055,41-50,WESTWOOD,WESTWOOD,08/23/2018 07:50:00 PM +0000,03 - T-INTERSECTION,2 - INJURY,2,08/23/2018 07:59:00 PM +0000,THU,M - MALE,1 - NO INJURY / NONE REPORTED,5F949FE4-7E29-49FD-81CD-FBD590361EE4,3 - DUSK,185011806,6 - ANGLE,01 - DRY,1 - STRAIGHT LEVEL,"2 - BLACKTOP, BITUMINOUS, ASPHALT",WESTWOOD,D - DRIVER,1 - CLEAR,45211
19XX WILLIAM HOWARD TAFT RD,39.125626,84.465019,51-60,N/A,N/A,08/02/2018 04:58:00 PM +0000,02 - FOUR-WAY INTERSECTION,3 - PROPERTY DAMAGE ONLY (PDO),3,08/02/2018 04:58:00 PM +0000,THU,F - FEMALE,1 - NO INJURY / NONE REPORTED,64C793CB-858C-46C7-9A51-E5B8F1D16416,1 - DAYLIGHT,185010710,2 - REAR-END,01 - DRY,2 - STRAIGHT GRADE,1 - CONCRETE,N/A,D - DRIVER,1 - CLEAR,45206
1XX KING DR,39.136391,-84.511804,18-25,CORRYVILLE,CLIFTON,08/28/2018 03:33:00 PM +0000,02 - FOUR-WAY INTERSECTION,2 - INJURY,2,08/28/2018 03:33:00 PM +0000,TUE,M - MALE,1 - NO INJURY / NONE REPORTED,7CA35DD6-E08C-4E0F-B926-9CFA62D6FCB0,1 - DAYLIGHT,185012011,6 - ANGLE,01 - DRY,2 - STRAIGHT GRADE,"2 - BLACKTOP, BITUMINOUS, ASPHALT",CUF,D - DRIVER,1 - CLEAR,45221
6XX KINGS RUN DR,39.180321,84.515961,UNKNOWN,N/A,N/A,08/26/2018 01:13:00 AM +0000,02 - FOUR-WAY INTERSECTION,3 - PROPERTY DAMAGE ONLY (PDO),3,08/26/2018 01:13:00 AM +0000,SUN,,1 - NO INJURY / NONE REPORTED,6C93953E-E553-4E4F-B15C-C3A1033EF674,4 - DARK - LIGHTED ROADWAY,185011911,6 - ANGLE,01 - DRY,1 - STRAIGHT LEVEL,"2 - BLACKTOP, BITUMINOUS, ASPHALT",N/A,D - DRIVER,1 - CLEAR,45232
WB SR 562 AT 0.3 MILE,39.174166,-84.480531,61-70,BOND HILL,BONDHILL,08/14/2018 02:27:00 PM +0000,07 - ON RAMP,3 - PROPERTY DAMAGE ONLY (PDO),3,08/14/2018 02:27:00 PM +0000,TUE,M - MALE,1 - NO INJURY / NONE REPORTED,B991CF99-89B9-483C-A737-0702E2F75F20,1 - DAYLIGHT,185011299,2 - REAR-END,01 - DRY,1 - STRAIGHT LEVEL,"2 - BLACKTOP, BITUMINOUS, ASPHALT",BOND HILL,D - DRIVER,1 - CLEAR,45237
46XX RIDGE AV,39.157813,84.421013,18-25,N/A,N/A,08/20/2018 05:39:00 AM +0000,02 - FOUR-WAY INTERSECTION,3 - PROPERTY DAMAGE ONLY (PDO),3,08/20/2018 05:40:00 AM +0000,MON,M - MALE,1 - NO INJURY / NONE REPORTED,6974FCE9-F424-4426-BF7B-B1E9BD4A6E22,4 - DARK - LIGHTED ROADWAY,185011614,6 - ANGLE,01 - DRY,1 - STRAIGHT LEVEL,"2 - BLACKTOP, BITUMINOUS, ASPHALT",N/A,D - DRIVER,1 - CLEAR,45209
8XX ROCKDALE AV,39.144326,-84.485721,UNKNOWN,AVONDALE,AVONDALE,08/02/2018 08:35:00 PM +0000,01 - NOT AN INTERSECTION,3 - PROPERTY DAMAGE ONLY (PDO),3,08/02/2018 08:42:00 PM +0000,THU,M - MALE,1 - NO INJURY / NONE REPORTED,D4E8A231-2D30-4A3C-BE6D-2EB40A85E3F0,3 - DUSK,185010724,1 - NOT COLLISION BETWEEN TWO MOTOR VEHICLES IN TRANSPORT,01 - DRY,2 - STRAIGHT GRADE,"2 - BLACKTOP, BITUMINOUS, ASPHALT",AVONDALE,D - DRIVER,1 - CLEAR,45229
X E MITCHELL AV,39.158351,-84.487131,UNKNOWN,NORTH AVONDALE,NORTH AVONDALE,08/20/2018 07:09:34 AM +0000,02 - FOUR-WAY INTERSECTION,3 - PROPERTY DAMAGE ONLY (PDO),3,08/21/2018 03:30:50 PM +0000,MON,,1 - NO INJURY / NONE REPORTED,B3F108F9-C707-4917-A3E3-1196314EE774,1 - DAYLIGHT,185011688,"7 - SIDESWIPE, SAME DIRECTION",01 - DRY,1 - STRAIGHT LEVEL,"2 - BLACKTOP, BITUMINOUS, ASPHALT",NORTH AVONDALE - PADDOCK HILLS,D - DRIVER,1 - CLEAR,45217
56XX RIDGE AV,39.174501,84.427782,41-50,N/A,N/A,08/16/2018 08:00:00 AM +0000,11 - RAILWAY GRADE CROSSING,3 - PROPERTY DAMAGE ONLY (PDO),3,08/16/2018 10:00:00 AM +0000,THU,F - FEMALE,1 - NO INJURY / NONE REPORTED,85363AB2-88EE-49CB-9D4B-39069757C562,1 - DAYLIGHT,185011405,2 - REAR-END,02 - WET,2 - STRAIGHT GRADE,"2 - BLACKTOP, BITUMINOUS, ASPHALT",N/A,D - DRIVER,4 - RAIN,45213
62XX PADDOCK RD,39.101451,-84.513031,51-60,DOWNTOWN,C. B. D. / RIVERFRONT,08/13/2018 11:40:00 AM +0000,01 - NOT AN INTERSECTION,2 - INJURY,2,08/13/2018 11:45:00 AM +0000,MON,F - FEMALE,3 - NON-INCAPACITATING,9A655FC5-3739-40CA-B302-4396B6681E8E,1 - DAYLIGHT,185011244,2 - REAR-END,01 - DRY,2 - STRAIGHT GRADE,"2 - BLACKTOP, BITUMINOUS, ASPHALT",DOWNTOWN,O - OCCUPANT,1 - CLEAR,45216
29XX BEEKMAN ST,39.139916,84.408114,26-30,N/A,N/A,08/21/2018 03:45:00 PM +0000,03 - T-INTERSECTION,3 - PROPERTY DAMAGE ONLY (PDO),3,08/22/2018 10:00:00 AM +0000,TUE,F - FEMALE,1 - NO INJURY / NONE REPORTED,94487449-480D-4E37-923E-FD803E3D7B38,1 - DAYLIGHT,185011721,6 - ANGLE,01 - DRY,1 - STRAIGHT LEVEL,1 - CONCRETE,N/A,D - DRIVER,1 - CLEAR,45225
30XX CLIFTON AV,39.13463,84.519471,51-60,N/A,N/A,08/08/2018 06:10:00 AM +0000,02 - FOUR-WAY INTERSECTION,2 - INJURY,2,08/08/2018 06:14:00 AM +0000,WED,M - MALE,1 - NO INJURY / NONE REPORTED,40A3652A-0615-43AD-B24E-4FA7EA4E7069,2 - DAWN,185010991,6 - ANGLE,02 - WET,1 - STRAIGHT LEVEL,"2 - BLACKTOP, BITUMINOUS, ASPHALT",N/A,D - DRIVER,2 - CLOUDY,45220
28XX EUCLID AV,39.131333,-84.508247,26-30,CORRYVILLE,CORRYVILLE,08/19/2018 12:48:00 AM +0000,01 - NOT AN INTERSECTION,3 - PROPERTY DAMAGE ONLY (PDO),3,08/19/2018 12:53:00 AM +0000,SUN,M - MALE,1 - NO INJURY / NONE REPORTED,7E6FA155-140B-4DF7-8025-8F16003E7F0D,4 - DARK - LIGHTED ROADWAY,185011573,"7 - SIDESWIPE, SAME DIRECTION",01 - DRY,1 - STRAIGHT LEVEL,"2 - BLACKTOP, BITUMINOUS, ASPHALT",CORRYVILLE,D - DRIVER,1 - CLEAR,45219
56XX RIDGE AV,39.174935,-84.427046,41-50,PLEASANT RIDGE,PLEASANT RIDGE,08/15/2018 04:10:00 PM +0000,01 - NOT AN INTERSECTION,2 - INJURY,2,08/15/2018 04:12:00 PM +0000,WED,M - MALE,1 - NO INJURY / NONE REPORTED,73BC05E2-5812-4F62-9A8A-78629CA13D3F,1 - DAYLIGHT,185011359,2 - REAR-END,02 - WET,2 - STRAIGHT GRADE,"2 - BLACKTOP, BITUMINOUS, ASPHALT",PLEASANT RIDGE,D - DRIVER,4 - RAIN,45213
21XX GEST ST,39.107102,-84.552581,18-25,LOWER PRICE HILL,LOWER PRICE  HILL,08/09/2018 06:30:00 PM +0000,02 - FOUR-WAY INTERSECTION,2 - INJURY,2,08/09/2018 06:34:00 PM +0000,THU,F - FEMALE,1 - NO INJURY / NONE REPORTED,23D41CF2-CC65-4B46-8D5D-D40247935579,1 - DAYLIGHT,185011072,6 - ANGLE,01 - DRY,1 - STRAIGHT LEVEL,"2 - BLACKTOP, BITUMINOUS, ASPHALT",LOWER PRICE HILL,O - OCCUPANT,1 - CLEAR,45204
50XX RED BANK EX,39.161663,84.402936,31-40,N/A,N/A,08/17/2018 07:55:00 PM +0000,02 - FOUR-WAY INTERSECTION,3 - PROPERTY DAMAGE ONLY (PDO),3,08/17/2018 07:56:00 PM +0000,FRI,M - MALE,1 - NO INJURY / NONE REPORTED,FD8C3024-A6D9-42B5-8B6B-49ABBBF2BC4E,4 - DARK - LIGHTED ROADWAY,185011517,3 - HEAD-ON,01 - DRY,1 - STRAIGHT LEVEL,1 - CONCRETE,N/A,D - DRIVER,1 - CLEAR,45227
71XX READING RD,39.192711,84.460825,31-40,N/A,N/A,08/17/2018 12:00:00 AM +0000,02 - FOUR-WAY INTERSECTION,3 - PROPERTY DAMAGE ONLY (PDO),3,08/17/2018 12:00:24 AM +0000,FRI,F - FEMALE,1 - NO INJURY / NONE REPORTED,0E27F51E-DCF5-4AB8-92D3-9A82919B862B,4 - DARK - LIGHTED ROADWAY,185011462,2 - REAR-END,02 - WET,1 - STRAIGHT LEVEL,"2 - BLACKTOP, BITUMINOUS, ASPHALT",N/A,D - DRIVER,4 - RAIN,45237
47XX SPRING GROVE AV,39.164123,84.518136,31-40,N/A,N/A,08/07/2018 03:49:00 PM +0000,02 - FOUR-WAY INTERSECTION,3 - PROPERTY DAMAGE ONLY (PDO),3,08/07/2018 03:49:00 PM +0000,TUE,M - MALE,1 - NO INJURY / NONE REPORTED,58BFE7A3-8950-40A0-B368-9302491701E4,1 - DAYLIGHT,185010993,"7 - SIDESWIPE, SAME DIRECTION",01 - DRY,3 - CURVE LEVEL,"2 - BLACKTOP, BITUMINOUS, ASPHALT",N/A,D - DRIVER,2 - CLOUDY,45232
N I75 AT 10-2 MM,39.204277,-84.467986,31-40,HARTWELL,HARTWELL,08/13/2018 02:36:00 AM +0000,01 - NOT AN INTERSECTION,2 - INJURY,2,08/13/2018 02:36:00 AM +0000,MON,M - MALE,2 - POSSIBLE,FA04F320-8331-4F16-B533-0F4623C44F8D,4 - DARK - LIGHTED ROADWAY,185011232,2 - REAR-END,01 - DRY,1 - STRAIGHT LEVEL,"2 - BLACKTOP, BITUMINOUS, ASPHALT",HARTWELL,D - DRIVER,1 - CLEAR,45216
46XX SPRING GROVE AV,39.164961,-84.518875,51-60,SPRING GROVE VILLAGE,SPRING GROVE VILLAGE,08/25/2018 06:50:00 PM +0000,02 - FOUR-WAY INTERSECTION,2 - INJURY,2,08/25/2018 07:00:00 PM +0000,SAT,M - MALE,2 - POSSIBLE,2C9E59A0-BDFB-45AA-9B37-96068A82EC3E,1 - DAYLIGHT,185011895,6 - ANGLE,02 - WET,1 - STRAIGHT LEVEL,"2 - BLACKTOP, BITUMINOUS, ASPHALT",SPRING GROVE VILLAGE,D - DRIVER,4 - RAIN,45232
37XX GLENWAY AV,39.113797,84.576044,18-25,N/A,N/A,08/20/2018 10:34:00 PM +0000,01 - NOT AN INTERSECTION,2 - INJURY,2,08/20/2018 10:35:00 PM +0000,MON,F - FEMALE,3 - NON-INCAPACITATING,C36ABB37-9997-4E2C-92C2-54A9E6D5C4E1,4 - DARK - LIGHTED ROADWAY,185011661,1 - NOT COLLISION BETWEEN TWO MOTOR VEHICLES IN TRANSPORT,02 - WET,2 - STRAIGHT GRADE,1 - CONCRETE,N/A,D - DRIVER,4 - RAIN,45205
40XX RIVER RD,39.076118,-84.607905,18-25,RIVERSIDE,RIVERSIDE,08/19/2018 08:45:13 AM +0000,01 - NOT AN INTERSECTION,2 - INJURY,2,08/19/2018 08:45:15 AM +0000,SUN,F - FEMALE,2 - POSSIBLE,B8BA309B-F74F-4AAE-9C7C-A66CABA6C449,1 - DAYLIGHT,185011581,2 - REAR-END,01 - DRY,1 - STRAIGHT LEVEL,"2 - BLACKTOP, BITUMINOUS, ASPHALT",RIVERSIDE,D - DRIVER,1 - CLEAR,45204
76XX READING RD,39.198697,84.457162,31-40,N/A,N/A,08/19/2018 02:45:00 AM +0000,01 - NOT AN INTERSECTION,3 - PROPERTY DAMAGE ONLY (PDO),3,08/20/2018 03:00:00 PM +0000,SUN,M - MALE,1 - NO INJURY / NONE REPORTED,D984F4E2-704F-48C8-B611-A2F65C7AFBF0,4 - DARK - LIGHTED ROADWAY,185011629,6 - ANGLE,01 - DRY,1 - STRAIGHT LEVEL,"2 - BLACKTOP, BITUMINOUS, ASPHALT",N/A,O - OCCUPANT,1 - CLEAR,45237
33XX ALAMO AV,39.161381,84.423968,18-25,N/A,N/A,08/25/2018 10:16:00 PM +0000,01 - NOT AN INTERSECTION,2 - INJURY,2,08/25/2018 10:18:00 PM +0000,SAT,F - FEMALE,2 - POSSIBLE,F7D581EC-B30D-4FD3-B5CE-CB9946371453,4 - DARK - LIGHTED ROADWAY,185011904,1 - NOT COLLISION BETWEEN TWO MOTOR VEHICLES IN TRANSPORT,01 - DRY,1 - STRAIGHT LEVEL,"2 - BLACKTOP, BITUMINOUS, ASPHALT",N/A,D - DRIVER,1 - CLEAR,45209
48XX READING RD,39.176585,-84.467258,UNKNOWN,BOND HILL,BONDHILL,08/08/2018 02:45:00 PM +0000,03 - T-INTERSECTION,3 - PROPERTY DAMAGE ONLY (PDO),3,08/08/2018 02:45:00 PM +0000,WED,,,A8CAE819-853F-43F1-A7EA-73B679241D6E,1 - DAYLIGHT,185011014,2 - REAR-END,01 - DRY,1 - STRAIGHT LEVEL,"2 - BLACKTOP, BITUMINOUS, ASPHALT",BOND HILL,,1 - CLEAR,45237
25XX FERGUSON RD,39.135521,-84.600961,61-70,WESTWOOD,WESTWOOD,08/05/2018 06:20:00 PM +0000,02 - FOUR-WAY INTERSECTION,3 - PROPERTY DAMAGE ONLY (PDO),3,08/05/2018 06:30:00 PM +0000,SUN,F - FEMALE,1 - NO INJURY / NONE REPORTED,D1C56ACB-0D89-4ED0-98A7-6C17B2CAD2A9,1 - DAYLIGHT,185010859,6 - ANGLE,01 - DRY,1 - STRAIGHT LEVEL,"2 - BLACKTOP, BITUMINOUS, ASPHALT",WESTWOOD,D - DRIVER,1 - CLEAR,45238
25XX VINE ST,39.127753,84.512108,OVER 70,N/A,N/A,08/02/2018 03:30:00 PM +0000,01 - NOT AN INTERSECTION,3 - PROPERTY DAMAGE ONLY (PDO),3,08/02/2018 05:14:00 PM +0000,THU,M - MALE,1 - NO INJURY / NONE REPORTED,99FAE991-7251-4939-9BF6-1F738FE27B03,1 - DAYLIGHT,185010712,2 - REAR-END,01 - DRY,2 - STRAIGHT GRADE,"2 - BLACKTOP, BITUMINOUS, ASPHALT",N/A,D - DRIVER,1 - CLEAR,45219
20XX LANGDON FARM RD,39.181946,-84.455651,UNDER 18,ROSELAWN,BONDHILL,08/04/2018 05:35:00 PM +0000,01 - NOT AN INTERSECTION,2 - INJURY,2,08/04/2018 05:37:00 PM +0000,SAT,F - FEMALE,3 - NON-INCAPACITATING,009BDE0C-437C-4AA3-A7F4-B25F7170338B,1 - DAYLIGHT,185010829,6 - ANGLE,01 - DRY,1 - STRAIGHT LEVEL,"2 - BLACKTOP, BITUMINOUS, ASPHALT",ROSELAWN,O - OCCUPANT,1 - CLEAR,45237
27XX GRANDIN RD,39.131811,84.459849,31-40,N/A,N/A,08/06/2018 03:40:00 PM +0000,01 - NOT AN INTERSECTION,3 - PROPERTY DAMAGE ONLY (PDO),3,08/06/2018 04:00:00 PM +0000,MON,M - MALE,1 - NO INJURY / NONE REPORTED,1E5B6AFF-BA20-4C73-B559-62E4DE7DDB7B,1 - DAYLIGHT,185010887,5 - BACKING,01 - DRY,1 - STRAIGHT LEVEL,"2 - BLACKTOP, BITUMINOUS, ASPHALT",N/A,D - DRIVER,1 - CLEAR,45208
21XX BOONE ST,39.120385,-84.497401,26-30,WALNUT HILLS,WALNUT HILLS,08/08/2018 04:40:00 PM +0000,01 - NOT AN INTERSECTION,3 - PROPERTY DAMAGE ONLY (PDO),3,08/08/2018 04:44:00 PM +0000,WED,F - FEMALE,1 - NO INJURY / NONE REPORTED,4C1F6591-A0CF-43DD-96E4-AD69E890D554,1 - DAYLIGHT,185011021,3 - HEAD-ON,01 - DRY,4 - CURVE GRADE,"2 - BLACKTOP, BITUMINOUS, ASPHALT",WALNUT HILLS,D - DRIVER,1 - CLEAR,45206
13XX COLUMBIA PY,39.098371,84.505978,31-40,N/A,N/A,08/14/2018 12:53:00 PM +0000,01 - NOT AN INTERSECTION,1 - FATAL INJURY,1,08/14/2018 12:53:00 PM +0000,TUE,F - FEMALE,1 - NO INJURY / NONE REPORTED,902622C7-AA72-4E65-B44B-97BF98977CF7,1 - DAYLIGHT,185011298,6 - ANGLE,01 - DRY,2 - STRAIGHT GRADE,"2 - BLACKTOP, BITUMINOUS, ASPHALT",N/A,D - DRIVER,2 - CLOUDY,45202
27XX EDROY CT,39.149656,84.440965,26-30,N/A,N/A,08/22/2018 07:56:00 AM +0000,01 - NOT AN INTERSECTION,3 - PROPERTY DAMAGE ONLY (PDO),3,08/22/2018 07:57:00 AM +0000,WED,F - FEMALE,1 - NO INJURY / NONE REPORTED,9CAB7527-342F-4FF6-906F-EEEBB4BD2E15,1 - DAYLIGHT,185011724,"8 - SIDESWIPE, OPPOSITE DIRECTION",01 - DRY,1 - STRAIGHT LEVEL,"2 - BLACKTOP, BITUMINOUS, ASPHALT",N/A,D - DRIVER,1 - CLEAR,45209
42XX MAPLE AV,39.157631,84.423403,41-50,N/A,N/A,08/22/2018 07:31:00 AM +0000,01 - NOT AN INTERSECTION,3 - PROPERTY DAMAGE ONLY (PDO),3,08/22/2018 07:40:00 AM +0000,WED,M - MALE,1 - NO INJURY / NONE REPORTED,2E4A4B56-F214-4B7A-8653-845DB2A62970,1 - DAYLIGHT,185011712,5 - BACKING,01 - DRY,2 - STRAIGHT GRADE,"2 - BLACKTOP, BITUMINOUS, ASPHALT",N/A,D - DRIVER,1 - CLEAR,45219
32XX QUEEN CITY AV,39.137481,84.608206,18-25,N/A,N/A,08/18/2018 10:06:00 PM +0000,01 - NOT AN INTERSECTION,2 - INJURY,2,08/18/2018 10:06:00 PM +0000,SAT,M - MALE,1 - NO INJURY / NONE REPORTED,4533177E-F4F3-40F5-950A-9C4E4F137A11,4 - DARK - LIGHTED ROADWAY,185011567,1 - NOT COLLISION BETWEEN TWO MOTOR VEHICLES IN TRANSPORT,01 - DRY,2 - STRAIGHT GRADE,"2 - BLACKTOP, BITUMINOUS, ASPHALT",N/A,D - DRIVER,1 - CLEAR,45238
17XX COLUMBIA PY,39.116936,84.486118,18-25,N/A,N/A,08/15/2018 11:23:00 PM +0000,01 - NOT AN INTERSECTION,2 - INJURY,2,08/16/2018 09:41:03 PM +0000,WED,F - FEMALE,2 - POSSIBLE,68C96E4C-4783-462E-B5C8-064DD4C17A58,5 - DARK – ROADWAY NOT LIGHTED,185011451,2 - REAR-END,02 - WET,1 - STRAIGHT LEVEL,"2 - BLACKTOP, BITUMINOUS, ASPHALT",N/A,D - DRIVER,4 - RAIN,45202
65XX BENDER RD,39.10154,84.67037,18-25,N/A,N/A,08/28/2018 05:05:00 PM +0000,02 - FOUR-WAY INTERSECTION,3 - PROPERTY DAMAGE ONLY (PDO),3,08/28/2018 05:29:00 PM +0000,TUE,M - MALE,1 - NO INJURY / NONE REPORTED,2F797D44-7DE0-46FA-B922-7E9DF7307FD8,1 - DAYLIGHT,185012022,6 - ANGLE,01 - DRY,1 - STRAIGHT LEVEL,"2 - BLACKTOP, BITUMINOUS, ASPHALT",N/A,D - DRIVER,1 - CLEAR,45233
4XX ELBERON AV,39.10018,-84.56705,18-25,EAST PRICE HILL,EAST PRICE HILL,08/18/2018 07:43:00 PM +0000,02 - FOUR-WAY INTERSECTION,3 - PROPERTY DAMAGE ONLY (PDO),3,08/24/2018 11:47:14 AM +0000,SAT,M - MALE,1 - NO INJURY / NONE REPORTED,50C26D6A-6BE6-4856-A65F-ED8378BAE32D,3 - DUSK,185011821,5 - BACKING,01 - DRY,1 - STRAIGHT LEVEL,"2 - BLACKTOP, BITUMINOUS, ASPHALT",EAST PRICE HILL,D - DRIVER,1 - CLEAR,45205
6XX READING RD,39.128488,-84.499732,18-25,WALNUT HILLS,WALNUT HILLS,08/03/2018 10:34:00 PM +0000,02 - FOUR-WAY INTERSECTION,3 - PROPERTY DAMAGE ONLY (PDO),3,08/03/2018 10:34:00 PM +0000,FRI,F - FEMALE,1 - NO INJURY / NONE REPORTED,0C38182B-ACAF-413E-92C6-FD9FA02FA6EE,4 - DARK - LIGHTED ROADWAY,185010789,6 - ANGLE,01 - DRY,1 - STRAIGHT LEVEL,"2 - BLACKTOP, BITUMINOUS, ASPHALT",AVONDALE,O - OCCUPANT,1 - CLEAR,45206
48XX GLENWAY AV,39.117191,-84.598609,31-40,WEST PRICE HILL,WEST PRICE HILL,08/22/2018 03:50:00 PM +0000,01 - NOT AN INTERSECTION,3 - PROPERTY DAMAGE ONLY (PDO),3,08/22/2018 03:50:00 PM +0000,WED,M - MALE,1 - NO INJURY / NONE REPORTED,37925E02-B709-4303-9A84-7C62F89C9BE7,1 - DAYLIGHT,185011736,6 - ANGLE,01 - DRY,1 - STRAIGHT LEVEL,"2 - BLACKTOP, BITUMINOUS, ASPHALT",WEST PRICE HILL,D - DRIVER,1 - CLEAR,45238
1XX W MCMILLAN ST,39.127075,84.519491,OVER 70,N/A,N/A,08/09/2018 02:14:00 PM +0000,01 - NOT AN INTERSECTION,2 - INJURY,2,08/09/2018 02:14:00 PM +0000,THU,M - MALE,3 - NON-INCAPACITATING,4BA16FF6-950C-4E38-A042-FD7088C3E3E9,1 - DAYLIGHT,185011064,2 - REAR-END,01 - DRY,1 - STRAIGHT LEVEL,1 - CONCRETE,N/A,D - DRIVER,1 - CLEAR,45219