ADDRESS_X,LATITUDE_X,LONGITUDE_X,AGE,COMMUNITY_COUNCIL_NEIGHBORHOOD,CPD_NEIGHBORHOOD,CRASHDATE,CRASHLOCATION,CRASHSEVERITY,CRASHSEVERITYID,DATECRASHREPORTED,DAYOFWEEK,GENDER,INJURIES,INSTANCEID,LIGHTCONDITIONSPRIMARY,LOCALREPORTNO,MANNEROFCRASH,ROADCONDITIONSPRIMARY,ROADCONTOUR,ROADSURFACE,SNA_NEIGHBORHOOD,TYPEOFPERSON,WEATHER,ZIP
XX W ELDER ST,39.115878,-84.517531,31-40,OTR,OVER-THE-RHINE,08/11/2018 06:35:00 AM +0000,01 - NOT AN INTERSECTION,3 - PROPERTY DAMAGE ONLY (PDO),3,08/11/2018 06:35:00 AM +0000,SAT,F - FEMALE,1 - NO INJURY / NONE REPORTED,5ABBE6CA-C5D4-481E-8C4F-3E9EF575D559,2 - DAWN,185011156,1 - NOT COLLISION BETWEEN TWO MOTOR VEHICLES IN TRANSPORT,01 - DRY,1 - STRAIGHT LEVEL,"2 - BLACKTOP, BITUMINOUS, ASPHALT",OVER-THE-RHINE,O - OCCUPANT,1 - CLEAR,45202
16XX SYCAMORE ST,39.112744,-84.50977,26-30,MOUNT AUBURN,MOUNT  AUBURN,08/03/2018 03:58:00 PM +0000,01 - NOT AN INTERSECTION,3 - PROPERTY DAMAGE ONLY (PDO),3,08/03/2018 03:58:00 PM +0000,FRI,M - MALE,1 - NO INJURY / NONE REPORTED,B7C66060-A305-4B42-86E1-257A8E3B243C,1 - DAYLIGHT,185010766,"7 - SIDESWIPE, SAME DIRECTION",01 - DRY,1 - STRAIGHT LEVEL,"2 - BLACKTOP, BITUMINOUS, ASPHALT",MT. AUBURN,D - DRIVER,1 - CLEAR,45202
43XX RIVER RD,39.077098,-84.622543,26-30,RIVERSIDE,RIVERSIDE,08/27/2018 04:00:00 PM +0000,02 - FOUR-WAY INTERSECTION,2 - INJURY,2,08/27/2018 04:15:00 PM +0000,MON,F - FEMALE,3 - NON-INCAPACITATING,DD236483-64EF-4AEC-B33E-3B739BBDF970,1 - DAYLIGHT,185011969,6 - ANGLE,01 - DRY,1 - STRAIGHT LEVEL,"2 - BLACKTOP, BITUMINOUS, ASPHALT",RIVERSIDE,O - OCCUPANT,1 - CLEAR,45204
11XX BANK ST,39.119819,84.534455,26-30,N/A,N/A,08/19/2018 03:45:00 PM +0000,02 - FOUR-WAY INTERSECTION,3 - PROPERTY DAMAGE ONLY (PDO),3,08/19/2018 03:47:00 PM +0000,SUN,F - FEMALE,1 - NO INJURY / NONE REPORTED,B01C80A4-1CFD-4A8E-B221-E2E73E605791,1 - DAYLIGHT,185011594,6 - ANGLE,01 - DRY,1 - STRAIGHT LEVEL,"2 - BLACKTOP, BITUMINOUS, ASPHALT",N/A,D - DRIVER,1 - CLEAR,45214
14XX VINE ST,39.111675,84.514291,26-30,N/A,N/A,08/23/2018 06:59:00 PM +0000,01 - NOT AN INTERSECTION,3 - PROPERTY DAMAGE ONLY (PDO),3,08/23/2018 09:05:31 PM +0000,THU,M - MALE,1 - NO INJURY / NONE REPORTED,4BD9C744-B9C3-4310-9264-6093A7CD6DD0,1 - DAYLIGHT,185011808,"7 - SIDESWIPE, SAME DIRECTION",01 - DRY,1 - STRAIGHT LEVEL,"2 - BLACKTOP, BITUMINOUS, ASPHALT",N/A,D - DRIVER,1 - CLEAR,45202
25XX CLIFTON AV,39.128021,-84.521468,51-60,CUF - HEIGHTS,FAIRVIEW,08/20/2018 04:35:00 PM +0000,01 - NOT AN INTERSECTION,3 - PROPERTY DAMAGE ONLY (PDO),3,08/20/2018 04:54:00 PM +0000,MON,M - MALE,1 - NO INJURY / NONE REPORTED,C5A23E77-D2F1-4566-BF69-436587BDC120,1 - DAYLIGHT,185011651,2 - REAR-END,01 - DRY,1 - STRAIGHT LEVEL,"2 - BLACKTOP, BITUMINOUS, ASPHALT",CUF,D - DRIVER,1 - CLEAR,45219
15XX HOPPLE ST,39.137263,-84.547731,31-40,NORTH FAIRMOUNT,MILLVALE,08/17/2018 07:25:00 AM +0000,01 - NOT AN INTERSECTION,2 - INJURY,2,08/17/2018 07:30:00 AM +0000,FRI,M - MALE,1 - NO INJURY / NONE REPORTED,8A8E3360-F539-43E0-9ECB-5DC6A4B9409C,1 - DAYLIGHT,185011473,2 - REAR-END,02 - WET,1 - STRAIGHT LEVEL,"2 - BLACKTOP, BITUMINOUS, ASPHALT",SOUTH CUMMINSVILLE,D - DRIVER,2 - CLOUDY,45225
17XX MEARS AV,39.085921,84.385884,UNDER 18,N/A,N/A,08/09/2018 12:15:00 PM +0000,01 - NOT AN INTERSECTION,3 - PROPERTY DAMAGE ONLY (PDO),3,08/09/2018 08:15:00 PM +0000,THU,M - MALE,1 - NO INJURY / NONE REPORTED,F0886A0B-B7FF-4AE6-97F3-BA5735860255,1 - DAYLIGHT,185011076,6 - ANGLE,01 - DRY,1 - STRAIGHT LEVEL,"2 - BLACKTOP, BITUMINOUS, ASPHALT",N/A,D - DRIVER,1 - CLEAR,45230
19XX KENTUCKY AV,39.16977,84.550178,UNKNOWN,N/A,N/A,08/20/2018 11:00:00 AM +0000,01 - NOT AN INTERSECTION,3 - PROPERTY DAMAGE ONLY (PDO),3,08/20/2018 11:20:00 AM +0000,MON,,1 - NO INJURY / NONE REPORTED,1C51E6FD-FA5C-4B94-84B7-D171BB841F04,1 - DAYLIGHT,185011627,1 - NOT COLLISION BETWEEN TWO MOTOR VEHICLES IN TRANSPORT,01 - DRY,1 - STRAIGHT LEVEL,"2 - BLACKTOP, BITUMINOUS, ASPHALT",N/A,D - DRIVER,1 - CLEAR,45223
4XX E 13TH ST,39.13173,-84.54817,UNKNOWN,NORTH FAIRMOUNT,NORTH FAIRMOUNT,08/25/2018 11:00:00 AM +0000,01 - NOT AN INTERSECTION,3 - PROPERTY DAMAGE ONLY (PDO),3,08/25/2018 06:24:00 PM +0000,SAT,,1 - NO INJURY / NONE REPORTED,2C1FEE72-A019-4561-B97D-6625D1B0CBC2,1 - DAYLIGHT,185011894,6 - ANGLE,01 - DRY,1 - STRAIGHT LEVEL,"2 - BLACKTOP, BITUMINOUS, ASPHALT",NORTH FAIRMOUNT,D - DRIVER,1 - CLEAR,45202
47XX PADDOCK RD,39.173215,84.478426,51-60,N/A,N/A,08/20/2018 08:04:00 AM +0000,02 - FOUR-WAY INTERSECTION,2 - INJURY,2,08/20/2018 08:04:00 AM +0000,MON,M - MALE,3 - NON-INCAPACITATING,0AD3D1FF-3D68-4D32-96B0-31432C232F03,1 - DAYLIGHT,185011617,6 - ANGLE,01 - DRY,2 - STRAIGHT GRADE,"2 - BLACKTOP, BITUMINOUS, ASPHALT",N/A,D - DRIVER,1 - CLEAR,45229
W I74 AT 18-9 MM,39.160731,84.554489,18-25,N/A,N/A,08/08/2018 05:35:00 PM +0000,01 - NOT AN INTERSECTION,3 - PROPERTY DAMAGE ONLY (PDO),3,08/08/2018 06:40:00 PM +0000,WED,M - MALE,1 - NO INJURY / NONE REPORTED,390BB8D5-255A-4561-8566-1E680DB99D56,1 - DAYLIGHT,185011030,2 - REAR-END,01 - DRY,1 - STRAIGHT LEVEL,"2 - BLACKTOP, BITUMINOUS, ASPHALT",N/A,D - DRIVER,1 - CLEAR,45211
32XX MONTANA,39.149053,84.608339,41-50,N/A,N/A,08/23/2018 10:05:00 AM +0000,01 - NOT AN INTERSECTION,2 - INJURY,2,08/23/2018 10:07:00 AM +0000,THU,M - MALE,1 - NO INJURY / NONE REPORTED,5C0E9076-35B3-4A63-9E72-6BEBFA55F44B,1 - DAYLIGHT,185011768,2 - REAR-END,01 - DRY,1 - STRAIGHT LEVEL,"2 - BLACKTOP, BITUMINOUS, ASPHALT",N/A,D - DRIVER,1 - CLEAR,45211
S I75 AT 4-1 MM,39.144121,84.535263,61-70,N/A,N/A,08/20/2018 04:35:00 PM +0000,01 - NOT AN INTERSECTION,3 - PROPERTY DAMAGE ONLY (PDO),3,08/20/2018 04:40:00 PM +0000,MON,M - MALE,1 - NO INJURY / NONE REPORTED,DEBA0DF4-B6C0-4F58-A191-AA6BD521C68A,1 - DAYLIGHT,185011643,2 - REAR-END,01 - DRY,1 - STRAIGHT LEVEL,"2 - BLACKTOP, BITUMINOUS, ASPHALT",N/A,D - DRIVER,1 - CLEAR,45223
60XX HAMILTON AV,39.201895,84.548651,31-40,N/A,N/A,08/22/2018 03:15:00 PM +0000,02 - FOUR-WAY INTERSECTION,3 - PROPERTY DAMAGE ONLY (PDO),3,08/22/2018 03:18:00 PM +0000,WED,F - FEMALE,1 - NO INJURY / NONE REPORTED,4BD12700-EEBF-432D-BCE9-ADE45CC7432D,1 - DAYLIGHT,185011738,6 - ANGLE,01 - DRY,1 - STRAIGHT LEVEL,"2 - BLACKTOP, BITUMINOUS, ASPHALT",N/A,D - DRIVER,1 - CLEAR,45224
11XX CORONADO AV,39.115888,-84.601527,41-50,WEST PRICE HILL,WEST PRICE HILL,08/06/2018 06:43:00 PM +0000,01 - NOT AN INTERSECTION,3 - PROPERTY DAMAGE ONLY (PDO),3,08/06/2018 06:44:00 PM +0000,MON,M - MALE,1 - NO INJURY / NONE REPORTED,03D597F4-F5F1-4FC8-A19C-54389D6E9F5D,1 - DAYLIGHT,185010899,"8 - SIDESWIPE, OPPOSITE DIRECTION",01 - DRY,1 - STRAIGHT LEVEL,"2 - BLACKTOP, BITUMINOUS, ASPHALT",WEST PRICE HILL,D - DRIVER,1 - CLEAR,45238
17XX STONYBROOK DR,39.199745,-84.457801,UNKNOWN,ROSELAWN,ROSELAWN,08/11/2018 05:30:00 PM +0000,01 - NOT AN INTERSECTION,3 - PROPERTY DAMAGE ONLY (PDO),3,08/11/2018 05:30:00 PM +0000,SAT,,1 - NO INJURY / NONE REPORTED,6DF943D9-F8A4-4476-BBA6-5AEDCA9747A6,1 - DAYLIGHT,185011192,9 - UNKNOWN,01 - DRY,1 - STRAIGHT LEVEL,"2 - BLACKTOP, BITUMINOUS, ASPHALT",ROSELAWN,D - DRIVER,1 - CLEAR,45237
9XX COLUMBIA PY,39.106605,84.494701,18-25,N/A,N/A,08/16/2018 11:01:00 AM +0000,01 - NOT AN INTERSECTION,3 - PROPERTY DAMAGE ONLY (PDO),3,08/16/2018 11:02:00 AM +0000,THU,F - FEMALE,1 - NO INJURY / NONE REPORTED,F28EC6DF-BFBB-45E5-B247-328BBB3D8747,1 - DAYLIGHT,185011412,1 - NOT COLLISION BETWEEN TWO MOTOR VEHICLES IN TRANSPORT,02 - WET,4 - CURVE GRADE,"2 - BLACKTOP, BITUMINOUS, ASPHALT",N/A,D - DRIVER,4 - RAIN,45202
N I71 AT 0-1 MM,39.103828,84.512991,31-40,N/A,N/A,08/04/2018 06:05:00 PM +0000,01 - NOT AN INTERSECTION,3 - PROPERTY DAMAGE ONLY (PDO),3,08/04/2018 06:20:00 PM +0000,SAT,F - FEMALE,1 - NO INJURY / NONE REPORTED,0F089BF5-7000-45D6-8E33-AE9EE5A64B04,1 - DAYLIGHT,185010830,1 - NOT COLLISION BETWEEN TWO MOTOR VEHICLES IN TRANSPORT,02 - WET,3 - CURVE LEVEL,1 - CONCRETE,N/A,D - DRIVER,4 - RAIN,45202
E I74 AT 19-0 MM,39.151191,84.541552,31-40,N/A,N/A,08/16/2018 08:25:00 AM +0000,01 - NOT AN INTERSECTION,3 - PROPERTY DAMAGE ONLY (PDO),3,08/16/2018 08:27:00 AM +0000,THU,M - MALE,1 - NO INJURY / NONE REPORTED,C2A60F7E-354A-4D97-95A6-DA5E5353CD25,1 - DAYLIGHT,185011399,2 - REAR-END,02 - WET,1 - STRAIGHT LEVEL,1 - CONCRETE,N/A,D - DRIVER,4 - RAIN,45223
3XX E PETE ROSE WY,39.098947,84.501996,51-60,N/A,N/A,08/18/2018 10:10:00 PM +0000,01 - NOT AN INTERSECTION,3 - PROPERTY DAMAGE ONLY (PDO),3,08/18/2018 10:14:00 PM +0000,SAT,F - FEMALE,1 - NO INJURY / NONE REPORTED,5AB1BC66-9A3D-40EA-9C46-52D4ACDE551F,4 - DARK - LIGHTED ROADWAY,185011570,"7 - SIDESWIPE, SAME DIRECTION",01 - DRY,1 - STRAIGHT LEVEL,1 - CONCRETE,N/A,D - DRIVER,2 - CLOUDY,45202
6XX GLENWOOD AV,39.149511,-84.494651,UNKNOWN,AVONDALE - NORTH AVONDALE,NORTH AVONDALE,08/18/2018 12:40:00 PM +0000,01 - NOT AN INTERSECTION,3 - PROPERTY DAMAGE ONLY (PDO),3,08/18/2018 12:45:00 PM +0000,SAT,,1 - NO INJURY / NONE REPORTED,21457A89-EF52-4DCB-AB73-A88462702823,1 - DAYLIGHT,185011546,1 - NOT COLLISION BETWEEN TWO MOTOR VEHICLES IN TRANSPORT,01 - DRY,1 - STRAIGHT LEVEL,"2 - BLACKTOP, BITUMINOUS, ASPHALT",AVONDALE,D - DRIVER,2 - CLOUDY,45229
26XX BURNET AV,39.130091,-84.500702,51-60,AVONDALE,AVONDALE,08/06/2018 10:25:00 AM +0000,01 - NOT AN INTERSECTION,3 - PROPERTY DAMAGE ONLY (PDO),3,08/06/2018 10:57:00 AM +0000,MON,F - FEMALE,1 - NO INJURY / NONE REPORTED,A0C25EE7-9E7E-438D-96A7-83D63AB1BEB5,1 - DAYLIGHT,185010872,6 - ANGLE,01 - DRY,1 - STRAIGHT LEVEL,"2 - BLACKTOP, BITUMINOUS, ASPHALT",AVONDALE,D - DRIVER,1 - CLEAR,45219
N I75 AT 3-8 MM,39.161388,-84.508104,18-25,CLIFTON,CLIFTON,08/10/2018 05:35:00 PM +0000,04 - Y-INTERSECTION,3 - PROPERTY DAMAGE ONLY (PDO),3,08/10/2018 05:36:00 PM +0000,FRI,M - MALE,1 - NO INJURY / NONE REPORTED,E14F4AA4-B42D-417C-A809-06FF59D9F8FE,1 - DAYLIGHT,185011124,"7 - SIDESWIPE, SAME DIRECTION",01 - DRY,1 - STRAIGHT LEVEL,"2 - BLACKTOP, BITUMINOUS, ASPHALT",CLIFTON,D - DRIVER,2 - CLOUDY,45220
27XX EAST TOWER DR,39.130871,84.594909,31-40,N/A,N/A,08/28/2018 04:39:00 PM +0000,01 - NOT AN INTERSECTION,3 - PROPERTY DAMAGE ONLY (PDO),3,08/28/2018 05:47:00 PM +0000,TUE,F - FEMALE,1 - NO INJURY / NONE REPORTED,9647F26A-D45E-4F09-AC6C-90CFB514E5C9,1 - DAYLIGHT,185012026,6 - ANGLE,01 - DRY,4 - CURVE GRADE,1 - CONCRETE,N/A,D - DRIVER,1 - CLEAR,45238
2XX CALHOUN ST,39.129271,84.515997,UNKNOWN,N/A,N/A,08/16/2018 04:03:37 PM +0000,01 - NOT AN INTERSECTION,2 - INJURY,2,08/16/2018 04:45:48 PM +0000,THU,,1 - NO INJURY / NONE REPORTED,9B41AE16-83BE-45EA-AD86-6155EA4A837F,1 - DAYLIGHT,185011433,2 - REAR-END,02 - WET,1 - STRAIGHT LEVEL,"2 - BLACKTOP, BITUMINOUS, ASPHALT",N/A,D - DRIVER,4 - RAIN,45221
S I75 AT 1-8 MM,39.114762,-84.532015,41-50,WEST END,WEST  END,08/24/2018 03:13:00 PM +0000,01 - NOT AN INTERSECTION,3 - PROPERTY DAMAGE ONLY (PDO),3,08/24/2018 03:13:00 PM +0000,FRI,M - MALE,1 - NO INJURY / NONE REPORTED,B9328021-944E-4FC9-B9C0-E57B1BB76C3D,1 - DAYLIGHT,185011848,2 - REAR-END,01 - DRY,1 - STRAIGHT LEVEL,"2 - BLACKTOP, BITUMINOUS, ASPHALT",QUEENSGATE,D - DRIVER,1 - CLEAR,45214
40XX RIVER RD,39.075988,-84.607635,61-70,RIVERSIDE,RIVERSIDE,08/19/2018 08:45:13 AM +0000,01 - NOT AN INTERSECTION,2 - INJURY,2,08/19/2018 08:45:15 AM +0000,SUN,M - MALE,3 - NON-INCAPACITATING,B8BA309B-F74F-4AAE-9C7C-A66CABA6C449,1 - DAYLIGHT,185011581,2 - REAR-END,01 - DRY,1 - STRAIGHT LEVEL,"2 - BLACKTOP, BITUMINOUS, ASPHALT",RIVERSIDE,D - DRIVER,1 - CLEAR,45204
34XX EDWARDS RD,39.138161,84.443123,61-70,N/A,N/A,08/28/2018 03:00:00 PM +0000,01 - NOT AN INTERSECTION,3 - PROPERTY DAMAGE ONLY (PDO),3,08/28/2018 03:04:00 PM +0000,TUE,F - FEMALE,1 - NO INJURY / NONE REPORTED,20B5B701-F49F-4B43-820B-71075E5CB8D0,1 - DAYLIGHT,185012010,2 - REAR-END,01 - DRY,1 - STRAIGHT LEVEL,1 - CONCRETE,N/A,D - DRIVER,1 - CLEAR,45208
6XX WILLIAM HOWARD TAFT,39.127985,-84.497221,OVER 70,AVONDALE,AVONDALE,08/27/2018 01:30:00 PM +0000,01 - NOT AN INTERSECTION,3 - PROPERTY DAMAGE ONLY (PDO),3,08/27/2018 01:34:00 PM +0000,MON,F - FEMALE,1 - NO INJURY / NONE REPORTED,56591739-4AD9-4305-9EF5-66FF3EF97995,1 - DAYLIGHT,185011957,2 - REAR-END,01 - DRY,2 - STRAIGHT GRADE,"2 - BLACKTOP, BITUMINOUS, ASPHALT",AVONDALE,D - DRIVER,1 - CLEAR,45206
47XX PADDOCK RD,39.171478,84.379158,51-60,N/A,N/A,08/10/2018 02:10:00 PM +0000,08 - OFF RAMP,3 - PROPERTY DAMAGE ONLY (PDO),3,08/10/2018 02:15:00 PM +0000,FRI,M - MALE,1 - NO INJURY / NONE REPORTED,8CC74640-D225-45F7-9C79-0179C6BC723D,1 - DAYLIGHT,185011108,2 - REAR-END,01 - DRY,1 - STRAIGHT LEVEL,1 - CONCRETE,N/A,D - DRIVER,1 - CLEAR,45229
51XX GLENWAY AV,39.123895,84.602411,61-70,N/A,N/A,08/23/2018 02:15:00 PM +0000,02 - FOUR-WAY INTERSECTION,3 - PROPERTY DAMAGE ONLY (PDO),3,08/23/2018 02:17:00 PM +0000,THU,M - MALE,1 - NO INJURY / NONE REPORTED,3AC9BBF4-93DC-4918-ADFD-765A23D24C1A,1 - DAYLIGHT,185011783,"7 - SIDESWIPE, SAME DIRECTION",01 - DRY,1 - STRAIGHT LEVEL,"2 - BLACKTOP, BITUMINOUS, ASPHALT",N/A,D - DRIVER,1 - CLEAR,45238
6XX WILLIAM HOWARD TAFT RD,39.128581,-84.501728,18-25,AVONDALE,AVONDALE,08/12/2018 04:30:00 PM +0000,01 - NOT AN INTERSECTION,3 - PROPERTY DAMAGE ONLY (PDO),3,08/12/2018 04:30:00 PM +0000,SUN,F - FEMALE,1 - NO INJURY / NONE REPORTED,8F699628-5475-4869-B67F-9C8A1763631E,1 - DAYLIGHT,185011219,2 - REAR-END,02 - WET,1 - STRAIGHT LEVEL,"2 - BLACKTOP, BITUMINOUS, ASPHALT",AVONDALE,D - DRIVER,4 - RAIN,45206
83XX VINE ST,39.212341,84.475041,41-50,N/A,N/A,08/22/2018 03:30:00 PM +0000,02 - FOUR-WAY INTERSECTION,3 - PROPERTY DAMAGE ONLY (PDO),3,08/22/2018 03:30:00 PM +0000,WED,M - MALE,1 - NO INJURY / NONE REPORTED,3859CD4A-E3A9-4CC3-84A0-F7E409DEB712,1 - DAYLIGHT,185011752,1 - NOT COLLISION BETWEEN TWO MOTOR VEHICLES IN TRANSPORT,01 - DRY,1 - STRAIGHT LEVEL,"2 - BLACKTOP, BITUMINOUS, ASPHALT",N/A,D - DRIVER,1 - CLEAR,45216
9XX RACE ST,39.105728,84.516305,41-50,N/A,N/A,08/23/2018 02:10:00 PM +0000,02 - FOUR-WAY INTERSECTION,2 - INJURY,2,08/23/2018 02:11:00 PM +0000,THU,F - FEMALE,3 - NON-INCAPACITATING,32B2C933-148F-46F6-BD63-8DFBAF50059D,1 - DAYLIGHT,185011782,1 - NOT COLLISION BETWEEN TWO MOTOR VEHICLES IN TRANSPORT,01 - DRY,1 - STRAIGHT LEVEL,"2 - BLACKTOP, BITUMINOUS, ASPHALT",N/A,P - PEDESTRIAN,1 - CLEAR,45202
43XX READING RD,39.161874,-84.473351,41-50,PADDOCK HILLS,PADDOCK  HILLS,08/15/2018 04:00:00 PM +0000,01 - NOT AN INTERSECTION,3 - PROPERTY DAMAGE ONLY (PDO),3,08/15/2018 04:04:00 PM +0000,WED,F - FEMALE,1 - NO INJURY / NONE REPORTED,559C2E48-B059-4694-9131-32B429A75285,1 - DAYLIGHT,185011378,2 - REAR-END,02 - WET,2 - STRAIGHT GRADE,1 - CONCRETE,NORTH AVONDALE - PADDOCK HILLS,D - DRIVER,4 - RAIN,45229
23XX WHEELER ST,39.127581,84.521051,18-25,N/A,N/A,08/17/2018 09:10:00 PM +0000,01 - NOT AN INTERSECTION,3 - PROPERTY DAMAGE ONLY (PDO),3,08/17/2018 09:13:00 PM +0000,FRI,F - FEMALE,1 - NO INJURY / NONE REPORTED,2E0C8E2F-45C2-494F-B2E4-1A7570A181B6,5 - DARK – ROADWAY NOT LIGHTED,185011526,6 - ANGLE,01 - DRY,2 - STRAIGHT GRADE,"2 - BLACKTOP, BITUMINOUS, ASPHALT",N/A,D - DRIVER,2 - CLOUDY,45219
XX E 7TH ST,39.104199,84.512245,41-50,N/A,N/A,08/28/2018 07:57:00 AM +0000,01 - NOT AN INTERSECTION,3 - PROPERTY DAMAGE ONLY (PDO),3,08/28/2018 08:00:00 AM +0000,TUE,M - MALE,1 - NO INJURY / NONE REPORTED,B63585DC-ED01-4C6E-B6C1-ACB98D643B29,1 - DAYLIGHT,185011993,"7 - SIDESWIPE, SAME DIRECTION",01 - DRY,1 - STRAIGHT LEVEL,"2 - BLACKTOP, BITUMINOUS, ASPHALT",N/A,D - DRIVER,1 - CLEAR,45202
33XX GLENWAY AV,39.114529,-84.565332,31-40,EAST PRICE HILL,EAST PRICE HILL,08/16/2018 10:16:00 AM +0000,01 - NOT AN INTERSECTION,3 - PROPERTY DAMAGE ONLY (PDO),3,08/16/2018 10:16:00 AM +0000,THU,F - FEMALE,1 - NO INJURY / NONE REPORTED,6AC47D3D-2010-47D1-BFEB-C530CAC745A0,1 - DAYLIGHT,185011408,6 - ANGLE,02 - WET,2 - STRAIGHT GRADE,"2 - BLACKTOP, BITUMINOUS, ASPHALT",EAST PRICE HILL,D - DRIVER,4 - RAIN,45205
20XX E SEYMOUR AV,39.185599,-84.456817,41-50,ROSELAWN,ROSELAWN,08/04/2018 03:58:00 PM +0000,01 - NOT AN INTERSECTION,3 - PROPERTY DAMAGE ONLY (PDO),3,08/04/2018 05:00:00 PM +0000,SAT,M - MALE,1 - NO INJURY / NONE REPORTED,0A958B8B-D2DE-4EAC-8435-2525F2BAE1F5,1 - DAYLIGHT,185010824,"7 - SIDESWIPE, SAME DIRECTION",01 - DRY,1 - STRAIGHT LEVEL,"2 - BLACKTOP, BITUMINOUS, ASPHALT",ROSELAWN,D - DRIVER,1 - CLEAR,45216
31XX HARVEY AV,39.135859,-84.498324,41-50,AVONDALE,AVONDALE,08/15/2018 12:35:00 PM +0000,10 - DRIVEWAY/ALLEY ACCESS,3 - PROPERTY DAMAGE ONLY (PDO),3,08/15/2018 12:35:00 PM +0000,WED,F - FEMALE,1 - NO INJURY / NONE REPORTED,821298F2-719F-4CCF-BB41-E5B015F7448C,1 - DAYLIGHT,185011347,6 - ANGLE,01 - DRY,1 - STRAIGHT LEVEL,"2 - BLACKTOP, BITUMINOUS, ASPHALT",AVONDALE,D - DRIVER,2 - CLOUDY,45229
25XX EUCLID AV,39.127853,84.508612,18-25,N/A,N/A,08/09/2018 02:00:00 PM +0000,02 - FOUR-WAY INTERSECTION,3 - PROPERTY DAMAGE ONLY (PDO),3,08/09/2018 02:22:00 PM +0000,THU,F - FEMALE,1 - NO INJURY / NONE REPORTED,3EFC297E-D168-455B-9A6D-36AEB307E974,1 - DAYLIGHT,185011063,5 - BACKING,01 - DRY,2 - STRAIGHT GRADE,"2 - BLACKTOP, BITUMINOUS, ASPHALT",N/A,D - DRIVER,1 - CLEAR,45219
34XX HARVEY AV,39.144287,-84.498977,26-30,AVONDALE,AVONDALE,08/15/2018 04:30:00 PM +0000,03 - T-INTERSECTION,3 - PROPERTY DAMAGE ONLY (PDO),3,08/15/2018 04:40:00 PM +0000,WED,F - FEMALE,1 - NO INJURY / NONE REPORTED,9C89F465-57DD-49BA-AD39-558957750064,1 - DAYLIGHT,185011367,6 - ANGLE,02 - WET,1 - STRAIGHT LEVEL,"2 - BLACKTOP, BITUMINOUS, ASPHALT",AVONDALE,D - DRIVER,2 - CLOUDY,45229
16XX SYCAMORE ST,39.113734,-84.51091,61-70,MOUNT AUBURN,MOUNT  AUBURN,08/03/2018 03:58:00 PM +0000,01 - NOT AN INTERSECTION,3 - PROPERTY DAMAGE ONLY (PDO),3,08/03/2018 03:58:00 PM +0000,FRI,M - MALE,1 - NO INJURY / NONE REPORTED,B7C66060-A305-4B42-86E1-257A8E3B243C,1 - DAYLIGHT,185010766,"7 - SIDESWIPE, SAME DIRECTION",01 - DRY,1 - STRAIGHT LEVEL,"2 - BLACKTOP, BITUMINOUS, ASPHALT",MT. AUBURN,D - DRIVER,1 - CLEAR,45202
14XX VINE ST,39.111196,-89.516765,18-25,N/A,N/A,08/21/2018 07:30:00 PM +0000,01 - NOT AN INTERSECTION,3 - PROPERTY DAMAGE ONLY (PDO),3,08/21/2018 07:45:00 PM +0000,TUE,F - FEMALE,1 - NO INJURY / NONE REPORTED,C982E009-EC0B-4382-BAB0-5779D8B895C8,3 - DUSK,185011701,5 - BACKING,01 - DRY,1 - STRAIGHT LEVEL,"2 - BLACKTOP, BITUMINOUS, ASPHALT",N/A,D - DRIVER,1 - CLEAR,45202
60XX BRAMBLE AV,39.152299,-84.392247,UNDER 18,MADISONVILLE,MADISONVILLE,08/12/2018 06:38:00 PM +0000,01 - NOT AN INTERSECTION,2 - INJURY,2,08/12/2018 06:38:00 PM +0000,SUN,M - MALE,3 - NON-INCAPACITATING,4275F851-D8A3-429C-A887-C8F464C62AFC,1 - DAYLIGHT,185011227,3 - HEAD-ON,01 - DRY,1 - STRAIGHT LEVEL,"2 - BLACKTOP, BITUMINOUS, ASPHALT",MADISONVILLE,O - OCCUPANT,1 - CLEAR,45227
43XX READING RD,39.160298,-84.474201,61-70,PADDOCK HILLS,PADDOCK  HILLS,08/06/2018 03:05:00 PM +0000,01 - NOT AN INTERSECTION,3 - PROPERTY DAMAGE ONLY (PDO),3,08/06/2018 11:10:00 PM +0000,MON,M - MALE,1 - NO INJURY / NONE REPORTED,363FC748-AADF-462D-9EDD-C006D766925C,1 - DAYLIGHT,185010911,2 - REAR-END,01 - DRY,1 - STRAIGHT LEVEL,"2 - BLACKTOP, BITUMINOUS, ASPHALT",NORTH AVONDALE - PADDOCK HILLS,D - DRIVER,1 - CLEAR,45229
56XX RIDGE,39.175428,84.42709,31-40,N/A,N/A,08/25/2018 02:11:00 PM +0000,01 - NOT AN INTERSECTION,3 - PROPERTY DAMAGE ONLY (PDO),3,08/25/2018 02:12:00 PM +0000,SAT,M - MALE,1 - NO INJURY / NONE REPORTED,D5F415A1-316E-4069-A80B-F1931DABDF81,1 - DAYLIGHT,185011878,2 - REAR-END,02 - WET,1 - STRAIGHT LEVEL,"2 - BLACKTOP, BITUMINOUS, ASPHALT",N/A,D - DRIVER,4 - RAIN,45213