ADDRESS_X,LATITUDE_X,LONGITUDE_X,AGE,COMMUNITY_COUNCIL_NEIGHBORHOOD,CPD_NEIGHBORHOOD,CRASHDATE,CRASHLOCATION,CRASHSEVERITY,CRASHSEVERITYID,DATECRASHREPORTED,DAYOFWEEK,GENDER,INJURIES,INSTANCEID,LIGHTCONDITIONSPRIMARY,LOCALREPORTNO,MANNEROFCRASH,ROADCONDITIONSPRIMARY,ROADCONTOUR,ROADSURFACE,SNA_NEIGHBORHOOD,TYPEOFPERSON,WEATHER,ZIP
X KING DR,39.135671,84.508551,51-60,N/A,N/A,08/22/2018 03:36:00 PM +0000,01 - NOT AN INTERSECTION,3 - PROPERTY DAMAGE ONLY (PDO),3,08/22/2018 03:37:00 PM +0000,WED,M - MALE,1 - NO INJURY / NONE REPORTED,9372D869-FA2C-4E0B-B463-442BB50819AD,1 - DAYLIGHT,185011740,6 - ANGLE,01 - DRY,2 - STRAIGHT GRADE,"2 - BLACKTOP, BITUMINOUS, ASPHALT",N/A,D - DRIVER,1 - CLEAR,45219
2XX KINSEY AV,39.431291,84.214511,51-60,N/A,N/A,08/16/2018 01:14:00 PM +0000,02 - FOUR-WAY INTERSECTION,2 - INJURY,2,08/16/2018 01:14:00 PM +0000,THU,F - FEMALE,1 - NO INJURY / NONE REPORTED,63D3B6FA-495E-4E97-A152-0B32FEDC0C10,1 - DAYLIGHT,185011422,6 - ANGLE,02 - WET,2 - STRAIGHT GRADE,"2 - BLACKTOP, BITUMINOUS, ASPHALT",N/A,D - DRIVER,2 - CLOUDY,45219
XX W KING DR,39.135461,84.510096,51-60,N/A,N/A,08/26/2018 01:57:00 PM +0000,02 - FOUR-WAY INTERSECTION,3 - PROPERTY DAMAGE ONLY (PDO),3,08/26/2018 02:10:00 PM +0000,SUN,M - MALE,1 - NO INJURY / NONE REPORTED,5063B910-B261-41A8-97AD-4E709E6245F1,1 - DAYLIGHT,185011919,6 - ANGLE,01 - DRY,2 - STRAIGHT GRADE,"2 - BLACKTOP, BITUMINOUS, ASPHALT",N/A,D - DRIVER,1 - CLEAR,45220
36XX CENTRAL PY,39.152268,84.537469,31-40,N/A,N/A,08/14/2018 07:35:00 PM +0000,03 - T-INTERSECTION,3 - PROPERTY DAMAGE ONLY (PDO),3,08/14/2018 07:35:00 PM +0000,TUE,M - MALE,1 - NO INJURY / NONE REPORTED,C1B9F453-854D-4EE9-80BF-04BBA2ACB4D6,1 - DAYLIGHT,185011320,4 - REAR-TO-REAR,01 - DRY,1 - STRAIGHT LEVEL,"2 - BLACKTOP, BITUMINOUS, ASPHALT",N/A,D - DRIVER,1 - CLEAR,45223
36XX MARBURG AV,39.142203,-84.421674,31-40,HYDE PARK,HYDE PARK,08/22/2018 05:54:00 PM +0000,01 - NOT AN INTERSECTION,3 - PROPERTY DAMAGE ONLY (PDO),3,08/22/2018 05:54:00 PM +0000,WED,M - MALE,1 - NO INJURY / NONE REPORTED,A0C6AC3B-6365-4AA4-BF04-5D93E715BA0D,1 - DAYLIGHT,185011753,2 - REAR-END,01 - DRY,1 - STRAIGHT LEVEL,"2 - BLACKTOP, BITUMINOUS, ASPHALT",HYDE PARK,D - DRIVER,1 - CLEAR,45208
XX FOREST AV,39.146571,-84.497361,31-40,AVONDALE,AVONDALE,08/17/2018 04:07:00 PM +0000,01 - NOT AN INTERSECTION,3 - PROPERTY DAMAGE ONLY (PDO),3,08/17/2018 04:07:00 PM +0000,FRI,M - MALE,1 - NO INJURY / NONE REPORTED,288D935C-8DB2-430A-AEF8-B48BD1BA3E44,1 - DAYLIGHT,185011495,2 - REAR-END,01 - DRY,2 - STRAIGHT GRADE,"2 - BLACKTOP, BITUMINOUS, ASPHALT",AVONDALE,D - DRIVER,1 - CLEAR,45220
N I75 AT 3-6 MM,39.147341,-84.539151,26-30,CAMP WASHINGTON,CAMP  WASHINGTON,08/08/2018 07:25:00 AM +0000,01 - NOT AN INTERSECTION,3 - PROPERTY DAMAGE ONLY (PDO),3,08/08/2018 07:27:00 AM +0000,WED,M - MALE,1 - NO INJURY / NONE REPORTED,E490400F-A66C-4848-904A-7D0919BD4B57,1 - DAYLIGHT,185010996,"7 - SIDESWIPE, SAME DIRECTION",01 - DRY,1 - STRAIGHT LEVEL,1 - CONCRETE,CAMP WASHINGTON,D - DRIVER,2 - CLOUDY,45211
5XX HALE AV,39.141044,-84.494901,UNKNOWN,AVONDALE,AVONDALE,08/03/2018 07:00:00 AM +0000,01 - NOT AN INTERSECTION,3 - PROPERTY DAMAGE ONLY (PDO),3,08/03/2018 08:45:00 AM +0000,FRI,,1 - NO INJURY / NONE REPORTED,D7C123C2-E385-4703-900B-7F1E0D4E1163,9 - UNKNOWN,185010742,"7 - SIDESWIPE, SAME DIRECTION",01 - DRY,2 - STRAIGHT GRADE,"2 - BLACKTOP, BITUMINOUS, ASPHALT",AVONDALE,D - DRIVER,9 - OTHER/UNKNOWN,45229
12XX HENKEL DR,39.116543,-84.575674,UNKNOWN,WEST PRICE HILL,WEST PRICE HILL,08/26/2018 02:19:23 AM +0000,01 - NOT AN INTERSECTION,3 - PROPERTY DAMAGE ONLY (PDO),3,08/26/2018 02:19:23 AM +0000,SUN,,1 - NO INJURY / NONE REPORTED,CC793F2C-B4D0-4C21-AA0E-A7DFD57320B1,4 - DARK - LIGHTED ROADWAY,185011910,"8 - SIDESWIPE, OPPOSITE DIRECTION",01 - DRY,2 - STRAIGHT GRADE,"2 - BLACKTOP, BITUMINOUS, ASPHALT",EAST PRICE HILL,D - DRIVER,1 - CLEAR,45205
23XX FERGUSON RD,39.127193,84.598986,41-50,N/A,N/A,08/05/2018 02:30:00 PM +0000,01 - NOT AN INTERSECTION,3 - PROPERTY DAMAGE ONLY (PDO),3,08/05/2018 02:35:00 PM +0000,SUN,M - MALE,1 - NO INJURY / NONE REPORTED,448F7449-8D98-45AA-B53F-027E686E517E,1 - DAYLIGHT,185010853,6 - ANGLE,01 - DRY,1 - STRAIGHT LEVEL,"2 - BLACKTOP, BITUMINOUS, ASPHALT",N/A,D - DRIVER,1 - CLEAR,45238
39XX MARBURG AV,39.150632,84.421057,31-40,N/A,N/A,08/07/2018 02:40:00 PM +0000,03 - T-INTERSECTION,2 - INJURY,2,08/07/2018 02:41:00 PM +0000,TUE,F - FEMALE,3 - NON-INCAPACITATING,D4876677-FBCD-4618-9259-22A5F879EDE2,1 - DAYLIGHT,185010955,2 - REAR-END,01 - DRY,2 - STRAIGHT GRADE,"2 - BLACKTOP, BITUMINOUS, ASPHALT",N/A,D - DRIVER,1 - CLEAR,45209
18XX DANA AV,39.141385,84.468266,18-25,N/A,N/A,08/05/2018 12:40:00 AM +0000,02 - FOUR-WAY INTERSECTION,3 - PROPERTY DAMAGE ONLY (PDO),3,08/05/2018 12:45:00 AM +0000,SUN,M - MALE,1 - NO INJURY / NONE REPORTED,52176B4E-E3ED-4987-AE67-34E48006AF6D,4 - DARK - LIGHTED ROADWAY,185010844,6 - ANGLE,01 - DRY,1 - STRAIGHT LEVEL,1 - CONCRETE,N/A,D - DRIVER,1 - CLEAR,45207
83XX BURNS AV,39.199293,-84.475593,18-25,CARTHAGE,CARTHAGE,08/09/2018 12:40:00 AM +0000,01 - NOT AN INTERSECTION,3 - PROPERTY DAMAGE ONLY (PDO),3,08/09/2018 12:43:00 AM +0000,THU,M - MALE,1 - NO INJURY / NONE REPORTED,EDB920C2-A528-4797-AEF4-ED3B0B86382F,4 - DARK - LIGHTED ROADWAY,185011049,"7 - SIDESWIPE, SAME DIRECTION",01 - DRY,1 - STRAIGHT LEVEL,"2 - BLACKTOP, BITUMINOUS, ASPHALT",CARTHAGE,D - DRIVER,1 - CLEAR,45216
N I75 AT 10.7,39.208221,84.463095,18-25,N/A,N/A,08/14/2018 09:45:27 AM +0000,01 - NOT AN INTERSECTION,3 - PROPERTY DAMAGE ONLY (PDO),3,08/14/2018 09:55:38 AM +0000,TUE,M - MALE,1 - NO INJURY / NONE REPORTED,A327441C-70AE-4626-8AD6-BC2810E76478,1 - DAYLIGHT,185011286,"7 - SIDESWIPE, SAME DIRECTION",01 - DRY,1 - STRAIGHT LEVEL,1 - CONCRETE,N/A,D - DRIVER,1 - CLEAR,45216
29XX WARSAW AV,39.110056,-84.560337,41-50,EAST PRICE HILL,EAST PRICE HILL,08/27/2018 03:40:00 PM +0000,02 - FOUR-WAY INTERSECTION,2 - INJURY,2,08/27/2018 03:41:00 PM +0000,MON,F - FEMALE,1 - NO INJURY / NONE REPORTED,46DA7CE2-F990-4175-A9EA-1076B9C9E1F1,1 - DAYLIGHT,185011968,6 - ANGLE,01 - DRY,2 - STRAIGHT GRADE,"2 - BLACKTOP, BITUMINOUS, ASPHALT",EAST PRICE HILL,D - DRIVER,1 - CLEAR,45204
1XX E MITCHELL AV,39.160865,84.496531,18-25,N/A,N/A,08/03/2018 01:01:30 AM +0000,02 - FOUR-WAY INTERSECTION,3 - PROPERTY DAMAGE ONLY (PDO),3,08/03/2018 01:55:40 AM +0000,FRI,F - FEMALE,1 - NO INJURY / NONE REPORTED,83A88BAB-A618-4DAE-BB4B-E7293BF8C780,4 - DARK - LIGHTED ROADWAY,185010729,2 - REAR-END,01 - DRY,1 - STRAIGHT LEVEL,"2 - BLACKTOP, BITUMINOUS, ASPHALT",N/A,D - DRIVER,1 - CLEAR,45217
10XX W 6TH ST,39.099999,-84.533168,31-40,QUEENSGATE,QUEENSGATE,08/06/2018 06:01:00 PM +0000,01 - NOT AN INTERSECTION,2 - INJURY,2,08/06/2018 06:01:00 PM +0000,MON,F - FEMALE,2 - POSSIBLE,5765DD8D-BFA9-43E0-B8AD-997DD6E161A5,1 - DAYLIGHT,185010901,2 - REAR-END,01 - DRY,1 - STRAIGHT LEVEL,"2 - BLACKTOP, BITUMINOUS, ASPHALT",QUEENSGATE,D - DRIVER,1 - CLEAR,45202
19XX HEWITT AV,39.136361,84.467521,26-30,N/A,N/A,08/24/2018 11:00:44 PM +0000,01 - NOT AN INTERSECTION,3 - PROPERTY DAMAGE ONLY (PDO),3,08/25/2018 11:15:14 AM +0000,FRI,M - MALE,1 - NO INJURY / NONE REPORTED,F73F1A88-A4EE-4C65-9D61-B149FCA951AE,4 - DARK - LIGHTED ROADWAY,185011870,"7 - SIDESWIPE, SAME DIRECTION",01 - DRY,1 - STRAIGHT LEVEL,"2 - BLACKTOP, BITUMINOUS, ASPHALT",N/A,D - DRIVER,1 - CLEAR,45207
S I75 AT 1-1 MM,39.103865,84.528435,61-70,N/A,N/A,08/10/2018 12:55:00 AM +0000,01 - NOT AN INTERSECTION,3 - PROPERTY DAMAGE ONLY (PDO),3,08/10/2018 01:00:00 AM +0000,FRI,F - FEMALE,1 - NO INJURY / NONE REPORTED,CBC78EE2-4140-47A2-B6BB-8244C82D8BC5,4 - DARK - LIGHTED ROADWAY,185011087,1 - NOT COLLISION BETWEEN TWO MOTOR VEHICLES IN TRANSPORT,01 - DRY,1 - STRAIGHT LEVEL,"2 - BLACKTOP, BITUMINOUS, ASPHALT",N/A,D - DRIVER,1 - CLEAR,45202
10XX CENTRAL AV,39.107445,-84.521043,61-70,WEST END,WEST  END,08/04/2018 02:02:00 PM +0000,01 - NOT AN INTERSECTION,3 - PROPERTY DAMAGE ONLY (PDO),3,08/04/2018 02:02:00 PM +0000,SAT,M - MALE,1 - NO INJURY / NONE REPORTED,E28489B1-5DF1-488B-9F99-C0A0C643DC56,1 - DAYLIGHT,185010813,2 - REAR-END,01 - DRY,1 - STRAIGHT LEVEL,1 - CONCRETE,WEST END,D - DRIVER,1 - CLEAR,45202
49XX RED BANK EX,39.161074,84.402869,61-70,N/A,N/A,08/10/2018 11:20:00 AM +0000,02 - FOUR-WAY INTERSECTION,3 - PROPERTY DAMAGE ONLY (PDO),3,08/10/2018 12:25:58 PM +0000,FRI,F - FEMALE,1 - NO INJURY / NONE REPORTED,84649BC9-FFBF-4541-9AF9-0ACB2E795E46,1 - DAYLIGHT,185011094,"7 - SIDESWIPE, SAME DIRECTION",01 - DRY,1 - STRAIGHT LEVEL,"2 - BLACKTOP, BITUMINOUS, ASPHALT",N/A,D - DRIVER,1 - CLEAR,45227
46XX KELLOGG AV,39.094257,84.425245,31-40,N/A,N/A,08/22/2018 10:35:00 AM +0000,01 - NOT AN INTERSECTION,3 - PROPERTY DAMAGE ONLY (PDO),3,08/22/2018 10:50:00 AM +0000,WED,M - MALE,1 - NO INJURY / NONE REPORTED,98DEB01D-A522-4C8C-9838-30C3B468BA95,1 - DAYLIGHT,185011723,"8 - SIDESWIPE, OPPOSITE DIRECTION",01 - DRY,1 - STRAIGHT LEVEL,"2 - BLACKTOP, BITUMINOUS, ASPHALT",N/A,D - DRIVER,1 - CLEAR,45226
12XX HOPPLE STREET,39.139066,-84.534585,31-40,CAMP WASHINGTON,CAMP  WASHINGTON,08/15/2018 05:34:00 PM +0000,02 - FOUR-WAY INTERSECTION,3 - PROPERTY DAMAGE ONLY (PDO),3,08/15/2018 05:35:00 PM +0000,WED,M - MALE,1 - NO INJURY / NONE REPORTED,D5C9CC99-2742-4CD0-9C14-EDBBC390A180,1 - DAYLIGHT,185011371,9 - UNKNOWN,02 - WET,2 - STRAIGHT GRADE,"2 - BLACKTOP, BITUMINOUS, ASPHALT",CAMP WASHINGTON,D - DRIVER,2 - CLOUDY,45220
30XX WARSAW AV,39.109476,84.562431,41-50,N/A,N/A,08/26/2018 04:05:00 PM +0000,01 - NOT AN INTERSECTION,3 - PROPERTY DAMAGE ONLY (PDO),3,08/26/2018 04:10:00 PM +0000,SUN,M - MALE,1 - NO INJURY / NONE REPORTED,E2C3B1C7-E644-41A1-B470-7D9A3000AE4D,1 - DAYLIGHT,185011927,6 - ANGLE,01 - DRY,1 - STRAIGHT LEVEL,"2 - BLACKTOP, BITUMINOUS, ASPHALT",N/A,D - DRIVER,1 - CLEAR,45205
6XX MAIN ST,39.104921,84.509565,26-30,N/A,N/A,08/12/2018 12:45:00 PM +0000,01 - NOT AN INTERSECTION,3 - PROPERTY DAMAGE ONLY (PDO),3,08/12/2018 12:45:00 PM +0000,SUN,F - FEMALE,1 - NO INJURY / NONE REPORTED,C48C413D-9783-4A94-B3B3-D5CF7066FAE9,1 - DAYLIGHT,185011210,2 - REAR-END,01 - DRY,1 - STRAIGHT LEVEL,"2 - BLACKTOP, BITUMINOUS, ASPHALT",N/A,D - DRIVER,1 - CLEAR,45202
48XX GLENWAY AV,39.117067,84.598151,41-50,N/A,N/A,08/07/2018 03:15:00 PM +0000,01 - NOT AN INTERSECTION,3 - PROPERTY DAMAGE ONLY (PDO),3,08/07/2018 03:21:00 PM +0000,TUE,F - FEMALE,1 - NO INJURY / NONE REPORTED,6235B30B-A971-4589-85F5-E3033F9B08EE,1 - DAYLIGHT,185010961,"7 - SIDESWIPE, SAME DIRECTION",02 - WET,1 - STRAIGHT LEVEL,"2 - BLACKTOP, BITUMINOUS, ASPHALT",N/A,D - DRIVER,4 - RAIN,45238
S I71 AT 3-6 MM,39.132324,84.493891,26-30,N/A,N/A,08/13/2018 03:58:00 PM +0000,01 - NOT AN INTERSECTION,3 - PROPERTY DAMAGE ONLY (PDO),3,08/13/2018 03:59:00 PM +0000,MON,F - FEMALE,1 - NO INJURY / NONE REPORTED,8BE180CB-92C3-4F1B-BD5A-91B1B109C48F,1 - DAYLIGHT,185011257,2 - REAR-END,01 - DRY,4 - CURVE GRADE,"2 - BLACKTOP, BITUMINOUS, ASPHALT",N/A,D - DRIVER,1 - CLEAR,45206
4XX E MARTIN LUTHER KING DR,39.135406,84.499709,UNKNOWN,N/A,N/A,08/15/2018 08:59:00 AM +0000,02 - FOUR-WAY INTERSECTION,3 - PROPERTY DAMAGE ONLY (PDO),3,08/15/2018 08:59:00 AM +0000,WED,,1 - NO INJURY / NONE REPORTED,12380A21-4774-4B9D-A5E6-4F32F15E3A90,1 - DAYLIGHT,185011338,"8 - SIDESWIPE, OPPOSITE DIRECTION",01 - DRY,2 - STRAIGHT GRADE,"2 - BLACKTOP, BITUMINOUS, ASPHALT",N/A,D - DRIVER,2 - CLOUDY,45219
16XX W NORTH BEND,39.202681,-84.548901,51-60,COLLEGE HILL,COLLEGE  HILL,08/12/2018 03:37:35 PM +0000,02 - FOUR-WAY INTERSECTION,3 - PROPERTY DAMAGE ONLY (PDO),3,08/12/2018 03:42:48 PM +0000,SUN,F - FEMALE,1 - NO INJURY / NONE REPORTED,94ADA7D7-DA20-4621-8BB0-9E8FF67F1403,1 - DAYLIGHT,185011214,2 - REAR-END,02 - WET,1 - STRAIGHT LEVEL,"2 - BLACKTOP, BITUMINOUS, ASPHALT",COLLEGE HILL,D - DRIVER,4 - RAIN,45224
28XX JEFFERSON AV,39.133271,-84.511558,61-70,CORRYVILLE - HEIGHTS,CLIFTON/UNIVERSITY HEIGHTS,08/10/2018 10:59:00 PM +0000,02 - FOUR-WAY INTERSECTION,2 - INJURY,2,08/10/2018 10:59:00 PM +0000,FRI,M - MALE,3 - NON-INCAPACITATING,3AC9F487-D910-4B84-B501-0EAB0B025DAD,4 - DARK - LIGHTED ROADWAY,185011137,6 - ANGLE,01 - DRY,1 - STRAIGHT LEVEL,"2 - BLACKTOP, BITUMINOUS, ASPHALT",CUF,O - OCCUPANT,2 - CLOUDY,45221
49XX HAMILTON AV,39.181131,-84.543485,UNDER 18,COLLEGE HILL,COLLEGE  HILL,08/15/2018 04:33:08 PM +0000,01 - NOT AN INTERSECTION,3 - PROPERTY DAMAGE ONLY (PDO),3,08/15/2018 04:55:33 PM +0000,WED,M - MALE,1 - NO INJURY / NONE REPORTED,7321F2E9-13EB-42AA-8AAE-4CC87A1949EE,1 - DAYLIGHT,185011361,6 - ANGLE,02 - WET,4 - CURVE GRADE,"2 - BLACKTOP, BITUMINOUS, ASPHALT",COLLEGE HILL,O - OCCUPANT,4 - RAIN,45224
41XX VINEDALE AV,39.104126,-84.588478,41-50,WEST PRICE HILL,WEST PRICE HILL,08/03/2018 02:09:00 AM +0000,01 - NOT AN INTERSECTION,3 - PROPERTY DAMAGE ONLY (PDO),3,08/03/2018 02:09:00 AM +0000,FRI,M - MALE,1 - NO INJURY / NONE REPORTED,22BD2A96-AFA7-488A-B862-3A279A1B5B67,4 - DARK - LIGHTED ROADWAY,185010731,"7 - SIDESWIPE, SAME DIRECTION",01 - DRY,1 - STRAIGHT LEVEL,"2 - BLACKTOP, BITUMINOUS, ASPHALT",WEST PRICE HILL,D - DRIVER,1 - CLEAR,45205
18XX READING RD,-0.00033,-0.00039,26-30,N/A,N/A,08/20/2018 04:35:00 PM +0000,01 - NOT AN INTERSECTION,3 - PROPERTY DAMAGE ONLY (PDO),3,08/20/2018 04:40:00 PM +0000,MON,M - MALE,1 - NO INJURY / NONE REPORTED,899FFAEE-E1C3-4125-BFD1-95A991D02A56,1 - DAYLIGHT,185011649,2 - REAR-END,02 - WET,1 - STRAIGHT LEVEL,1 - CONCRETE,N/A,D - DRIVER,1 - CLEAR,45219
40XX DELANEY ST,39.160781,84.542641,18-25,N/A,N/A,08/24/2018 12:05:00 PM +0000,02 - FOUR-WAY INTERSECTION,3 - PROPERTY DAMAGE ONLY (PDO),3,08/25/2018 02:00:00 PM +0000,FRI,F - FEMALE,1 - NO INJURY / NONE REPORTED,3D0D1362-15B4-4AA7-9DB9-790AD18144F8,1 - DAYLIGHT,185011877,6 - ANGLE,01 - DRY,1 - STRAIGHT LEVEL,"2 - BLACKTOP, BITUMINOUS, ASPHALT",N/A,D - DRIVER,1 - CLEAR,45223
2XX W 2ND ST,39.096638,84.517548,41-50,N/A,N/A,08/03/2018 05:03:00 PM +0000,02 - FOUR-WAY INTERSECTION,2 - INJURY,2,08/03/2018 05:04:00 PM +0000,FRI,M - MALE,3 - NON-INCAPACITATING,542D0CC4-9EBE-4B9A-B6E8-1A45B69AB3E8,1 - DAYLIGHT,185010769,1 - NOT COLLISION BETWEEN TWO MOTOR VEHICLES IN TRANSPORT,01 - DRY,1 - STRAIGHT LEVEL,1 - CONCRETE,N/A,D - DRIVER,1 - CLEAR,45202
30XX COLERAIN AV,39.138695,84.537905,61-70,N/A,N/A,08/08/2018 02:25:00 PM +0000,01 - NOT AN INTERSECTION,3 - PROPERTY DAMAGE ONLY (PDO),3,08/08/2018 02:30:00 PM +0000,WED,M - MALE,1 - NO INJURY / NONE REPORTED,11195C5F-86C1-431F-B891-2B6AB4755A0C,1 - DAYLIGHT,185011019,"8 - SIDESWIPE, OPPOSITE DIRECTION",01 - DRY,1 - STRAIGHT LEVEL,"2 - BLACKTOP, BITUMINOUS, ASPHALT",N/A,D - DRIVER,2 - CLOUDY,45225
S I75 AT 8-0 MM,39.176352,-84.486622,26-30,BOND HILL,BONDHILL,08/06/2018 03:40:00 PM +0000,01 - NOT AN INTERSECTION,3 - PROPERTY DAMAGE ONLY (PDO),3,08/06/2018 03:44:00 PM +0000,MON,M - MALE,1 - NO INJURY / NONE REPORTED,D6BEC009-7C1B-410E-A827-E0B9F3FAE3F4,1 - DAYLIGHT,185010890,2 - REAR-END,02 - WET,3 - CURVE LEVEL,"2 - BLACKTOP, BITUMINOUS, ASPHALT",BOND HILL,D - DRIVER,4 - RAIN,45237
26XX W NORTH BEND RD,39.189049,84.572352,51-60,N/A,N/A,08/18/2018 11:40:00 AM +0000,03 - T-INTERSECTION,2 - INJURY,2,08/18/2018 11:41:00 AM +0000,SAT,M - MALE,1 - NO INJURY / NONE REPORTED,09B50AA1-EB28-4F74-A307-FFB7A1D15D64,1 - DAYLIGHT,185011548,6 - ANGLE,01 - DRY,1 - STRAIGHT LEVEL,"2 - BLACKTOP, BITUMINOUS, ASPHALT",N/A,D - DRIVER,1 - CLEAR,45239
54XX BAHAMA TE,39.189473,-84.566691,UNKNOWN,MOUNT AIRY,MOUNT AIRY,08/15/2018 12:00:28 PM +0000,10 - DRIVEWAY/ALLEY ACCESS,3 - PROPERTY DAMAGE ONLY (PDO),3,08/15/2018 02:03:49 PM +0000,WED,,,CC99BC26-E6E3-4A8D-9FDC-9ECB44745F5A,1 - DAYLIGHT,185011351,1 - NOT COLLISION BETWEEN TWO MOTOR VEHICLES IN TRANSPORT,01 - DRY,1 - STRAIGHT LEVEL,"2 - BLACKTOP, BITUMINOUS, ASPHALT",MT. AIRY,,2 - CLOUDY,45223
1XX E MITCHELL AV,39.160495,84.496821,18-25,N/A,N/A,08/03/2018 01:01:30 AM +0000,02 - FOUR-WAY INTERSECTION,3 - PROPERTY DAMAGE ONLY (PDO),3,08/03/2018 01:55:40 AM +0000,FRI,F - FEMALE,1 - NO INJURY / NONE REPORTED,3C201790-2EC4-4473-87E1-D8C441EB0306,4 - DARK - LIGHTED ROADWAY,185010729,2 - REAR-END,01 - DRY,1 - STRAIGHT LEVEL,"2 - BLACKTOP, BITUMINOUS, ASPHALT",N/A,D - DRIVER,1 - CLEAR,45217
S I75 AT 9-2 MM,39.192294,84.477907,18-25,N/A,N/A,08/17/2018 05:45:00 PM +0000,01 - NOT AN INTERSECTION,2 - INJURY,2,08/17/2018 05:47:00 PM +0000,FRI,F - FEMALE,2 - POSSIBLE,F35238FE-821B-4B32-A209-719CC0E3CF12,1 - DAYLIGHT,185011515,2 - REAR-END,01 - DRY,1 - STRAIGHT LEVEL,"2 - BLACKTOP, BITUMINOUS, ASPHALT",N/A,D - DRIVER,2 - CLOUDY,45216
31XX VICTORY PY,39.136642,84.479859,31-40,N/A,N/A,08/24/2018 12:00:00 PM +0000,03 - T-INTERSECTION,2 - INJURY,2,08/24/2018 12:01:00 PM +0000,FRI,F - FEMALE,2 - POSSIBLE,7DD17ED3-7AF1-42F3-BFC8-6F606527BCDF,1 - DAYLIGHT,185011828,2 - REAR-END,01 - DRY,1 - STRAIGHT LEVEL,"2 - BLACKTOP, BITUMINOUS, ASPHALT",N/A,D - DRIVER,1 - CLEAR,45207
1XX FAIRBANKS AV,39.088676,84.569313,UNKNOWN,N/A,N/A,08/17/2018 07:40:00 AM +0000,03 - T-INTERSECTION,3 - PROPERTY DAMAGE ONLY (PDO),3,08/17/2018 02:00:00 PM +0000,FRI,,1 - NO INJURY / NONE REPORTED,AD7FB848-0317-4381-A318-E4EF42ACEAB6,1 - DAYLIGHT,185011489,2 - REAR-END,02 - WET,1 - STRAIGHT LEVEL,"2 - BLACKTOP, BITUMINOUS, ASPHALT",N/A,D - DRIVER,2 - CLOUDY,45204
12XX WAREHAM DR,39.110196,-84.498776,18-25,MOUNT ADAMS,MOUNT  ADAMS,08/05/2018 12:00:00 PM +0000,01 - NOT AN INTERSECTION,3 - PROPERTY DAMAGE ONLY (PDO),3,08/06/2018 09:32:00 AM +0000,SUN,M - MALE,1 - NO INJURY / NONE REPORTED,BCB099B0-ABEF-4A04-8141-7FD5B545C715,4 - DARK - LIGHTED ROADWAY,185010871,1 - NOT COLLISION BETWEEN TWO MOTOR VEHICLES IN TRANSPORT,01 - DRY,2 - STRAIGHT GRADE,"2 - BLACKTOP, BITUMINOUS, ASPHALT",MT. ADAMS,D - DRIVER,1 - CLEAR,45202
4XX TORRENCE PY,39.123495,-84.463341,18-25,EAST END,EAST  END,08/28/2018 03:30:00 AM +0000,03 - T-INTERSECTION,3 - PROPERTY DAMAGE ONLY (PDO),3,08/28/2018 03:34:00 AM +0000,TUE,M - MALE,1 - NO INJURY / NONE REPORTED,CF0C0020-B04C-4FE5-9FCA-E22B3DDA83C8,4 - DARK - LIGHTED ROADWAY,185011987,1 - NOT COLLISION BETWEEN TWO MOTOR VEHICLES IN TRANSPORT,01 - DRY,2 - STRAIGHT GRADE,"2 - BLACKTOP, BITUMINOUS, ASPHALT",EAST END,D - DRIVER,1 - CLEAR,45202
N I75 AT 0-5 MM,39.099363,84.522088,UNKNOWN,N/A,N/A,08/16/2018 11:34:00 PM +0000,01 - NOT AN INTERSECTION,3 - PROPERTY DAMAGE ONLY (PDO),3,08/16/2018 11:36:00 PM +0000,THU,,1 - NO INJURY / NONE REPORTED,BE16205B-A863-4E33-99A5-8EF5DF3C2778,4 - DARK - LIGHTED ROADWAY,185011465,1 - NOT COLLISION BETWEEN TWO MOTOR VEHICLES IN TRANSPORT,02 - WET,1 - STRAIGHT LEVEL,"2 - BLACKTOP, BITUMINOUS, ASPHALT",N/A,O - OCCUPANT,4 - RAIN,45202
42XX SPRING GROVE AV,39.159891,84.532251,26-30,N/A,N/A,08/02/2018 09:51:00 AM +0000,04 - Y-INTERSECTION,3 - PROPERTY DAMAGE ONLY (PDO),3,08/02/2018 09:51:00 AM +0000,THU,M - MALE,1 - NO INJURY / NONE REPORTED,FA2D4E6B-14A1-49F5-A3BD-745AF118C56B,1 - DAYLIGHT,185010696,2 - REAR-END,01 - DRY,1 - STRAIGHT LEVEL,"2 - BLACKTOP, BITUMINOUS, ASPHALT",N/A,D - DRIVER,1 - CLEAR,45223
14XX READING RD,39.111692,84.502536,31-40,N/A,N/A,08/22/2018 04:20:00 PM +0000,01 - NOT AN INTERSECTION,3 - PROPERTY DAMAGE ONLY (PDO),3,08/22/2018 04:25:00 PM +0000,WED,F - FEMALE,1 - NO INJURY / NONE REPORTED,1BA883BC-F9E0-4B32-B955-84961BD79074,1 - DAYLIGHT,185011744,2 - REAR-END,01 - DRY,1 - STRAIGHT LEVEL,"2 - BLACKTOP, BITUMINOUS, ASPHALT",N/A,D - DRIVER,1 - CLEAR,45202
18XX CHASE AV,39.164991,84.550266,31-40,N/A,N/A,08/16/2018 11:20:00 PM +0000,02 - FOUR-WAY INTERSECTION,3 - PROPERTY DAMAGE ONLY (PDO),3,08/16/2018 11:20:00 PM +0000,THU,F - FEMALE,1 - NO INJURY / NONE REPORTED,803DC71E-9E95-4C55-BFF9-D0109BFDD5D4,4 - DARK - LIGHTED ROADWAY,185011466,3 - HEAD-ON,02 - WET,1 - STRAIGHT LEVEL,"2 - BLACKTOP, BITUMINOUS, ASPHALT",N/A,D - DRIVER,4 - RAIN,45223