ADDRESS_X,LATITUDE_X,LONGITUDE_X,AGE,COMMUNITY_COUNCIL_NEIGHBORHOOD,CPD_NEIGHBORHOOD,CRASHDATE,CRASHLOCATION,CRASHSEVERITY,CRASHSEVERITYID,DATECRASHREPORTED,DAYOFWEEK,GENDER,INJURIES,INSTANCEID,LIGHTCONDITIONSPRIMARY,LOCALREPORTNO,MANNEROFCRASH,ROADCONDITIONSPRIMARY,ROADCONTOUR,ROADSURFACE,SNA_NEIGHBORHOOD,TYPEOFPERSON,WEATHER,ZIP
E I275 AT 73-0 MM,39.060647,84.425076,18-25,N/A,N/A,08/16/2018 06:23:00 PM +0000,01 - NOT AN INTERSECTION,2 - INJURY,2,08/16/2018 06:25:00 PM +0000,THU,M - MALE,1 - NO INJURY / NONE REPORTED,7AB78767-5D42-4CE2-8254-3F84E3815827,1 - DAYLIGHT,185011446,2 - REAR-END,01 - DRY,1 - STRAIGHT LEVEL,"2 - BLACKTOP, BITUMINOUS, ASPHALT",N/A,D - DRIVER,2 - CLOUDY,45230
62XX HAMILTON AV,39.203456,84.546938,26-30,N/A,N/A,08/19/2018 09:10:00 AM +0000,02 - FOUR-WAY INTERSECTION,3 - PROPERTY DAMAGE ONLY (PDO),3,08/19/2018 09:12:00 AM +0000,SUN,F - FEMALE,1 - NO INJURY / NONE REPORTED,C0A20D6D-DCE7-490C-AD94-E4056E615F61,1 - DAYLIGHT,185011583,6 - ANGLE,01 - DRY,1 - STRAIGHT LEVEL,"2 - BLACKTOP, BITUMINOUS, ASPHALT",N/A,D - DRIVER,1 - CLEAR,45224
7XX LINN ST,39.102309,-84.529911,51-60,QUEENSGATE,QUEENSGATE,08/16/2018 09:00:00 AM +0000,01 - NOT AN INTERSECTION,3 - PROPERTY DAMAGE ONLY (PDO),3,08/16/2018 09:04:00 AM +0000,THU,M - MALE,1 - NO INJURY / NONE REPORTED,9EF80CF2-7B78-4970-B7C9-145F4395803A,1 - DAYLIGHT,185011430,6 - ANGLE,02 - WET,1 - STRAIGHT LEVEL,1 - CONCRETE,QUEENSGATE,D - DRIVER,4 - RAIN,45203
15XX CENTRAL PY,39.111927,-84.52044,UNKNOWN,OTR,OVER-THE-RHINE,08/27/2018 11:19:00 AM +0000,01 - NOT AN INTERSECTION,3 - PROPERTY DAMAGE ONLY (PDO),3,08/27/2018 11:30:00 AM +0000,MON,F - FEMALE,1 - NO INJURY / NONE REPORTED,9DBC8F04-1456-48F0-8C90-A385DD6C1E2B,1 - DAYLIGHT,185011951,5 - BACKING,01 - DRY,1 - STRAIGHT LEVEL,"2 - BLACKTOP, BITUMINOUS, ASPHALT",OVER-THE-RHINE,D - DRIVER,1 - CLEAR,45214
20XX CENTRAL PY,39.119091,-84.524616,31-40,OTR,OVER-THE-RHINE,08/08/2018 09:23:00 PM +0000,01 - NOT AN INTERSECTION,2 - INJURY,2,08/08/2018 09:24:00 PM +0000,WED,M - MALE,1 - NO INJURY / NONE REPORTED,8B4496D6-A2B1-49B0-BB0B-69B19A84726D,4 - DARK - LIGHTED ROADWAY,185011041,2 - REAR-END,01 - DRY,1 - STRAIGHT LEVEL,"2 - BLACKTOP, BITUMINOUS, ASPHALT",OVER-THE-RHINE,D - DRIVER,4 - RAIN,45214
E I74 AT 18-3 MM,39.152245,84.541614,18-25,N/A,N/A,08/12/2018 09:00:00 AM +0000,01 - NOT AN INTERSECTION,3 - PROPERTY DAMAGE ONLY (PDO),3,08/12/2018 09:20:00 AM +0000,SUN,M - MALE,1 - NO INJURY / NONE REPORTED,BEB4908B-FFEB-47F0-B113-7D4D9B37F3EC,1 - DAYLIGHT,185011205,1 - NOT COLLISION BETWEEN TWO MOTOR VEHICLES IN TRANSPORT,01 - DRY,3 - CURVE LEVEL,"2 - BLACKTOP, BITUMINOUS, ASPHALT",N/A,D - DRIVER,1 - CLEAR,45225
16XX SUTTER AV,39.139471,-84.557021,18-25,ENGLISH WOODS,ENGLISH  WOODS,08/19/2018 08:30:00 AM +0000,01 - NOT AN INTERSECTION,3 - PROPERTY DAMAGE ONLY (PDO),3,08/19/2018 07:50:20 PM +0000,SUN,F - FEMALE,1 - NO INJURY / NONE REPORTED,9CD58789-631C-43EC-9A1A-E715D38C883C,1 - DAYLIGHT,185011603,"8 - SIDESWIPE, OPPOSITE DIRECTION",01 - DRY,2 - STRAIGHT GRADE,"2 - BLACKTOP, BITUMINOUS, ASPHALT",ENGLISH WOODS,D - DRIVER,1 - CLEAR,45225
60XX BELMONT AV,39.199681,84.561771,18-25,N/A,N/A,08/23/2018 08:04:36 AM +0000,03 - T-INTERSECTION,3 - PROPERTY DAMAGE ONLY (PDO),3,08/23/2018 08:15:54 AM +0000,THU,F - FEMALE,1 - NO INJURY / NONE REPORTED,C2E33496-C242-4503-870A-E28998144F75,1 - DAYLIGHT,185011775,6 - ANGLE,01 - DRY,1 - STRAIGHT LEVEL,"2 - BLACKTOP, BITUMINOUS, ASPHALT",N/A,D - DRIVER,1 - CLEAR,45224
N I75 AT 8-5 MM,39.182382,84.484227,31-40,N/A,N/A,08/17/2018 09:50:00 AM +0000,01 - NOT AN INTERSECTION,3 - PROPERTY DAMAGE ONLY (PDO),3,08/17/2018 09:50:00 AM +0000,FRI,M - MALE,1 - NO INJURY / NONE REPORTED,03B0B0A1-A872-4F9C-8621-94CF9B22EB3E,1 - DAYLIGHT,185011478,2 - REAR-END,02 - WET,1 - STRAIGHT LEVEL,"2 - BLACKTOP, BITUMINOUS, ASPHALT",N/A,D - DRIVER,4 - RAIN,45237
50XX COLERAIN AV,39.173403,84.561466,26-30,N/A,N/A,08/08/2018 08:00:00 AM +0000,01 - NOT AN INTERSECTION,3 - PROPERTY DAMAGE ONLY (PDO),3,08/08/2018 01:00:00 PM +0000,WED,M - MALE,1 - NO INJURY / NONE REPORTED,5FB383AF-BB4D-47A6-90D0-CF122A06B3A5,1 - DAYLIGHT,185011009,1 - NOT COLLISION BETWEEN TWO MOTOR VEHICLES IN TRANSPORT,02 - WET,4 - CURVE GRADE,"2 - BLACKTOP, BITUMINOUS, ASPHALT",N/A,D - DRIVER,2 - CLOUDY,45223
30XX MADISON RD,39.15217,-84.43171,26-30,OAKLEY,OAKLEY,08/24/2018 12:00:00 PM +0000,01 - NOT AN INTERSECTION,3 - PROPERTY DAMAGE ONLY (PDO),3,08/24/2018 12:00:00 PM +0000,FRI,F - FEMALE,1 - NO INJURY / NONE REPORTED,133C4302-F1FB-4D7F-9C1B-D90AFAF8F431,1 - DAYLIGHT,185011829,2 - REAR-END,01 - DRY,1 - STRAIGHT LEVEL,"2 - BLACKTOP, BITUMINOUS, ASPHALT",OAKLEY,D - DRIVER,1 - CLEAR,45209
49XX RIDGE AV,39.163479,84.421291,31-40,N/A,N/A,08/20/2018 04:02:00 PM +0000,02 - FOUR-WAY INTERSECTION,2 - INJURY,2,08/20/2018 04:03:00 PM +0000,MON,M - MALE,1 - NO INJURY / NONE REPORTED,E8E4E8AA-EEEF-4B99-A530-910A6E3CDC5A,1 - DAYLIGHT,185011636,6 - ANGLE,02 - WET,2 - STRAIGHT GRADE,1 - CONCRETE,N/A,D - DRIVER,4 - RAIN,45209
N I75 AT 4-6 MM,39.154641,-84.539264,18-25,NORTHSIDE,CAMP  WASHINGTON,08/05/2018 03:00:00 PM +0000,07 - ON RAMP,3 - PROPERTY DAMAGE ONLY (PDO),3,08/05/2018 03:00:00 PM +0000,SUN,F - FEMALE,1 - NO INJURY / NONE REPORTED,B6A15F6E-1590-4F05-8571-12C3344FA165,1 - DAYLIGHT,185010856,2 - REAR-END,01 - DRY,2 - STRAIGHT GRADE,"2 - BLACKTOP, BITUMINOUS, ASPHALT",CAMP WASHINGTON,D - DRIVER,1 - CLEAR,45223
21XX LANGDON FARM,39.183596,84.455838,26-30,N/A,N/A,08/16/2018 04:25:00 PM +0000,03 - T-INTERSECTION,3 - PROPERTY DAMAGE ONLY (PDO),3,08/16/2018 04:35:00 PM +0000,THU,M - MALE,1 - NO INJURY / NONE REPORTED,355AC9D8-ABA2-44F2-98D4-1A1F3F05F081,1 - DAYLIGHT,185011438,2 - REAR-END,01 - DRY,1 - STRAIGHT LEVEL,1 - CONCRETE,N/A,D - DRIVER,1 - CLEAR,45237
3XX E PETE ROSE WY,39.100347,84.502606,41-50,N/A,N/A,08/18/2018 10:10:00 PM +0000,01 - NOT AN INTERSECTION,3 - PROPERTY DAMAGE ONLY (PDO),3,08/18/2018 10:14:00 PM +0000,SAT,F - FEMALE,1 - NO INJURY / NONE REPORTED,5AB1BC66-9A3D-40EA-9C46-52D4ACDE551F,4 - DARK - LIGHTED ROADWAY,185011570,"7 - SIDESWIPE, SAME DIRECTION",01 - DRY,1 - STRAIGHT LEVEL,1 - CONCRETE,N/A,O - OCCUPANT,2 - CLOUDY,45202
44XX COLERAIN AV,39.166059,84.554031,18-25,N/A,N/A,08/20/2018 04:45:00 PM +0000,03 - T-INTERSECTION,2 - INJURY,2,08/20/2018 04:57:00 PM +0000,MON,F - FEMALE,3 - NON-INCAPACITATING,F11D7B6C-BE57-4B9D-9813-52B36B339893,1 - DAYLIGHT,185011644,6 - ANGLE,01 - DRY,2 - STRAIGHT GRADE,"2 - BLACKTOP, BITUMINOUS, ASPHALT",N/A,D - DRIVER,1 - CLEAR,45223
21XX MADISON RD,39.133085,84.460723,41-50,N/A,N/A,08/15/2018 12:39:00 PM +0000,01 - NOT AN INTERSECTION,3 - PROPERTY DAMAGE ONLY (PDO),3,08/15/2018 12:52:00 PM +0000,WED,M - MALE,1 - NO INJURY / NONE REPORTED,E793E5C7-1779-449F-964B-8236FCF31341,1 - DAYLIGHT,185011344,2 - REAR-END,01 - DRY,1 - STRAIGHT LEVEL,"2 - BLACKTOP, BITUMINOUS, ASPHALT",N/A,D - DRIVER,2 - CLOUDY,45208
23XX FERGUSON RD,39.127333,84.597466,41-50,N/A,N/A,08/05/2018 02:30:00 PM +0000,01 - NOT AN INTERSECTION,3 - PROPERTY DAMAGE ONLY (PDO),3,08/05/2018 02:35:00 PM +0000,SUN,M - MALE,1 - NO INJURY / NONE REPORTED,430D69C1-A18C-43E5-9652-19684DD9E993,1 - DAYLIGHT,185010853,6 - ANGLE,01 - DRY,1 - STRAIGHT LEVEL,"2 - BLACKTOP, BITUMINOUS, ASPHALT",N/A,D - DRIVER,1 - CLEAR,45238
21XX W NORTH BEND RD,39.201571,-84.564791,18-25,MOUNT AIRY,MOUNT AIRY,08/03/2018 06:24:43 PM +0000,01 - NOT AN INTERSECTION,3 - PROPERTY DAMAGE ONLY (PDO),3,08/03/2018 06:29:58 PM +0000,FRI,M - MALE,1 - NO INJURY / NONE REPORTED,E385E80A-BEC7-4752-A78A-DB1A53B86958,1 - DAYLIGHT,185010778,"7 - SIDESWIPE, SAME DIRECTION",01 - DRY,1 - STRAIGHT LEVEL,"2 - BLACKTOP, BITUMINOUS, ASPHALT",MT. AIRY,D - DRIVER,1 - CLEAR,45224
43XX RIVER RD,39.077598,-84.622243,51-60,RIVERSIDE,RIVERSIDE,08/27/2018 04:00:00 PM +0000,02 - FOUR-WAY INTERSECTION,2 - INJURY,2,08/27/2018 04:15:00 PM +0000,MON,M - MALE,3 - NON-INCAPACITATING,DD236483-64EF-4AEC-B33E-3B739BBDF970,1 - DAYLIGHT,185011969,6 - ANGLE,01 - DRY,1 - STRAIGHT LEVEL,"2 - BLACKTOP, BITUMINOUS, ASPHALT",RIVERSIDE,D - DRIVER,1 - CLEAR,45204
18XX VINE ST,39.115901,-84.516405,18-25,OTR,OVER-THE-RHINE,08/04/2018 08:25:52 PM +0000,01 - NOT AN INTERSECTION,3 - PROPERTY DAMAGE ONLY (PDO),3,08/04/2018 08:40:52 PM +0000,SAT,F - FEMALE,1 - NO INJURY / NONE REPORTED,B593695F-30C4-474B-B596-645516DF5917,1 - DAYLIGHT,185010836,2 - REAR-END,01 - DRY,1 - STRAIGHT LEVEL,1 - CONCRETE,OVER-THE-RHINE,D - DRIVER,1 - CLEAR,45202
6XX ELM ST,39.102627,-84.516386,31-40,DOWNTOWN,C. B. D. / RIVERFRONT,08/11/2018 01:30:00 AM +0000,01 - NOT AN INTERSECTION,3 - PROPERTY DAMAGE ONLY (PDO),3,08/11/2018 02:05:00 AM +0000,SAT,M - MALE,1 - NO INJURY / NONE REPORTED,59C9B4F3-F470-47F8-801E-BDA8AE84BF09,4 - DARK - LIGHTED ROADWAY,185011146,"7 - SIDESWIPE, SAME DIRECTION",01 - DRY,1 - STRAIGHT LEVEL,"2 - BLACKTOP, BITUMINOUS, ASPHALT",DOWNTOWN,D - DRIVER,1 - CLEAR,45202
N I75 AT 6-2 MM,39.162361,-84.510611,41-50,SPRING GROVE VILLAGE,SPRING GROVE VILLAGE,08/14/2018 05:55:00 PM +0000,01 - NOT AN INTERSECTION,3 - PROPERTY DAMAGE ONLY (PDO),3,08/14/2018 06:00:00 PM +0000,TUE,M - MALE,1 - NO INJURY / NONE REPORTED,3F71A418-E58D-453B-BAED-2AA8040753BB,1 - DAYLIGHT,185011330,2 - REAR-END,01 - DRY,2 - STRAIGHT GRADE,"2 - BLACKTOP, BITUMINOUS, ASPHALT",CLIFTON,D - DRIVER,1 - CLEAR,45225
31XX BURNET AV,39.135726,84.501166,61-70,N/A,N/A,08/27/2018 05:20:00 PM +0000,01 - NOT AN INTERSECTION,3 - PROPERTY DAMAGE ONLY (PDO),3,08/27/2018 05:25:00 PM +0000,MON,M - MALE,1 - NO INJURY / NONE REPORTED,384099A6-8AC9-4725-AAE6-BA2C3BE26887,1 - DAYLIGHT,185011975,2 - REAR-END,01 - DRY,1 - STRAIGHT LEVEL,1 - CONCRETE,N/A,D - DRIVER,1 - CLEAR,45229
38XX GLENWAY AV,39.112754,-84.577834,18-25,WEST PRICE HILL,WEST PRICE HILL,08/12/2018 06:05:00 PM +0000,02 - FOUR-WAY INTERSECTION,2 - INJURY,2,08/12/2018 06:06:00 PM +0000,SUN,M - MALE,1 - NO INJURY / NONE REPORTED,25760BDA-B924-4270-BD65-1EA5C358690D,1 - DAYLIGHT,185011222,6 - ANGLE,01 - DRY,1 - STRAIGHT LEVEL,"2 - BLACKTOP, BITUMINOUS, ASPHALT",EAST PRICE HILL,D - DRIVER,1 - CLEAR,45205
N I75 AT 3-6 MM,39.149101,-84.539551,41-50,CAMP WASHINGTON,CAMP  WASHINGTON,08/21/2018 04:33:00 PM +0000,01 - NOT AN INTERSECTION,2 - INJURY,2,08/21/2018 04:34:00 PM +0000,TUE,M - MALE,3 - NON-INCAPACITATING,C342DAFD-39B0-43F5-AE62-20807A8D1CC9,1 - DAYLIGHT,185011690,2 - REAR-END,01 - DRY,1 - STRAIGHT LEVEL,1 - CONCRETE,CAMP WASHINGTON,D - DRIVER,1 - CLEAR,45211
36XX VINE ST,39.151985,-84.508846,UNKNOWN,CLIFTON,CLIFTON,08/14/2018 08:12:00 AM +0000,01 - NOT AN INTERSECTION,3 - PROPERTY DAMAGE ONLY (PDO),3,08/14/2018 08:14:00 AM +0000,TUE,,1 - NO INJURY / NONE REPORTED,A6B23240-24F8-4C1A-989D-AF40F96D56A7,1 - DAYLIGHT,185011289,6 - ANGLE,01 - DRY,1 - STRAIGHT LEVEL,"2 - BLACKTOP, BITUMINOUS, ASPHALT",CLIFTON,D - DRIVER,1 - CLEAR,45220
5XX E MARTIN LUTHER KING DR,39.135785,84.496325,31-40,N/A,N/A,08/11/2018 09:35:00 PM +0000,02 - FOUR-WAY INTERSECTION,3 - PROPERTY DAMAGE ONLY (PDO),3,08/11/2018 09:36:00 PM +0000,SAT,F - FEMALE,1 - NO INJURY / NONE REPORTED,A67DD690-1D42-4837-8874-66401D4CA497,4 - DARK - LIGHTED ROADWAY,185011196,"7 - SIDESWIPE, SAME DIRECTION",01 - DRY,1 - STRAIGHT LEVEL,1 - CONCRETE,N/A,D - DRIVER,1 - CLEAR,45219
60XX PAWNEE DR,39.202927,84.55555,31-40,N/A,N/A,08/24/2018 07:20:00 AM +0000,01 - NOT AN INTERSECTION,2 - INJURY,2,08/24/2018 07:25:00 AM +0000,FRI,F - FEMALE,2 - POSSIBLE,481BEF1A-8F03-4FEC-B3B5-A9E5D53F93E9,1 - DAYLIGHT,185011817,6 - ANGLE,01 - DRY,1 - STRAIGHT LEVEL,"2 - BLACKTOP, BITUMINOUS, ASPHALT",N/A,D - DRIVER,1 - CLEAR,45224
21XX STAEBLER ST,39.104703,84.552187,18-25,N/A,N/A,08/08/2018 03:15:00 PM +0000,01 - NOT AN INTERSECTION,3 - PROPERTY DAMAGE ONLY (PDO),3,08/08/2018 03:15:00 PM +0000,WED,M - MALE,1 - NO INJURY / NONE REPORTED,208F7868-B019-4E80-B22E-53DAA7CB0A0A,1 - DAYLIGHT,185011040,1 - NOT COLLISION BETWEEN TWO MOTOR VEHICLES IN TRANSPORT,01 - DRY,1 - STRAIGHT LEVEL,"2 - BLACKTOP, BITUMINOUS, ASPHALT",N/A,D - DRIVER,1 - CLEAR,45204
46XX SPRING GROVE AV,39.163919,-84.519345,41-50,SPRING GROVE VILLAGE,SPRING GROVE VILLAGE,08/05/2018 07:30:00 PM +0000,03 - T-INTERSECTION,3 - PROPERTY DAMAGE ONLY (PDO),3,08/05/2018 07:35:00 PM +0000,SUN,M - MALE,1 - NO INJURY / NONE REPORTED,26CEAE15-E286-4AF7-A3E3-C1033CE00BC0,1 - DAYLIGHT,185010903,6 - ANGLE,01 - DRY,1 - STRAIGHT LEVEL,"2 - BLACKTOP, BITUMINOUS, ASPHALT",SPRING GROVE VILLAGE,D - DRIVER,1 - CLEAR,45232
42XX GLENWAY AV,39.199686,84.394128,41-50,N/A,N/A,08/14/2018 05:08:00 AM +0000,03 - T-INTERSECTION,2 - INJURY,2,08/14/2018 05:09:00 AM +0000,TUE,M - MALE,3 - NON-INCAPACITATING,3E22652B-BB1F-4C4D-8D07-156E1F763259,4 - DARK - LIGHTED ROADWAY,185011282,6 - ANGLE,01 - DRY,1 - STRAIGHT LEVEL,1 - CONCRETE,N/A,D - DRIVER,1 - CLEAR,45205
1XX KINSEY AV,39.126323,84.506353,31-40,N/A,N/A,08/26/2018 07:15:00 PM +0000,01 - NOT AN INTERSECTION,3 - PROPERTY DAMAGE ONLY (PDO),3,08/26/2018 07:19:00 PM +0000,SUN,M - MALE,1 - NO INJURY / NONE REPORTED,E6C16EC2-D665-439A-A868-7116B914C888,3 - DUSK,185011935,"8 - SIDESWIPE, OPPOSITE DIRECTION",01 - DRY,4 - CURVE GRADE,1 - CONCRETE,N/A,D - DRIVER,1 - CLEAR,45219
S I75 AT 6-3 MM,39.163843,-84.508318,31-40,NORTH AVONDALE,CLIFTON,08/19/2018 07:57:00 PM +0000,01 - NOT AN INTERSECTION,2 - INJURY,2,08/19/2018 07:58:00 PM +0000,SUN,F - FEMALE,1 - NO INJURY / NONE REPORTED,99ED03DA-EDAB-4127-A2C0-6CF1FDE22EB8,3 - DUSK,185011609,"7 - SIDESWIPE, SAME DIRECTION",01 - DRY,3 - CURVE LEVEL,"2 - BLACKTOP, BITUMINOUS, ASPHALT",CLIFTON,D - DRIVER,1 - CLEAR,45229
23XX BOUDINOT AV,39.128421,-84.606458,18-25,WESTWOOD,WESTWOOD,08/27/2018 04:20:00 PM +0000,02 - FOUR-WAY INTERSECTION,3 - PROPERTY DAMAGE ONLY (PDO),3,08/27/2018 04:20:00 PM +0000,MON,M - MALE,1 - NO INJURY / NONE REPORTED,DDA5F7C1-3CB8-45A1-AB26-7D4315B2A841,1 - DAYLIGHT,185011985,"7 - SIDESWIPE, SAME DIRECTION",01 - DRY,1 - STRAIGHT LEVEL,"2 - BLACKTOP, BITUMINOUS, ASPHALT",WESTWOOD,D - DRIVER,1 - CLEAR,45238
S I71 AT 1-2 MM,39.099161,-84.504037,26-30,DOWNTOWN,C. B. D. / RIVERFRONT,08/11/2018 02:45:00 PM +0000,01 - NOT AN INTERSECTION,3 - PROPERTY DAMAGE ONLY (PDO),3,08/11/2018 02:47:00 PM +0000,SAT,F - FEMALE,1 - NO INJURY / NONE REPORTED,748D0179-1AA3-45C0-B6A0-6C1CB1568ED3,1 - DAYLIGHT,185011183,1 - NOT COLLISION BETWEEN TWO MOTOR VEHICLES IN TRANSPORT,02 - WET,1 - STRAIGHT LEVEL,1 - CONCRETE,DOWNTOWN,D - DRIVER,4 - RAIN,45202
77XX READING RD,39.201994,84.455981,41-50,N/A,N/A,08/04/2018 02:00:00 AM +0000,01 - NOT AN INTERSECTION,3 - PROPERTY DAMAGE ONLY (PDO),3,08/04/2018 02:06:00 AM +0000,SAT,M - MALE,1 - NO INJURY / NONE REPORTED,BE101088-817A-4B5E-8A11-1D14524EFC95,4 - DARK - LIGHTED ROADWAY,185010794,1 - NOT COLLISION BETWEEN TWO MOTOR VEHICLES IN TRANSPORT,01 - DRY,2 - STRAIGHT GRADE,"2 - BLACKTOP, BITUMINOUS, ASPHALT",N/A,D - DRIVER,1 - CLEAR,45237
S I75 AT 1-3 MM,39.102909,84.527429,41-50,N/A,N/A,08/11/2018 06:00:00 PM +0000,01 - NOT AN INTERSECTION,3 - PROPERTY DAMAGE ONLY (PDO),3,08/11/2018 06:04:00 PM +0000,SAT,F - FEMALE,1 - NO INJURY / NONE REPORTED,C63C2463-7E7A-429D-9C74-7C45300244A6,1 - DAYLIGHT,185011186,"7 - SIDESWIPE, SAME DIRECTION",02 - WET,1 - STRAIGHT LEVEL,1 - CONCRETE,N/A,D - DRIVER,4 - RAIN,45203
14XX WINCHELL AV,39.110115,-84.531653,18-25,WEST END,WEST  END,08/09/2018 11:20:00 PM +0000,02 - FOUR-WAY INTERSECTION,3 - PROPERTY DAMAGE ONLY (PDO),3,08/09/2018 11:24:00 PM +0000,THU,M - MALE,1 - NO INJURY / NONE REPORTED,472B67D7-E079-486E-BCD9-0F21CF7EEE75,4 - DARK - LIGHTED ROADWAY,185011084,"8 - SIDESWIPE, OPPOSITE DIRECTION",01 - DRY,1 - STRAIGHT LEVEL,"2 - BLACKTOP, BITUMINOUS, ASPHALT",WEST END,D - DRIVER,1 - CLEAR,45214
27XX EDROY CT,39.149448,84.441586,51-60,N/A,N/A,08/07/2018 06:50:00 PM +0000,01 - NOT AN INTERSECTION,3 - PROPERTY DAMAGE ONLY (PDO),3,08/07/2018 06:51:00 PM +0000,TUE,M - MALE,1 - NO INJURY / NONE REPORTED,086E0D8E-9E44-4272-82AD-2475E71C5C08,1 - DAYLIGHT,185010981,"7 - SIDESWIPE, SAME DIRECTION",01 - DRY,1 - STRAIGHT LEVEL,"2 - BLACKTOP, BITUMINOUS, ASPHALT",N/A,D - DRIVER,2 - CLOUDY,45209
39XX VINE ST,39.157734,-84.504615,31-40,CLIFTON,CLIFTON,08/08/2018 09:03:00 PM +0000,02 - FOUR-WAY INTERSECTION,3 - PROPERTY DAMAGE ONLY (PDO),3,08/08/2018 09:08:00 PM +0000,WED,F - FEMALE,1 - NO INJURY / NONE REPORTED,EDDA17B7-0EC8-4420-83F2-14F83BB86B2A,4 - DARK - LIGHTED ROADWAY,185011042,6 - ANGLE,02 - WET,1 - STRAIGHT LEVEL,"2 - BLACKTOP, BITUMINOUS, ASPHALT",CLIFTON,D - DRIVER,4 - RAIN,45217
19XX HARRISON AV,39.131502,-84.560998,51-60,SOUTH FAIRMOUNT,SOUTH  FAIRMOUNT,08/04/2018 03:10:00 PM +0000,01 - NOT AN INTERSECTION,3 - PROPERTY DAMAGE ONLY (PDO),3,08/04/2018 03:19:00 PM +0000,SAT,M - MALE,1 - NO INJURY / NONE REPORTED,1DA82FBB-FAF1-4515-AC93-8B9C864A84FC,1 - DAYLIGHT,185010819,6 - ANGLE,01 - DRY,2 - STRAIGHT GRADE,"2 - BLACKTOP, BITUMINOUS, ASPHALT",NORTH FAIRMOUNT,D - DRIVER,1 - CLEAR,45214
42XX BRAMBLE AV,39.149918,84.389195,18-25,N/A,N/A,08/28/2018 01:22:31 PM +0000,01 - NOT AN INTERSECTION,3 - PROPERTY DAMAGE ONLY (PDO),3,08/28/2018 01:22:32 PM +0000,TUE,F - FEMALE,1 - NO INJURY / NONE REPORTED,5E191C06-0466-4175-A10B-37F901203DD1,1 - DAYLIGHT,185012005,5 - BACKING,01 - DRY,1 - STRAIGHT LEVEL,"2 - BLACKTOP, BITUMINOUS, ASPHALT",N/A,D - DRIVER,1 - CLEAR,45227
17XX HARRISON AV,39.126796,84.557176,31-40,N/A,N/A,08/04/2018 03:05:00 PM +0000,01 - NOT AN INTERSECTION,2 - INJURY,2,08/04/2018 03:07:00 PM +0000,SAT,F - FEMALE,4 - INCAPACITATING,96C0FED5-01EB-43C4-B6B6-31002C331058,1 - DAYLIGHT,185010821,3 - HEAD-ON,01 - DRY,4 - CURVE GRADE,"2 - BLACKTOP, BITUMINOUS, ASPHALT",N/A,D - DRIVER,1 - CLEAR,45214
61XX GLENWAY AV,39.141495,-84.370247,18-25,N/A,N/A,08/20/2018 04:30:00 PM +0000,03 - T-INTERSECTION,3 - PROPERTY DAMAGE ONLY (PDO),3,08/20/2018 04:37:00 PM +0000,MON,M - MALE,1 - NO INJURY / NONE REPORTED,5A0007EB-BC76-4363-BB41-F79BC7D57C03,1 - DAYLIGHT,185011645,6 - ANGLE,01 - DRY,1 - STRAIGHT LEVEL,"2 - BLACKTOP, BITUMINOUS, ASPHALT",N/A,D - DRIVER,2 - CLOUDY,45211
S I71 AT 2-6 MM,39.118206,-84.500056,18-25,WALNUT HILLS,WALNUT HILLS,08/16/2018 03:55:00 PM +0000,01 - NOT AN INTERSECTION,3 - PROPERTY DAMAGE ONLY (PDO),3,08/16/2018 03:56:00 PM +0000,THU,F - FEMALE,1 - NO INJURY / NONE REPORTED,9C716A87-922D-457F-8078-B9E6B7DD7F81,1 - DAYLIGHT,185011434,2 - REAR-END,01 - DRY,2 - STRAIGHT GRADE,"2 - BLACKTOP, BITUMINOUS, ASPHALT",WALNUT HILLS,D - DRIVER,2 - CLOUDY,45219
37XX GLENWAY AV,39.114637,84.575865,18-25,N/A,N/A,08/03/2018 12:06:00 AM +0000,01 - NOT AN INTERSECTION,2 - INJURY,2,08/03/2018 12:08:00 AM +0000,FRI,F - FEMALE,2 - POSSIBLE,A4A0D73C-FA05-47F3-8A95-A21DE82A7E99,4 - DARK - LIGHTED ROADWAY,185010727,2 - REAR-END,01 - DRY,2 - STRAIGHT GRADE,1 - CONCRETE,N/A,D - DRIVER,1 - CLEAR,45205
N I471 AT 5-5MM,39.101768,84.497771,31-40,N/A,N/A,08/08/2018 06:27:29 AM +0000,08 - OFF RAMP,3 - PROPERTY DAMAGE ONLY (PDO),3,08/08/2018 06:27:29 AM +0000,WED,M - MALE,1 - NO INJURY / NONE REPORTED,751D54F8-F817-4402-8DBF-ECA840D1BD6B,2 - DAWN,185010997,2 - REAR-END,02 - WET,4 - CURVE GRADE,1 - CONCRETE,N/A,D - DRIVER,4 - RAIN,45202
59XX WOODMONT AV,39.17931,-84.42478,UNKNOWN,PLEASANT RIDGE,PLEASANT RIDGE,08/25/2018 02:00:00 AM +0000,01 - NOT AN INTERSECTION,3 - PROPERTY DAMAGE ONLY (PDO),3,08/25/2018 02:15:00 PM +0000,SAT,,1 - NO INJURY / NONE REPORTED,8FF8523B-C8D5-4C2E-8342-7CAA3C77234E,9 - UNKNOWN,185011880,9 - UNKNOWN,99 - UNKNOWN,1 - STRAIGHT LEVEL,"2 - BLACKTOP, BITUMINOUS, ASPHALT",PLEASANT RIDGE,D - DRIVER,9 - OTHER/UNKNOWN,45213