ADDRESS_X,LATITUDE_X,LONGITUDE_X,AGE,COMMUNITY_COUNCIL_NEIGHBORHOOD,CPD_NEIGHBORHOOD,CRASHDATE,CRASHLOCATION,CRASHSEVERITY,CRASHSEVERITYID,DATECRASHREPORTED,DAYOFWEEK,GENDER,INJURIES,INSTANCEID,LIGHTCONDITIONSPRIMARY,LOCALREPORTNO,MANNEROFCRASH,ROADCONDITIONSPRIMARY,ROADCONTOUR,ROADSURFACE,SNA_NEIGHBORHOOD,TYPEOFPERSON,WEATHER,ZIP
16XX BLUE ROCK ST,39.160285,-84.54205,UNKNOWN,NORTHSIDE,NORTHSIDE,08/17/2018 08:05:00 AM +0000,01 - NOT AN INTERSECTION,3 - PROPERTY DAMAGE ONLY (PDO),3,08/17/2018 08:05:00 AM +0000,FRI,,1 - NO INJURY / NONE REPORTED,E68719C0-CA36-4711-8E07-46001CB5F613,1 - DAYLIGHT,185011476,"7 - SIDESWIPE, SAME DIRECTION",02 - WET,1 - STRAIGHT LEVEL,"2 - BLACKTOP, BITUMINOUS, ASPHALT",NORTHSIDE,D - DRIVER,4 - RAIN,45223
1XX E CENTRAL PY,39.105837,84.515412,61-70,N/A,N/A,08/25/2018 07:37:00 PM +0000,02 - FOUR-WAY INTERSECTION,3 - PROPERTY DAMAGE ONLY (PDO),3,08/25/2018 07:39:00 PM +0000,SAT,F - FEMALE,1 - NO INJURY / NONE REPORTED,4B5A3D1F-B5F9-4881-AA84-6FD33EB95908,1 - DAYLIGHT,185011902,"7 - SIDESWIPE, SAME DIRECTION",01 - DRY,1 - STRAIGHT LEVEL,1 - CONCRETE,N/A,D - DRIVER,2 - CLOUDY,45202
48XX MATLOCK AV,39.174371,-84.47232,51-60,BOND HILL,BONDHILL,08/18/2018 10:10:00 PM +0000,02 - FOUR-WAY INTERSECTION,3 - PROPERTY DAMAGE ONLY (PDO),3,08/18/2018 10:14:00 PM +0000,SAT,M - MALE,1 - NO INJURY / NONE REPORTED,B5F17F34-574F-4CC6-A4DE-78FA19F0F5C4,4 - DARK - LIGHTED ROADWAY,185011563,6 - ANGLE,01 - DRY,2 - STRAIGHT GRADE,"2 - BLACKTOP, BITUMINOUS, ASPHALT",BOND HILL,D - DRIVER,1 - CLEAR,45237
34XX BEEKMAN ST,39.151699,84.552189,31-40,N/A,N/A,08/11/2018 06:25:00 PM +0000,10 - DRIVEWAY/ALLEY ACCESS,3 - PROPERTY DAMAGE ONLY (PDO),3,08/11/2018 06:25:00 PM +0000,SAT,M - MALE,1 - NO INJURY / NONE REPORTED,B9B55B1E-B768-4788-BC2F-091D87FB03A3,1 - DAYLIGHT,185011187,3 - HEAD-ON,02 - WET,1 - STRAIGHT LEVEL,"2 - BLACKTOP, BITUMINOUS, ASPHALT",N/A,D - DRIVER,4 - RAIN,45223
15XX AMBROSE AV,39.200506,84.546912,UNKNOWN,N/A,N/A,08/04/2018 03:15:00 PM +0000,01 - NOT AN INTERSECTION,3 - PROPERTY DAMAGE ONLY (PDO),3,08/04/2018 03:20:00 PM +0000,SAT,,1 - NO INJURY / NONE REPORTED,AEF86A0F-5D36-44FE-AD56-746DE046EF46,1 - DAYLIGHT,185010832,1 - NOT COLLISION BETWEEN TWO MOTOR VEHICLES IN TRANSPORT,01 - DRY,1 - STRAIGHT LEVEL,"2 - BLACKTOP, BITUMINOUS, ASPHALT",N/A,D - DRIVER,1 - CLEAR,45224
19XX RIVERSIDE DR,39.100466,84.552951,UNKNOWN,N/A,N/A,08/28/2018 07:15:00 AM +0000,01 - NOT AN INTERSECTION,3 - PROPERTY DAMAGE ONLY (PDO),3,08/28/2018 07:20:00 AM +0000,TUE,,1 - NO INJURY / NONE REPORTED,1DDF333C-FBC2-4B75-8B80-6A89731BB07A,1 - DAYLIGHT,185011998,"7 - SIDESWIPE, SAME DIRECTION",01 - DRY,2 - STRAIGHT GRADE,1 - CONCRETE,N/A,D - DRIVER,1 - CLEAR,45202
11XX ROSEMONT AV,39.1144,84.582846,31-40,N/A,N/A,08/27/2018 08:52:00 AM +0000,01 - NOT AN INTERSECTION,2 - INJURY,2,08/27/2018 08:52:00 AM +0000,MON,F - FEMALE,1 - NO INJURY / NONE REPORTED,89E3188A-06E2-4CD6-A852-ECAD4D28D20B,1 - DAYLIGHT,185011940,1 - NOT COLLISION BETWEEN TWO MOTOR VEHICLES IN TRANSPORT,01 - DRY,2 - STRAIGHT GRADE,"2 - BLACKTOP, BITUMINOUS, ASPHALT",N/A,D - DRIVER,1 - CLEAR,45205
N I75 AT 4-6 MM,39.153325,84.537758,26-30,N/A,N/A,08/17/2018 07:27:00 AM +0000,01 - NOT AN INTERSECTION,3 - PROPERTY DAMAGE ONLY (PDO),3,08/17/2018 07:28:00 AM +0000,FRI,F - FEMALE,1 - NO INJURY / NONE REPORTED,0FC7ED6B-C89C-4A75-BB0E-A647F0E95C74,1 - DAYLIGHT,185011481,6 - ANGLE,02 - WET,1 - STRAIGHT LEVEL,"2 - BLACKTOP, BITUMINOUS, ASPHALT",N/A,D - DRIVER,2 - CLOUDY,45214
9XX SUNSET AV,39.108311,-84.584871,61-70,WEST PRICE HILL,WEST PRICE HILL,08/23/2018 01:25:00 PM +0000,01 - NOT AN INTERSECTION,3 - PROPERTY DAMAGE ONLY (PDO),3,08/23/2018 01:30:00 PM +0000,THU,M - MALE,1 - NO INJURY / NONE REPORTED,77DCB559-6774-4C69-9610-A43EDAFBEA32,1 - DAYLIGHT,185011798,4 - REAR-TO-REAR,01 - DRY,1 - STRAIGHT LEVEL,"2 - BLACKTOP, BITUMINOUS, ASPHALT",WEST PRICE HILL,D - DRIVER,1 - CLEAR,45205
3XX ELM ST,39.098919,84.516012,18-25,N/A,N/A,08/11/2018 09:21:00 AM +0000,02 - FOUR-WAY INTERSECTION,3 - PROPERTY DAMAGE ONLY (PDO),3,08/11/2018 09:21:00 AM +0000,SAT,F - FEMALE,1 - NO INJURY / NONE REPORTED,8D9338F3-19C5-44A3-898F-27E7147AC92B,1 - DAYLIGHT,185011159,"7 - SIDESWIPE, SAME DIRECTION",01 - DRY,4 - CURVE GRADE,"2 - BLACKTOP, BITUMINOUS, ASPHALT",N/A,D - DRIVER,1 - CLEAR,45202
S I71 AT 1-3 MM,39.099814,84.508012,51-60,N/A,N/A,08/17/2018 05:52:00 AM +0000,01 - NOT AN INTERSECTION,3 - PROPERTY DAMAGE ONLY (PDO),3,08/17/2018 05:52:00 AM +0000,FRI,M - MALE,1 - NO INJURY / NONE REPORTED,B49C365F-19B7-4120-ADC9-3055558D553C,4 - DARK - LIGHTED ROADWAY,185011471,2 - REAR-END,02 - WET,3 - CURVE LEVEL,1 - CONCRETE,N/A,D - DRIVER,2 - CLOUDY,45214
8XX ELM ST,39.104673,-84.516349,51-60,WEST END,C. B. D. / RIVERFRONT,08/16/2018 02:25:00 PM +0000,02 - FOUR-WAY INTERSECTION,3 - PROPERTY DAMAGE ONLY (PDO),3,08/16/2018 02:28:00 PM +0000,THU,M - MALE,1 - NO INJURY / NONE REPORTED,B090241F-206B-45A1-A303-BAD900222E61,1 - DAYLIGHT,185011427,6 - ANGLE,02 - WET,1 - STRAIGHT LEVEL,1 - CONCRETE,DOWNTOWN,D - DRIVER,4 - RAIN,45202
48XX HAMILTON AV,39.179845,84.544167,31-40,N/A,N/A,08/15/2018 04:18:00 PM +0000,01 - NOT AN INTERSECTION,3 - PROPERTY DAMAGE ONLY (PDO),3,08/15/2018 04:19:00 PM +0000,WED,M - MALE,1 - NO INJURY / NONE REPORTED,E8C3F9A1-433D-4604-B354-4C22D76C2076,1 - DAYLIGHT,185011360,1 - NOT COLLISION BETWEEN TWO MOTOR VEHICLES IN TRANSPORT,02 - WET,4 - CURVE GRADE,"2 - BLACKTOP, BITUMINOUS, ASPHALT",N/A,D - DRIVER,4 - RAIN,45224
11XX LAIDLAW AV,39.176915,-84.476771,18-25,BOND HILL,BONDHILL,08/17/2018 11:10:00 AM +0000,02 - FOUR-WAY INTERSECTION,3 - PROPERTY DAMAGE ONLY (PDO),3,08/17/2018 11:17:00 AM +0000,FRI,M - MALE,1 - NO INJURY / NONE REPORTED,D7E3F84F-C266-46A6-9FC2-F8B59E1CAA1C,1 - DAYLIGHT,185011483,6 - ANGLE,01 - DRY,1 - STRAIGHT LEVEL,"2 - BLACKTOP, BITUMINOUS, ASPHALT",BOND HILL,D - DRIVER,2 - CLOUDY,45237
S I71 AT 4-0 MM,39.136487,-84.490813,31-40,AVONDALE,AVONDALE,08/14/2018 03:15:00 PM +0000,01 - NOT AN INTERSECTION,3 - PROPERTY DAMAGE ONLY (PDO),3,08/14/2018 03:16:00 PM +0000,TUE,M - MALE,1 - NO INJURY / NONE REPORTED,CBCDBD42-BE1E-4F78-B35F-E09ACDC8404A,1 - DAYLIGHT,185011301,2 - REAR-END,01 - DRY,1 - STRAIGHT LEVEL,"2 - BLACKTOP, BITUMINOUS, ASPHALT",AVONDALE,D - DRIVER,1 - CLEAR,
22XX DANA AV,39.145329,84.458969,UNKNOWN,N/A,N/A,08/10/2018 03:37:00 PM +0000,02 - FOUR-WAY INTERSECTION,3 - PROPERTY DAMAGE ONLY (PDO),3,08/10/2018 03:37:00 PM +0000,FRI,M - MALE,1 - NO INJURY / NONE REPORTED,A6EA1206-DDB5-4757-8476-0E24598DAAA2,1 - DAYLIGHT,185011111,6 - ANGLE,01 - DRY,1 - STRAIGHT LEVEL,1 - CONCRETE,N/A,D - DRIVER,1 - CLEAR,45207
XX W KING DR,39.13573,-84.509935,61-70,CORRYVILLE,CLIFTON,08/27/2018 04:36:00 PM +0000,01 - NOT AN INTERSECTION,3 - PROPERTY DAMAGE ONLY (PDO),3,08/27/2018 04:38:00 PM +0000,MON,M - MALE,1 - NO INJURY / NONE REPORTED,DED30CA4-534E-44F4-9B85-5F99B3D3C535,1 - DAYLIGHT,185011970,2 - REAR-END,01 - DRY,2 - STRAIGHT GRADE,"2 - BLACKTOP, BITUMINOUS, ASPHALT",CORRYVILLE,D - DRIVER,1 - CLEAR,45221
10XX EGGLESTON AV,39.106281,84.508483,41-50,N/A,N/A,08/18/2018 04:03:00 PM +0000,01 - NOT AN INTERSECTION,2 - INJURY,2,08/18/2018 04:10:00 PM +0000,SAT,M - MALE,1 - NO INJURY / NONE REPORTED,75118A87-F1F5-40EA-8EED-7D00F32AA810,1 - DAYLIGHT,185011554,2 - REAR-END,01 - DRY,1 - STRAIGHT LEVEL,1 - CONCRETE,N/A,D - DRIVER,2 - CLOUDY,45202
29XX RIVER RD,39.182503,-84.569913,18-25,MOUNT AIRY,MOUNT AIRY,08/27/2018 03:26:00 PM +0000,03 - T-INTERSECTION,2 - INJURY,2,08/27/2018 03:27:00 PM +0000,MON,F - FEMALE,2 - POSSIBLE,1ECDB239-9E17-4E6B-BCC1-22C680FFD233,1 - DAYLIGHT,185011963,6 - ANGLE,01 - DRY,1 - STRAIGHT LEVEL,"2 - BLACKTOP, BITUMINOUS, ASPHALT",MT. AIRY,D - DRIVER,2 - CLOUDY,45205
2XX W MITCHELL AV,39.165178,-84.512503,61-70,SPRING GROVE VILLAGE,SPRING GROVE VILLAGE,08/22/2018 04:04:00 PM +0000,01 - NOT AN INTERSECTION,3 - PROPERTY DAMAGE ONLY (PDO),3,08/22/2018 04:20:00 PM +0000,WED,M - MALE,1 - NO INJURY / NONE REPORTED,01312E36-8455-4E3A-A8C0-DFA45F288E16,1 - DAYLIGHT,185011755,"7 - SIDESWIPE, SAME DIRECTION",01 - DRY,1 - STRAIGHT LEVEL,"2 - BLACKTOP, BITUMINOUS, ASPHALT",SPRING GROVE VILLAGE,D - DRIVER,1 - CLEAR,45232
N I71 AT 2-7 MM,39.120545,84.498005,UNKNOWN,N/A,N/A,08/12/2018 01:23:00 PM +0000,08 - OFF RAMP,3 - PROPERTY DAMAGE ONLY (PDO),3,08/12/2018 01:24:00 PM +0000,SUN,,1 - NO INJURY / NONE REPORTED,4DDAF10F-D25B-405D-AD2D-A289AEB1CFE3,1 - DAYLIGHT,185011212,"7 - SIDESWIPE, SAME DIRECTION",01 - DRY,4 - CURVE GRADE,1 - CONCRETE,N/A,D - DRIVER,1 - CLEAR,45206
14XX WINCHELL AV,39.109225,-84.530653,UNDER 18,WEST END,WEST  END,08/04/2018 11:04:00 PM +0000,02 - FOUR-WAY INTERSECTION,2 - INJURY,2,08/04/2018 11:10:00 PM +0000,SAT,M - MALE,1 - NO INJURY / NONE REPORTED,AD4329F4-3B15-4042-B1AD-FD897008A185,4 - DARK - LIGHTED ROADWAY,185010840,"7 - SIDESWIPE, SAME DIRECTION",01 - DRY,1 - STRAIGHT LEVEL,1 - CONCRETE,WEST END,D - DRIVER,1 - CLEAR,45214
35XX EDWARDS RD,39.137081,84.442693,51-60,N/A,N/A,08/20/2018 03:43:44 PM +0000,02 - FOUR-WAY INTERSECTION,3 - PROPERTY DAMAGE ONLY (PDO),3,08/20/2018 03:46:46 PM +0000,MON,M - MALE,1 - NO INJURY / NONE REPORTED,3970A88F-44D9-433F-9F9D-19EB910886FC,1 - DAYLIGHT,185011637,"7 - SIDESWIPE, SAME DIRECTION",02 - WET,1 - STRAIGHT LEVEL,"2 - BLACKTOP, BITUMINOUS, ASPHALT",N/A,D - DRIVER,2 - CLOUDY,45208
W I74 AT 18-6 MM,39.156979,84.550102,41-50,N/A,N/A,08/17/2018 04:11:00 PM +0000,08 - OFF RAMP,3 - PROPERTY DAMAGE ONLY (PDO),3,08/17/2018 04:12:00 PM +0000,FRI,M - MALE,1 - NO INJURY / NONE REPORTED,03F69C57-1F38-4311-9E80-866881E8E4BF,1 - DAYLIGHT,185011503,2 - REAR-END,01 - DRY,2 - STRAIGHT GRADE,1 - CONCRETE,N/A,D - DRIVER,2 - CLOUDY,45211
N I471 AT 5-1 MM,39.104014,84.501133,26-30,N/A,N/A,08/20/2018 03:43:00 PM +0000,08 - OFF RAMP,3 - PROPERTY DAMAGE ONLY (PDO),3,08/20/2018 03:44:00 PM +0000,MON,M - MALE,1 - NO INJURY / NONE REPORTED,1B61957F-3FA9-48CC-BB50-1DDD22C1E87D,1 - DAYLIGHT,185011634,2 - REAR-END,02 - WET,2 - STRAIGHT GRADE,"2 - BLACKTOP, BITUMINOUS, ASPHALT",N/A,D - DRIVER,4 - RAIN,45202
46XX READING RD,39.168858,-84.468101,41-50,PADDOCK HILLS,BONDHILL,08/18/2018 11:10:00 PM +0000,02 - FOUR-WAY INTERSECTION,3 - PROPERTY DAMAGE ONLY (PDO),3,08/18/2018 11:10:00 PM +0000,SAT,F - FEMALE,1 - NO INJURY / NONE REPORTED,CF723505-64F7-46C7-9450-F9407EF11DDC,4 - DARK - LIGHTED ROADWAY,185011566,2 - REAR-END,01 - DRY,2 - STRAIGHT GRADE,"2 - BLACKTOP, BITUMINOUS, ASPHALT",BOND HILL,O - OCCUPANT,1 - CLEAR,45229
56XX RIDGE AV,39.175261,-84.414161,26-30,KENNEDY HEIGHTS,KENNEDY  HEIGHTS,08/16/2018 04:15:00 PM +0000,03 - T-INTERSECTION,3 - PROPERTY DAMAGE ONLY (PDO),3,08/16/2018 04:19:00 PM +0000,THU,F - FEMALE,1 - NO INJURY / NONE REPORTED,6BD2196A-2D82-4D1E-A9AC-1F80F246D5A0,1 - DAYLIGHT,185011445,2 - REAR-END,01 - DRY,2 - STRAIGHT GRADE,"2 - BLACKTOP, BITUMINOUS, ASPHALT",KENNEDY HEIGHTS,D - DRIVER,2 - CLOUDY,45213
W SR 562 AT 0.1 MM,39.174659,-84.485273,OVER 70,BOND HILL,BONDHILL,08/24/2018 03:15:00 PM +0000,01 - NOT AN INTERSECTION,3 - PROPERTY DAMAGE ONLY (PDO),3,08/24/2018 03:17:00 PM +0000,FRI,M - MALE,1 - NO INJURY / NONE REPORTED,EE0E7CCF-9761-4644-9A03-3CB77BAEA5B4,1 - DAYLIGHT,185011842,2 - REAR-END,01 - DRY,1 - STRAIGHT LEVEL,1 - CONCRETE,BOND HILL,D - DRIVER,1 - CLEAR,45237
13XX SYCAMORE ST,39.11092,84.510366,18-25,N/A,N/A,08/21/2018 04:52:00 PM +0000,02 - FOUR-WAY INTERSECTION,3 - PROPERTY DAMAGE ONLY (PDO),3,08/21/2018 09:13:46 PM +0000,TUE,M - MALE,1 - NO INJURY / NONE REPORTED,3D1EFF2D-1081-413A-88C2-2D00EA6A7F71,1 - DAYLIGHT,185011703,1 - NOT COLLISION BETWEEN TWO MOTOR VEHICLES IN TRANSPORT,01 - DRY,1 - STRAIGHT LEVEL,"2 - BLACKTOP, BITUMINOUS, ASPHALT",N/A,D - DRIVER,1 - CLEAR,45202
N I75 AT 10.4,39.197936,-84.471231,41-50,N/A,N/A,08/20/2018 01:33:00 PM +0000,01 - NOT AN INTERSECTION,3 - PROPERTY DAMAGE ONLY (PDO),3,08/20/2018 01:33:00 PM +0000,MON,F - FEMALE,1 - NO INJURY / NONE REPORTED,04C5225D-D28F-4219-9D86-A8F4C6795FB0,1 - DAYLIGHT,185011625,"7 - SIDESWIPE, SAME DIRECTION",01 - DRY,2 - STRAIGHT GRADE,"2 - BLACKTOP, BITUMINOUS, ASPHALT",N/A,D - DRIVER,1 - CLEAR,45216
58XX HAMILTON AV,39.196404,-84.546552,UNKNOWN,COLLEGE HILL,COLLEGE  HILL,08/25/2018 09:15:00 PM +0000,01 - NOT AN INTERSECTION,3 - PROPERTY DAMAGE ONLY (PDO),3,08/26/2018 03:15:00 PM +0000,SAT,,1 - NO INJURY / NONE REPORTED,FC62E3F8-F400-4883-BDCF-6953CC4D562F,4 - DARK - LIGHTED ROADWAY,185011924,1 - NOT COLLISION BETWEEN TWO MOTOR VEHICLES IN TRANSPORT,01 - DRY,1 - STRAIGHT LEVEL,1 - CONCRETE,COLLEGE HILL,D - DRIVER,1 - CLEAR,45224
10XX COLUMBIA PARKWAY,39.172076,84.474336,31-40,N/A,N/A,08/23/2018 12:51:00 PM +0000,01 - NOT AN INTERSECTION,2 - INJURY,2,08/23/2018 12:51:00 PM +0000,THU,M - MALE,2 - POSSIBLE,5302D8CC-B3B5-43C7-9AAD-499FF9945B32,1 - DAYLIGHT,185011780,2 - REAR-END,01 - DRY,1 - STRAIGHT LEVEL,"2 - BLACKTOP, BITUMINOUS, ASPHALT",N/A,D - DRIVER,1 - CLEAR,45202
S I75 AT 6-0 MM,39.160809,-84.511841,31-40,CLIFTON,CLIFTON,08/08/2018 05:36:00 PM +0000,01 - NOT AN INTERSECTION,3 - PROPERTY DAMAGE ONLY (PDO),3,08/08/2018 05:40:00 PM +0000,WED,M - MALE,1 - NO INJURY / NONE REPORTED,89100137-0778-47AF-8702-D5C67848CCE8,1 - DAYLIGHT,185011026,"7 - SIDESWIPE, SAME DIRECTION",01 - DRY,4 - CURVE GRADE,"2 - BLACKTOP, BITUMINOUS, ASPHALT",CLIFTON,D - DRIVER,1 - CLEAR,45232
23XX BEECHMONT AV,39.095854,84.387264,26-30,N/A,N/A,08/04/2018 06:08:00 PM +0000,10 - DRIVEWAY/ALLEY ACCESS,3 - PROPERTY DAMAGE ONLY (PDO),3,08/04/2018 06:08:00 PM +0000,SAT,F - FEMALE,1 - NO INJURY / NONE REPORTED,4277175D-34EA-46EF-A9BE-6E835FF0DFB4,1 - DAYLIGHT,185010827,6 - ANGLE,02 - WET,2 - STRAIGHT GRADE,"2 - BLACKTOP, BITUMINOUS, ASPHALT",N/A,D - DRIVER,4 - RAIN,45230
32XX MONTANA AV,39.102419,-84.511126,26-30,DOWNTOWN,C. B. D. / RIVERFRONT,08/22/2018 03:55:22 PM +0000,03 - T-INTERSECTION,3 - PROPERTY DAMAGE ONLY (PDO),3,08/22/2018 04:02:23 PM +0000,WED,M - MALE,1 - NO INJURY / NONE REPORTED,C2F1AC3A-5B8E-470A-B5A9-4A7A9E00102A,1 - DAYLIGHT,185011743,6 - ANGLE,01 - DRY,1 - STRAIGHT LEVEL,"2 - BLACKTOP, BITUMINOUS, ASPHALT",DOWNTOWN,D - DRIVER,1 - CLEAR,45211
24XX QUEEN CITY AV,39.128685,-84.584381,41-50,WESTWOOD,WESTWOOD,08/07/2018 01:15:00 AM +0000,01 - NOT AN INTERSECTION,3 - PROPERTY DAMAGE ONLY (PDO),3,08/07/2018 01:18:00 AM +0000,TUE,M - MALE,1 - NO INJURY / NONE REPORTED,DF0E51C3-6F14-450A-9F30-F524ADD052A2,4 - DARK - LIGHTED ROADWAY,185010914,"7 - SIDESWIPE, SAME DIRECTION",01 - DRY,4 - CURVE GRADE,"2 - BLACKTOP, BITUMINOUS, ASPHALT",WESTWOOD,D - DRIVER,1 - CLEAR,45238
30XX GLENHILLS WY,39.127891,-84.603956,51-60,WESTWOOD,WESTWOOD,08/05/2018 03:44:00 PM +0000,02 - FOUR-WAY INTERSECTION,2 - INJURY,2,08/05/2018 03:45:00 PM +0000,SUN,F - FEMALE,2 - POSSIBLE,1B5796EE-7C41-42EE-A496-E19BB4569021,1 - DAYLIGHT,185010857,6 - ANGLE,01 - DRY,2 - STRAIGHT GRADE,"2 - BLACKTOP, BITUMINOUS, ASPHALT",WEST PRICE HILL,O - OCCUPANT,1 - CLEAR,45238
27XX W MCMICKEN AV,39.130851,-84.530701,UNKNOWN,CUF,CLIFTON/UNIVERSITY HEIGHTS,08/16/2018 07:10:00 AM +0000,02 - FOUR-WAY INTERSECTION,3 - PROPERTY DAMAGE ONLY (PDO),3,08/16/2018 07:13:00 AM +0000,THU,,1 - NO INJURY / NONE REPORTED,41273377-B6B1-4D40-B420-1339248C6E9D,1 - DAYLIGHT,185011395,3 - HEAD-ON,02 - WET,1 - STRAIGHT LEVEL,"2 - BLACKTOP, BITUMINOUS, ASPHALT",CUF,D - DRIVER,4 - RAIN,45214
7XX PLUM ST,39.103821,84.518783,18-25,N/A,N/A,08/18/2018 09:50:44 PM +0000,02 - FOUR-WAY INTERSECTION,3 - PROPERTY DAMAGE ONLY (PDO),3,08/18/2018 09:52:45 PM +0000,SAT,F - FEMALE,1 - NO INJURY / NONE REPORTED,16ABCDA4-6F38-4902-8616-063E81532F91,4 - DARK - LIGHTED ROADWAY,185011562,6 - ANGLE,01 - DRY,1 - STRAIGHT LEVEL,1 - CONCRETE,N/A,D - DRIVER,2 - CLOUDY,45202
10XX WALNUT ST,39.106273,-84.513166,18-25,DOWNTOWN,C. B. D. / RIVERFRONT,08/22/2018 10:25:00 AM +0000,01 - NOT AN INTERSECTION,2 - INJURY,2,08/22/2018 10:27:00 AM +0000,WED,M - MALE,2 - POSSIBLE,B47629A6-6875-4135-9DBF-61720541B1EF,1 - DAYLIGHT,185011735,"7 - SIDESWIPE, SAME DIRECTION",01 - DRY,1 - STRAIGHT LEVEL,"2 - BLACKTOP, BITUMINOUS, ASPHALT",DOWNTOWN,D - DRIVER,1 - CLEAR,45202
8XX BANK ST,39.119259,-84.527768,51-60,WEST END,WEST  END,08/14/2018 09:02:01 AM +0000,02 - FOUR-WAY INTERSECTION,3 - PROPERTY DAMAGE ONLY (PDO),3,08/14/2018 09:02:16 AM +0000,TUE,M - MALE,1 - NO INJURY / NONE REPORTED,B06E2180-70B0-4FEB-84C3-73DCF9691D0E,1 - DAYLIGHT,185011285,6 - ANGLE,01 - DRY,1 - STRAIGHT LEVEL,"2 - BLACKTOP, BITUMINOUS, ASPHALT",WEST END,D - DRIVER,1 - CLEAR,45214
49XX HAMILTON AV,39.181011,-84.544745,UNDER 18,COLLEGE HILL,COLLEGE  HILL,08/15/2018 04:33:08 PM +0000,01 - NOT AN INTERSECTION,3 - PROPERTY DAMAGE ONLY (PDO),3,08/15/2018 04:55:33 PM +0000,WED,M - MALE,1 - NO INJURY / NONE REPORTED,7321F2E9-13EB-42AA-8AAE-4CC87A1949EE,1 - DAYLIGHT,185011361,6 - ANGLE,02 - WET,4 - CURVE GRADE,"2 - BLACKTOP, BITUMINOUS, ASPHALT",COLLEGE HILL,O - OCCUPANT,4 - RAIN,45224
11XX LAIDLAW AV,39.177485,-84.478241,41-50,BOND HILL,BONDHILL,08/17/2018 11:10:00 AM +0000,02 - FOUR-WAY INTERSECTION,3 - PROPERTY DAMAGE ONLY (PDO),3,08/17/2018 11:17:00 AM +0000,FRI,M - MALE,1 - NO INJURY / NONE REPORTED,D7E3F84F-C266-46A6-9FC2-F8B59E1CAA1C,1 - DAYLIGHT,185011483,6 - ANGLE,01 - DRY,1 - STRAIGHT LEVEL,"2 - BLACKTOP, BITUMINOUS, ASPHALT",BOND HILL,D - DRIVER,2 - CLOUDY,45237
11XX LAIDLAW AV,39.177,84.47895,41-50,N/A,N/A,08/22/2018 04:53:00 PM +0000,03 - T-INTERSECTION,2 - INJURY,2,08/22/2018 04:54:00 PM +0000,WED,M - MALE,1 - NO INJURY / NONE REPORTED,FE22BC95-2DC1-4284-91D6-273CA1992A5C,1 - DAYLIGHT,185011749,1 - NOT COLLISION BETWEEN TWO MOTOR VEHICLES IN TRANSPORT,01 - DRY,1 - STRAIGHT LEVEL,"2 - BLACKTOP, BITUMINOUS, ASPHALT",N/A,D - DRIVER,1 - CLEAR,45237
39XX BOUDINOT AV,39.162466,-84.602604,41-50,WESTWOOD,WESTWOOD,08/21/2018 04:01:00 PM +0000,03 - T-INTERSECTION,3 - PROPERTY DAMAGE ONLY (PDO),3,08/21/2018 04:01:00 PM +0000,TUE,M - MALE,1 - NO INJURY / NONE REPORTED,E99C99F0-6D81-4F11-BF42-F6B4EA429D2F,1 - DAYLIGHT,185011693,6 - ANGLE,01 - DRY,1 - STRAIGHT LEVEL,"2 - BLACKTOP, BITUMINOUS, ASPHALT",WESTWOOD,D - DRIVER,1 - CLEAR,45211
47XX HAMILTON AV,39.179793,-84.545068,UNDER 18,NORTHSIDE,NORTHSIDE,08/08/2018 10:30:46 AM +0000,03 - T-INTERSECTION,2 - INJURY,2,08/08/2018 10:39:46 AM +0000,WED,M - MALE,2 - POSSIBLE,C4BA7AC7-0FBA-4352-B8C6-B9EE5B39E0E6,1 - DAYLIGHT,185011004,2 - REAR-END,01 - DRY,2 - STRAIGHT GRADE,"2 - BLACKTOP, BITUMINOUS, ASPHALT",COLLEGE HILL,O - OCCUPANT,1 - CLEAR,45223
36XX VINE ST,39.149314,84.510845,51-60,N/A,N/A,08/08/2018 09:03:00 AM +0000,01 - NOT AN INTERSECTION,3 - PROPERTY DAMAGE ONLY (PDO),3,08/08/2018 09:06:00 AM +0000,WED,M - MALE,1 - NO INJURY / NONE REPORTED,BD73ED07-8C0A-483B-8143-9E5C504A6B4A,1 - DAYLIGHT,185011001,"8 - SIDESWIPE, OPPOSITE DIRECTION",01 - DRY,1 - STRAIGHT LEVEL,"2 - BLACKTOP, BITUMINOUS, ASPHALT",N/A,D - DRIVER,2 - CLOUDY,45220
27XX COLUMBIA PY,39.125396,-84.46123,UNDER 18,HYDE PARK,EAST  END,08/27/2018 07:29:00 AM +0000,01 - NOT AN INTERSECTION,2 - INJURY,2,08/27/2018 07:30:00 AM +0000,MON,F - FEMALE,1 - NO INJURY / NONE REPORTED,CED55BFC-7390-4C84-AF89-5F7A81C9EC4F,1 - DAYLIGHT,185011939,2 - REAR-END,01 - DRY,1 - STRAIGHT LEVEL,"2 - BLACKTOP, BITUMINOUS, ASPHALT",HYDE PARK,D - DRIVER,1 - CLEAR,45208