ADDRESS_X,LATITUDE_X,LONGITUDE_X,AGE,COMMUNITY_COUNCIL_NEIGHBORHOOD,CPD_NEIGHBORHOOD,CRASHDATE,CRASHLOCATION,CRASHSEVERITY,CRASHSEVERITYID,DATECRASHREPORTED,DAYOFWEEK,GENDER,INJURIES,INSTANCEID,LIGHTCONDITIONSPRIMARY,LOCALREPORTNO,MANNEROFCRASH,ROADCONDITIONSPRIMARY,ROADCONTOUR,ROADSURFACE,SNA_NEIGHBORHOOD,TYPEOFPERSON,WEATHER,ZIP
23XX WHEELER ST,39.128061,84.520501,51-60,N/A,N/A,08/14/2018 09:46:00 PM +0000,01 - NOT AN INTERSECTION,3 - PROPERTY DAMAGE ONLY (PDO),3,08/14/2018 09:46:00 PM +0000,TUE,M - MALE,1 - NO INJURY / NONE REPORTED,77C40311-D917-4314-BACC-2E6E245A202B,4 - DARK - LIGHTED ROADWAY,185011325,5 - BACKING,01 - DRY,1 - STRAIGHT LEVEL,"2 - BLACKTOP, BITUMINOUS, ASPHALT",N/A,D - DRIVER,1 - CLEAR,45219
47XX READING RD,39.171771,84.467275,41-50,N/A,N/A,08/17/2018 04:30:00 PM +0000,01 - NOT AN INTERSECTION,3 - PROPERTY DAMAGE ONLY (PDO),3,08/17/2018 04:34:00 PM +0000,FRI,M - MALE,1 - NO INJURY / NONE REPORTED,BEB6A6E7-AAA9-4017-B4A1-9B24E903B92A,1 - DAYLIGHT,185011500,2 - REAR-END,01 - DRY,1 - STRAIGHT LEVEL,1 - CONCRETE,N/A,D - DRIVER,1 - CLEAR,45237
79XX SUNFIELD DR,39.206905,-84.455281,41-50,ROSELAWN,ROSELAWN,08/13/2018 01:15:00 PM +0000,03 - T-INTERSECTION,3 - PROPERTY DAMAGE ONLY (PDO),3,08/13/2018 01:16:00 PM +0000,MON,F - FEMALE,1 - NO INJURY / NONE REPORTED,7BB77016-8BF4-47D3-A0D6-CBE940D42AD4,1 - DAYLIGHT,185011251,6 - ANGLE,01 - DRY,1 - STRAIGHT LEVEL,"2 - BLACKTOP, BITUMINOUS, ASPHALT",ROSELAWN,D - DRIVER,1 - CLEAR,45237
43XX READING RD,39.160218,-84.473971,UNKNOWN,PADDOCK HILLS,PADDOCK  HILLS,08/06/2018 03:05:00 PM +0000,01 - NOT AN INTERSECTION,3 - PROPERTY DAMAGE ONLY (PDO),3,08/06/2018 11:10:00 PM +0000,MON,,1 - NO INJURY / NONE REPORTED,363FC748-AADF-462D-9EDD-C006D766925C,1 - DAYLIGHT,185010911,2 - REAR-END,01 - DRY,1 - STRAIGHT LEVEL,"2 - BLACKTOP, BITUMINOUS, ASPHALT",NORTH AVONDALE - PADDOCK HILLS,D - DRIVER,1 - CLEAR,45229
1XX W 6TH ST,39.102206,84.516229,61-70,N/A,N/A,08/13/2018 04:16:00 PM +0000,01 - NOT AN INTERSECTION,3 - PROPERTY DAMAGE ONLY (PDO),3,08/13/2018 04:16:00 PM +0000,MON,F - FEMALE,1 - NO INJURY / NONE REPORTED,EE2BFEFA-F21D-4404-A6CB-7F76BB4DA551,1 - DAYLIGHT,185011260,"7 - SIDESWIPE, SAME DIRECTION",01 - DRY,1 - STRAIGHT LEVEL,"2 - BLACKTOP, BITUMINOUS, ASPHALT",N/A,D - DRIVER,1 - CLEAR,45202
5XX VINE ST,39.101624,84.513252,61-70,N/A,N/A,08/04/2018 10:11:00 AM +0000,02 - FOUR-WAY INTERSECTION,2 - INJURY,2,08/04/2018 10:11:00 AM +0000,SAT,M - MALE,1 - NO INJURY / NONE REPORTED,170EABF9-DEAF-46C3-8B4C-238FE0BA426B,1 - DAYLIGHT,185010808,1 - NOT COLLISION BETWEEN TWO MOTOR VEHICLES IN TRANSPORT,01 - DRY,1 - STRAIGHT LEVEL,"2 - BLACKTOP, BITUMINOUS, ASPHALT",N/A,D - DRIVER,1 - CLEAR,45202
N I75 AT 7-8 MM,39.173366,84.490713,18-25,N/A,N/A,08/23/2018 09:14:00 AM +0000,01 - NOT AN INTERSECTION,3 - PROPERTY DAMAGE ONLY (PDO),3,08/23/2018 09:16:00 AM +0000,THU,F - FEMALE,1 - NO INJURY / NONE REPORTED,3218744E-279C-410A-847D-EB24893FD732,1 - DAYLIGHT,185011766,2 - REAR-END,01 - DRY,1 - STRAIGHT LEVEL,1 - CONCRETE,N/A,D - DRIVER,1 - CLEAR,
23XX OHIO AV,39.121953,84.518733,UNKNOWN,N/A,N/A,08/03/2018 09:30:00 AM +0000,01 - NOT AN INTERSECTION,3 - PROPERTY DAMAGE ONLY (PDO),3,08/03/2018 11:41:00 AM +0000,FRI,,1 - NO INJURY / NONE REPORTED,440AC774-7FFE-41C1-83A6-9FBA63117CCC,1 - DAYLIGHT,185010750,1 - NOT COLLISION BETWEEN TWO MOTOR VEHICLES IN TRANSPORT,01 - DRY,1 - STRAIGHT LEVEL,1 - CONCRETE,N/A,D - DRIVER,1 - CLEAR,45219
49XX RED BANK EX,39.161558,84.404161,UNKNOWN,N/A,N/A,08/20/2018 07:40:00 AM +0000,02 - FOUR-WAY INTERSECTION,3 - PROPERTY DAMAGE ONLY (PDO),3,08/20/2018 05:25:45 PM +0000,MON,,1 - NO INJURY / NONE REPORTED,3DD22AF6-535C-49FF-AAEE-CDE95FE3A68C,1 - DAYLIGHT,185011646,"7 - SIDESWIPE, SAME DIRECTION",01 - DRY,2 - STRAIGHT GRADE,"2 - BLACKTOP, BITUMINOUS, ASPHALT",N/A,D - DRIVER,9 - OTHER/UNKNOWN,45227
28XX MONTANA AV,39.150635,-84.590858,51-60,WESTWOOD,WESTWOOD,08/20/2018 03:11:00 PM +0000,01 - NOT AN INTERSECTION,3 - PROPERTY DAMAGE ONLY (PDO),3,08/20/2018 03:11:00 PM +0000,MON,M - MALE,1 - NO INJURY / NONE REPORTED,C2FFCC82-1726-4405-92E7-C06F142502D1,1 - DAYLIGHT,185011630,2 - REAR-END,02 - WET,1 - STRAIGHT LEVEL,"2 - BLACKTOP, BITUMINOUS, ASPHALT",WESTWOOD,D - DRIVER,4 - RAIN,45211
36XX VINE ST,39.149585,84.509921,26-30,N/A,N/A,08/23/2018 04:45:00 PM +0000,01 - NOT AN INTERSECTION,3 - PROPERTY DAMAGE ONLY (PDO),3,08/23/2018 04:50:00 PM +0000,THU,F - FEMALE,1 - NO INJURY / NONE REPORTED,429E12E4-3A6E-465D-A697-D1BBB66B243B,1 - DAYLIGHT,185011793,2 - REAR-END,01 - DRY,1 - STRAIGHT LEVEL,"2 - BLACKTOP, BITUMINOUS, ASPHALT",N/A,D - DRIVER,1 - CLEAR,45220
34XX VINE ST,39.142708,-84.510076,31-40,AVONDALE,CLIFTON,08/21/2018 09:02:00 AM +0000,01 - NOT AN INTERSECTION,2 - INJURY,2,08/21/2018 09:16:00 AM +0000,TUE,F - FEMALE,2 - POSSIBLE,5EA7814A-4679-4580-BD94-4FD1132108E6,1 - DAYLIGHT,185011670,6 - ANGLE,01 - DRY,2 - STRAIGHT GRADE,"2 - BLACKTOP, BITUMINOUS, ASPHALT",CUF,D - DRIVER,1 - CLEAR,45220
29XX OBSERVATORY AV,39.102061,84.512021,UNDER 18,N/A,N/A,08/07/2018 07:18:26 AM +0000,02 - FOUR-WAY INTERSECTION,2 - INJURY,2,08/07/2018 07:19:27 AM +0000,TUE,M - MALE,2 - POSSIBLE,484322EE-9059-4AD2-AA89-62081A5F5CCA,1 - DAYLIGHT,LCP18080700027,6 - ANGLE,02 - WET,1 - STRAIGHT LEVEL,"2 - BLACKTOP, BITUMINOUS, ASPHALT",N/A,D - DRIVER,4 - RAIN,45208
2XX KINSEY AV,39.429851,84.213471,18-25,N/A,N/A,08/16/2018 01:14:00 PM +0000,02 - FOUR-WAY INTERSECTION,2 - INJURY,2,08/16/2018 01:14:00 PM +0000,THU,M - MALE,1 - NO INJURY / NONE REPORTED,63D3B6FA-495E-4E97-A152-0B32FEDC0C10,1 - DAYLIGHT,185011422,6 - ANGLE,02 - WET,2 - STRAIGHT GRADE,"2 - BLACKTOP, BITUMINOUS, ASPHALT",N/A,O - OCCUPANT,2 - CLOUDY,45219
54XX RED BANK EX,39.161777,84.404456,51-60,N/A,N/A,08/05/2018 09:30:00 AM +0000,01 - NOT AN INTERSECTION,3 - PROPERTY DAMAGE ONLY (PDO),3,08/05/2018 09:31:00 AM +0000,SUN,M - MALE,1 - NO INJURY / NONE REPORTED,2CB0FE20-E1A0-4D91-92C8-99C9F93C1BC4,1 - DAYLIGHT,185010849,2 - REAR-END,01 - DRY,1 - STRAIGHT LEVEL,"2 - BLACKTOP, BITUMINOUS, ASPHALT",N/A,D - DRIVER,1 - CLEAR,45227
6XX WILLIAM HOWARD TAFT RD,39.127919,-84.498095,18-25,WALNUT HILLS,WALNUT HILLS,08/04/2018 07:18:00 PM +0000,02 - FOUR-WAY INTERSECTION,2 - INJURY,2,08/04/2018 07:18:00 PM +0000,SAT,M - MALE,2 - POSSIBLE,518609EE-34D9-48E5-B440-BB1F7BAD2B11,1 - DAYLIGHT,185010835,"7 - SIDESWIPE, SAME DIRECTION",01 - DRY,1 - STRAIGHT LEVEL,"2 - BLACKTOP, BITUMINOUS, ASPHALT",AVONDALE,D - DRIVER,2 - CLOUDY,45206
74XX PADDOCK RD,39.197402,-84.476319,UNKNOWN,CARTHAGE,CARTHAGE,08/09/2018 09:21:00 PM +0000,01 - NOT AN INTERSECTION,2 - INJURY,2,08/09/2018 09:32:23 PM +0000,THU,F - FEMALE,1 - NO INJURY / NONE REPORTED,AA0C0BEE-C8CC-4443-B18E-E595989D9F06,4 - DARK - LIGHTED ROADWAY,185011082,6 - ANGLE,01 - DRY,3 - CURVE LEVEL,1 - CONCRETE,CARTHAGE,D - DRIVER,1 - CLEAR,45216
2XX E MEHRING WAY,39.095121,84.508798,18-25,N/A,N/A,08/24/2018 03:30:00 PM +0000,03 - T-INTERSECTION,3 - PROPERTY DAMAGE ONLY (PDO),3,08/24/2018 03:33:00 PM +0000,FRI,F - FEMALE,1 - NO INJURY / NONE REPORTED,087A53A5-AC3B-4640-8333-0EE5483CD9CF,1 - DAYLIGHT,185011844,"7 - SIDESWIPE, SAME DIRECTION",01 - DRY,1 - STRAIGHT LEVEL,1 - CONCRETE,N/A,D - DRIVER,1 - CLEAR,45202
1XX W MITCHELL AV,39.162903,84.508088,18-25,N/A,N/A,08/07/2018 08:10:26 AM +0000,01 - NOT AN INTERSECTION,3 - PROPERTY DAMAGE ONLY (PDO),3,08/07/2018 08:13:27 AM +0000,TUE,M - MALE,1 - NO INJURY / NONE REPORTED,FD4A1D64-1E44-4E8A-8033-F546E5EB632A,1 - DAYLIGHT,185010929,2 - REAR-END,02 - WET,1 - STRAIGHT LEVEL,1 - CONCRETE,N/A,D - DRIVER,4 - RAIN,45217
9XX ROSEMONT AV,39.109419,84.582738,31-40,N/A,N/A,08/06/2018 09:14:00 PM +0000,01 - NOT AN INTERSECTION,3 - PROPERTY DAMAGE ONLY (PDO),3,08/06/2018 09:14:00 PM +0000,MON,M - MALE,1 - NO INJURY / NONE REPORTED,F03A9BFD-EF25-4B2A-B0EB-96A344795710,4 - DARK - LIGHTED ROADWAY,185010912,"8 - SIDESWIPE, OPPOSITE DIRECTION",01 - DRY,1 - STRAIGHT LEVEL,"2 - BLACKTOP, BITUMINOUS, ASPHALT",N/A,D - DRIVER,1 - CLEAR,45205
60XX HAMILTON AV,39.201335,84.547121,31-40,N/A,N/A,08/22/2018 03:15:00 PM +0000,02 - FOUR-WAY INTERSECTION,3 - PROPERTY DAMAGE ONLY (PDO),3,08/22/2018 03:18:00 PM +0000,WED,F - FEMALE,1 - NO INJURY / NONE REPORTED,4BD12700-EEBF-432D-BCE9-ADE45CC7432D,1 - DAYLIGHT,185011738,6 - ANGLE,01 - DRY,1 - STRAIGHT LEVEL,"2 - BLACKTOP, BITUMINOUS, ASPHALT",N/A,D - DRIVER,1 - CLEAR,45224
12XX VINE ST,39.107551,-84.514066,41-50,OTR,OVER-THE-RHINE,08/26/2018 12:03:00 AM +0000,02 - FOUR-WAY INTERSECTION,3 - PROPERTY DAMAGE ONLY (PDO),3,08/26/2018 12:03:00 AM +0000,SUN,F - FEMALE,1 - NO INJURY / NONE REPORTED,64FCF670-8C50-4FCB-84B8-7B9223FCEA48,4 - DARK - LIGHTED ROADWAY,185011906,2 - REAR-END,01 - DRY,1 - STRAIGHT LEVEL,1 - CONCRETE,OVER-THE-RHINE,D - DRIVER,1 - CLEAR,45202
S I75 AT 2-8 MM,39.129887,-84.532845,UNKNOWN,CAMP WASHINGTON,CAMP  WASHINGTON,08/16/2018 09:37:00 PM +0000,01 - NOT AN INTERSECTION,2 - INJURY,2,08/16/2018 09:37:00 PM +0000,THU,,1 - NO INJURY / NONE REPORTED,653E3459-3D7B-4540-9B13-A1BB64C0528D,4 - DARK - LIGHTED ROADWAY,185011461,6 - ANGLE,02 - WET,1 - STRAIGHT LEVEL,"2 - BLACKTOP, BITUMINOUS, ASPHALT",CAMP WASHINGTON,D - DRIVER,4 - RAIN,45214
54XX COLERAIN AV,39.190278,84.570876,18-25,N/A,N/A,08/10/2018 11:40:00 AM +0000,02 - FOUR-WAY INTERSECTION,3 - PROPERTY DAMAGE ONLY (PDO),3,08/10/2018 11:40:00 AM +0000,FRI,M - MALE,1 - NO INJURY / NONE REPORTED,B6276F54-1665-47E0-9B00-76937928D816,1 - DAYLIGHT,185011099,2 - REAR-END,01 - DRY,1 - STRAIGHT LEVEL,"2 - BLACKTOP, BITUMINOUS, ASPHALT",N/A,D - DRIVER,1 - CLEAR,45223
14XX CALIFORNIA AV,39.176201,-84.472483,41-50,BOND HILL,BONDHILL,08/11/2018 02:15:00 PM +0000,01 - NOT AN INTERSECTION,3 - PROPERTY DAMAGE ONLY (PDO),3,08/11/2018 02:25:00 PM +0000,SAT,F - FEMALE,1 - NO INJURY / NONE REPORTED,778FB926-84DA-426E-8583-DD75D15462F6,1 - DAYLIGHT,185011194,"7 - SIDESWIPE, SAME DIRECTION",01 - DRY,1 - STRAIGHT LEVEL,1 - CONCRETE,BOND HILL,D - DRIVER,1 - CLEAR,45237
16XX HARRISON AV,39.127321,84.553833,18-25,N/A,N/A,08/04/2018 07:48:00 AM +0000,01 - NOT AN INTERSECTION,3 - PROPERTY DAMAGE ONLY (PDO),3,08/04/2018 07:48:00 AM +0000,SAT,M - MALE,1 - NO INJURY / NONE REPORTED,161E8514-D851-42E3-BC8A-7C5EE98565D4,1 - DAYLIGHT,185010798,1 - NOT COLLISION BETWEEN TWO MOTOR VEHICLES IN TRANSPORT,01 - DRY,4 - CURVE GRADE,"2 - BLACKTOP, BITUMINOUS, ASPHALT",N/A,D - DRIVER,1 - CLEAR,45214
57XX LUHN AV,39.166871,84.393424,31-40,N/A,N/A,08/23/2018 03:30:00 PM +0000,02 - FOUR-WAY INTERSECTION,2 - INJURY,2,08/23/2018 03:36:00 PM +0000,THU,F - FEMALE,3 - NON-INCAPACITATING,567DA8DF-2D6C-4023-B0AE-940581BA01A8,1 - DAYLIGHT,185011791,6 - ANGLE,01 - DRY,2 - STRAIGHT GRADE,"2 - BLACKTOP, BITUMINOUS, ASPHALT",N/A,D - DRIVER,1 - CLEAR,45227
52XX GLENWAY AV,39.123405,-84.602382,18-25,WEST PRICE HILL,WEST PRICE HILL,08/24/2018 06:35:00 PM +0000,01 - NOT AN INTERSECTION,3 - PROPERTY DAMAGE ONLY (PDO),3,08/24/2018 07:00:00 PM +0000,FRI,F - FEMALE,1 - NO INJURY / NONE REPORTED,2428D708-8DE1-4C66-AC15-CAF6C41D9BB1,1 - DAYLIGHT,185011803,6 - ANGLE,01 - DRY,1 - STRAIGHT LEVEL,"2 - BLACKTOP, BITUMINOUS, ASPHALT",WEST PRICE HILL,D - DRIVER,1 - CLEAR,45238
24XX QUEEN CITY AV,39.127904,-84.577462,61-70,WESTWOOD,WESTWOOD,08/18/2018 07:50:00 PM +0000,01 - NOT AN INTERSECTION,3 - PROPERTY DAMAGE ONLY (PDO),3,08/18/2018 07:58:00 PM +0000,SAT,M - MALE,1 - NO INJURY / NONE REPORTED,9FB1B14E-4BE7-4375-AA8D-A961FF592E2B,3 - DUSK,185011560,"7 - SIDESWIPE, SAME DIRECTION",01 - DRY,2 - STRAIGHT GRADE,"2 - BLACKTOP, BITUMINOUS, ASPHALT",WESTWOOD,D - DRIVER,1 - CLEAR,45238
27XX VICTORY PY,0.00022,0.00072,51-60,N/A,N/A,08/15/2018 05:15:00 PM +0000,01 - NOT AN INTERSECTION,3 - PROPERTY DAMAGE ONLY (PDO),3,08/15/2018 07:00:00 PM +0000,WED,M - MALE,1 - NO INJURY / NONE REPORTED,563611F4-D230-4467-8889-73F5FEE924DB,1 - DAYLIGHT,185011376,"7 - SIDESWIPE, SAME DIRECTION",02 - WET,1 - STRAIGHT LEVEL,"2 - BLACKTOP, BITUMINOUS, ASPHALT",N/A,D - DRIVER,4 - RAIN,45206
19XX HARRISON AV,39.120871,84.533581,26-30,N/A,N/A,08/03/2018 05:13:00 PM +0000,02 - FOUR-WAY INTERSECTION,2 - INJURY,2,08/03/2018 05:13:00 PM +0000,FRI,M - MALE,1 - NO INJURY / NONE REPORTED,F1F49363-3A51-4DEE-8CEB-61E806642D7B,1 - DAYLIGHT,185010775,6 - ANGLE,01 - DRY,4 - CURVE GRADE,"2 - BLACKTOP, BITUMINOUS, ASPHALT",N/A,D - DRIVER,1 - CLEAR,45214
31XX VICTORY PY,39.136072,84.480939,51-60,N/A,N/A,08/24/2018 12:00:00 PM +0000,03 - T-INTERSECTION,2 - INJURY,2,08/24/2018 12:01:00 PM +0000,FRI,F - FEMALE,1 - NO INJURY / NONE REPORTED,7DD17ED3-7AF1-42F3-BFC8-6F606527BCDF,1 - DAYLIGHT,185011828,2 - REAR-END,01 - DRY,1 - STRAIGHT LEVEL,"2 - BLACKTOP, BITUMINOUS, ASPHALT",N/A,D - DRIVER,1 - CLEAR,45207
26XX HIGHLAND AV,39.129052,-84.504011,18-25,CORRYVILLE,CORRYVILLE,08/02/2018 12:57:00 PM +0000,01 - NOT AN INTERSECTION,3 - PROPERTY DAMAGE ONLY (PDO),3,08/02/2018 01:00:00 PM +0000,THU,F - FEMALE,1 - NO INJURY / NONE REPORTED,1547130A-F87A-44B3-BB75-EC02B14A2245,1 - DAYLIGHT,185010702,2 - REAR-END,01 - DRY,1 - STRAIGHT LEVEL,"2 - BLACKTOP, BITUMINOUS, ASPHALT",CORRYVILLE,D - DRIVER,2 - CLOUDY,45219
73XX PADDOCK RD,39.196561,-84.475818,UNKNOWN,CARTHAGE,CARTHAGE,08/07/2018 05:42:30 AM +0000,01 - NOT AN INTERSECTION,3 - PROPERTY DAMAGE ONLY (PDO),3,08/07/2018 05:45:31 AM +0000,TUE,,1 - NO INJURY / NONE REPORTED,40A7221F-AFB7-4A12-9F95-CD80E42713CF,4 - DARK - LIGHTED ROADWAY,185010986,2 - REAR-END,01 - DRY,1 - STRAIGHT LEVEL,"2 - BLACKTOP, BITUMINOUS, ASPHALT",CARTHAGE,D - DRIVER,1 - CLEAR,45216
38XX VINE ST,39.154991,84.506645,18-25,N/A,N/A,08/25/2018 01:37:00 PM +0000,03 - T-INTERSECTION,3 - PROPERTY DAMAGE ONLY (PDO),3,08/25/2018 01:37:00 PM +0000,SAT,F - FEMALE,1 - NO INJURY / NONE REPORTED,6FF17B51-F81F-475F-9DB7-CE9C08D87C65,1 - DAYLIGHT,185011879,2 - REAR-END,02 - WET,1 - STRAIGHT LEVEL,"2 - BLACKTOP, BITUMINOUS, ASPHALT",N/A,D - DRIVER,4 - RAIN,45217
7XX WALNUT ST,39.104744,84.511962,18-25,N/A,N/A,08/24/2018 01:15:00 AM +0000,01 - NOT AN INTERSECTION,3 - PROPERTY DAMAGE ONLY (PDO),3,08/24/2018 01:21:00 AM +0000,FRI,M - MALE,1 - NO INJURY / NONE REPORTED,FC6B7766-AFDC-4EE4-9C6A-195FE7481082,4 - DARK - LIGHTED ROADWAY,185011812,1 - NOT COLLISION BETWEEN TWO MOTOR VEHICLES IN TRANSPORT,01 - DRY,1 - STRAIGHT LEVEL,"2 - BLACKTOP, BITUMINOUS, ASPHALT",N/A,D - DRIVER,1 - CLEAR,45202
20XX DANA AV,39.145813,-84.462453,31-40,EVANSTON,EVANSTON,08/03/2018 06:35:00 PM +0000,01 - NOT AN INTERSECTION,3 - PROPERTY DAMAGE ONLY (PDO),3,08/03/2018 06:40:00 PM +0000,FRI,F - FEMALE,1 - NO INJURY / NONE REPORTED,F417D96D-9E4C-4878-800F-C7D7293F85FD,1 - DAYLIGHT,185010781,5 - BACKING,01 - DRY,1 - STRAIGHT LEVEL,"2 - BLACKTOP, BITUMINOUS, ASPHALT",EVANSTON,D - DRIVER,1 - CLEAR,45207
24XX AUBURN AV,39.127127,-84.508961,18-25,MOUNT AUBURN,MOUNT  AUBURN,08/07/2018 02:00:00 PM +0000,02 - FOUR-WAY INTERSECTION,3 - PROPERTY DAMAGE ONLY (PDO),3,08/07/2018 02:10:00 PM +0000,TUE,F - FEMALE,1 - NO INJURY / NONE REPORTED,41EFB513-A59D-465D-AD18-A0D74ACC23EE,1 - DAYLIGHT,185010953,6 - ANGLE,01 - DRY,2 - STRAIGHT GRADE,1 - CONCRETE,MT. AUBURN,D - DRIVER,1 - CLEAR,45219
W SR 562 AT 0.1 MM,39.174299,-84.484573,51-60,BOND HILL,BONDHILL,08/10/2018 01:05:00 PM +0000,01 - NOT AN INTERSECTION,3 - PROPERTY DAMAGE ONLY (PDO),3,08/10/2018 01:25:00 PM +0000,FRI,M - MALE,1 - NO INJURY / NONE REPORTED,800ED0E4-18B2-4430-894D-32E9074550D2,1 - DAYLIGHT,185011102,2 - REAR-END,01 - DRY,3 - CURVE LEVEL,1 - CONCRETE,BOND HILL,D - DRIVER,1 - CLEAR,45237
23XX WYOMING AV,39.128197,84.573956,18-25,N/A,N/A,08/10/2018 04:05:00 PM +0000,01 - NOT AN INTERSECTION,2 - INJURY,2,08/10/2018 04:08:00 PM +0000,FRI,M - MALE,1 - NO INJURY / NONE REPORTED,56C1E07E-CE12-4C93-99E0-0C22AB6A2678,1 - DAYLIGHT,185011114,"7 - SIDESWIPE, SAME DIRECTION",01 - DRY,1 - STRAIGHT LEVEL,"2 - BLACKTOP, BITUMINOUS, ASPHALT",N/A,D - DRIVER,1 - CLEAR,45214
15XX QUEEN CITY AV,39.125762,-84.548702,41-50,SOUTH FAIRMOUNT,SOUTH  FAIRMOUNT,08/17/2018 05:00:00 PM +0000,02 - FOUR-WAY INTERSECTION,3 - PROPERTY DAMAGE ONLY (PDO),3,08/18/2018 11:00:00 AM +0000,FRI,F - FEMALE,1 - NO INJURY / NONE REPORTED,D25092DC-25A3-4F8C-B65A-ED714EB0F1E1,1 - DAYLIGHT,185011539,2 - REAR-END,01 - DRY,1 - STRAIGHT LEVEL,1 - CONCRETE,SOUTH FAIRMOUNT,D - DRIVER,1 - CLEAR,45214
17XX MAIN ST,39.114263,84.512401,UNDER 18,N/A,N/A,08/17/2018 09:06:00 AM +0000,04 - Y-INTERSECTION,3 - PROPERTY DAMAGE ONLY (PDO),3,08/17/2018 10:07:39 AM +0000,FRI,F - FEMALE,1 - NO INJURY / NONE REPORTED,4A5CFA01-3BA2-4CFD-BC4B-27985B35B7D7,1 - DAYLIGHT,185011477,1 - NOT COLLISION BETWEEN TWO MOTOR VEHICLES IN TRANSPORT,01 - DRY,4 - CURVE GRADE,"2 - BLACKTOP, BITUMINOUS, ASPHALT",N/A,O - OCCUPANT,2 - CLOUDY,45202
27XX MONTANA AV,39.150406,-84.589463,31-40,WESTWOOD,WESTWOOD,08/11/2018 02:25:00 PM +0000,02 - FOUR-WAY INTERSECTION,3 - PROPERTY DAMAGE ONLY (PDO),3,08/11/2018 02:25:00 PM +0000,SAT,F - FEMALE,1 - NO INJURY / NONE REPORTED,0C65921D-C62D-4C5A-ACC5-3CD504B8E787,1 - DAYLIGHT,185011173,6 - ANGLE,02 - WET,1 - STRAIGHT LEVEL,"2 - BLACKTOP, BITUMINOUS, ASPHALT",WESTWOOD,D - DRIVER,1 - CLEAR,45211
5XX W LIBERTY ST,39.113973,-84.527969,18-25,WEST END,WEST  END,08/05/2018 02:29:00 AM +0000,02 - FOUR-WAY INTERSECTION,2 - INJURY,2,08/05/2018 02:40:00 AM +0000,SUN,F - FEMALE,2 - POSSIBLE,5814CE94-77A7-4412-A825-B6838DA13260,4 - DARK - LIGHTED ROADWAY,185010847,6 - ANGLE,01 - DRY,1 - STRAIGHT LEVEL,1 - CONCRETE,WEST END,O - OCCUPANT,1 - CLEAR,45214
30XX JEFFERSON AV,39.134377,-84.511635,41-50,CORRYVILLE - HEIGHTS,CLIFTON/UNIVERSITY HEIGHTS,08/03/2018 05:15:00 PM +0000,03 - T-INTERSECTION,3 - PROPERTY DAMAGE ONLY (PDO),3,08/04/2018 08:30:00 AM +0000,FRI,M - MALE,1 - NO INJURY / NONE REPORTED,6B890389-1A8F-427A-8B82-AEC07A407863,1 - DAYLIGHT,185010799,2 - REAR-END,01 - DRY,2 - STRAIGHT GRADE,"2 - BLACKTOP, BITUMINOUS, ASPHALT",CUF,D - DRIVER,1 - CLEAR,45219
47XX SPRING GROVE AV,39.164183,84.516626,61-70,N/A,N/A,08/07/2018 03:49:00 PM +0000,02 - FOUR-WAY INTERSECTION,3 - PROPERTY DAMAGE ONLY (PDO),3,08/07/2018 03:49:00 PM +0000,TUE,F - FEMALE,1 - NO INJURY / NONE REPORTED,58BFE7A3-8950-40A0-B368-9302491701E4,1 - DAYLIGHT,185010993,"7 - SIDESWIPE, SAME DIRECTION",01 - DRY,3 - CURVE LEVEL,"2 - BLACKTOP, BITUMINOUS, ASPHALT",N/A,D - DRIVER,2 - CLOUDY,45232
64XX MADISON RD,39.159665,84.386247,31-40,N/A,N/A,08/10/2018 05:45:00 AM +0000,11 - RAILWAY GRADE CROSSING,3 - PROPERTY DAMAGE ONLY (PDO),3,08/10/2018 05:54:00 AM +0000,FRI,M - MALE,1 - NO INJURY / NONE REPORTED,D167D5DD-7924-4704-A9FA-F9ED4BF722BD,2 - DAWN,185011130,1 - NOT COLLISION BETWEEN TWO MOTOR VEHICLES IN TRANSPORT,01 - DRY,1 - STRAIGHT LEVEL,"2 - BLACKTOP, BITUMINOUS, ASPHALT",N/A,D - DRIVER,1 - CLEAR,45227
15XX LINCOLN AV,39.131841,84.478306,UNKNOWN,N/A,N/A,08/12/2018 10:45:00 AM +0000,01 - NOT AN INTERSECTION,3 - PROPERTY DAMAGE ONLY (PDO),3,08/16/2018 11:40:00 AM +0000,SUN,,,DD3802AC-DFCB-494C-9DEB-AD4FD8876E7E,1 - DAYLIGHT,185011411,5 - BACKING,99 - UNKNOWN,1 - STRAIGHT LEVEL,"2 - BLACKTOP, BITUMINOUS, ASPHALT",N/A,,9 - OTHER/UNKNOWN,45206
20XX QUEEN CITY AV,39.127513,-84.567923,18-25,SOUTH FAIRMOUNT,SOUTH  FAIRMOUNT,08/22/2018 04:55:00 PM +0000,01 - NOT AN INTERSECTION,2 - INJURY,2,08/22/2018 05:01:00 PM +0000,WED,M - MALE,1 - NO INJURY / NONE REPORTED,F83F9016-38F1-4CA4-A41E-2DF43FC5BCC6,1 - DAYLIGHT,185011748,2 - REAR-END,01 - DRY,2 - STRAIGHT GRADE,"2 - BLACKTOP, BITUMINOUS, ASPHALT",EAST PRICE HILL,D - DRIVER,2 - CLOUDY,45214