ADDRESS_X,LATITUDE_X,LONGITUDE_X,AGE,COMMUNITY_COUNCIL_NEIGHBORHOOD,CPD_NEIGHBORHOOD,CRASHDATE,CRASHLOCATION,CRASHSEVERITY,CRASHSEVERITYID,DATECRASHREPORTED,DAYOFWEEK,GENDER,INJURIES,INSTANCEID,LIGHTCONDITIONSPRIMARY,LOCALREPORTNO,MANNEROFCRASH,ROADCONDITIONSPRIMARY,ROADCONTOUR,ROADSURFACE,SNA_NEIGHBORHOOD,TYPEOFPERSON,WEATHER,ZIP
4XX ELBERON AV,39.098377,-84.566811,18-25,EAST PRICE HILL,EAST PRICE HILL,08/16/2018 09:30:33 AM +0000,01 - NOT AN INTERSECTION,3 - PROPERTY DAMAGE ONLY (PDO),3,08/16/2018 09:37:48 AM +0000,THU,M - MALE,1 - NO INJURY / NONE REPORTED,7F69A378-0656-4AE9-8B61-B6E06A97D186,1 - DAYLIGHT,185011407,1 - NOT COLLISION BETWEEN TWO MOTOR VEHICLES IN TRANSPORT,02 - WET,1 - STRAIGHT LEVEL,"2 - BLACKTOP, BITUMINOUS, ASPHALT",EAST PRICE HILL,D - DRIVER,4 - RAIN,45205
51XX HAWAIIAN TE,39.184341,-84.563863,61-70,MOUNT AIRY,MOUNT AIRY,08/09/2018 09:10:00 PM +0000,01 - NOT AN INTERSECTION,3 - PROPERTY DAMAGE ONLY (PDO),3,08/09/2018 09:10:00 PM +0000,THU,F - FEMALE,1 - NO INJURY / NONE REPORTED,49892774-72D9-4C35-8293-FD2796FB9D60,4 - DARK - LIGHTED ROADWAY,185011080,1 - NOT COLLISION BETWEEN TWO MOTOR VEHICLES IN TRANSPORT,01 - DRY,2 - STRAIGHT GRADE,"2 - BLACKTOP, BITUMINOUS, ASPHALT",MT. AIRY,D - DRIVER,1 - CLEAR,45223
5XX E MARTIN LUTHER KING DR,39.135835,84.496815,18-25,N/A,N/A,08/11/2018 09:35:00 PM +0000,02 - FOUR-WAY INTERSECTION,3 - PROPERTY DAMAGE ONLY (PDO),3,08/11/2018 09:36:00 PM +0000,SAT,M - MALE,1 - NO INJURY / NONE REPORTED,A67DD690-1D42-4837-8874-66401D4CA497,4 - DARK - LIGHTED ROADWAY,185011196,"7 - SIDESWIPE, SAME DIRECTION",01 - DRY,1 - STRAIGHT LEVEL,1 - CONCRETE,N/A,O - OCCUPANT,1 - CLEAR,45219
48XX RED BANK EX,39.161297,84.404343,31-40,N/A,N/A,08/25/2018 12:43:00 PM +0000,01 - NOT AN INTERSECTION,3 - PROPERTY DAMAGE ONLY (PDO),3,08/25/2018 12:43:00 PM +0000,SAT,F - FEMALE,1 - NO INJURY / NONE REPORTED,01AA9A35-2B56-43C0-BC35-43DD80F56529,1 - DAYLIGHT,185011873,2 - REAR-END,02 - WET,1 - STRAIGHT LEVEL,1 - CONCRETE,N/A,D - DRIVER,4 - RAIN,45227
28XX MONTANA AV,39.153281,84.579984,26-30,N/A,N/A,08/16/2018 06:10:00 AM +0000,01 - NOT AN INTERSECTION,2 - INJURY,2,08/16/2018 06:15:00 AM +0000,THU,F - FEMALE,2 - POSSIBLE,39E49B24-5CF1-4192-8F69-E8522A52EFE8,1 - DAYLIGHT,185011390,6 - ANGLE,02 - WET,1 - STRAIGHT LEVEL,"2 - BLACKTOP, BITUMINOUS, ASPHALT",N/A,D - DRIVER,4 - RAIN,45211
23XX RIVER RD,39.099818,84.554608,51-60,N/A,N/A,08/03/2018 10:49:00 AM +0000,01 - NOT AN INTERSECTION,3 - PROPERTY DAMAGE ONLY (PDO),3,08/03/2018 10:49:00 AM +0000,FRI,M - MALE,1 - NO INJURY / NONE REPORTED,C7F3978E-2D0E-47CE-957E-66F6980EEC1A,1 - DAYLIGHT,185010747,2 - REAR-END,01 - DRY,1 - STRAIGHT LEVEL,"2 - BLACKTOP, BITUMINOUS, ASPHALT",N/A,D - DRIVER,1 - CLEAR,45204
X W 2ND ST,39.097486,84.512004,18-25,N/A,N/A,08/07/2018 12:50:00 PM +0000,02 - FOUR-WAY INTERSECTION,3 - PROPERTY DAMAGE ONLY (PDO),3,08/07/2018 01:10:00 PM +0000,TUE,F - FEMALE,1 - NO INJURY / NONE REPORTED,F9CA1F40-5ABD-41EB-A099-AEDA8ABBCAF4,1 - DAYLIGHT,185010947,2 - REAR-END,01 - DRY,1 - STRAIGHT LEVEL,1 - CONCRETE,N/A,D - DRIVER,2 - CLOUDY,45202
66XX VINE ST,39.190254,-84.483471,41-50,CARTHAGE,CARTHAGE,08/26/2018 03:35:00 PM +0000,01 - NOT AN INTERSECTION,3 - PROPERTY DAMAGE ONLY (PDO),3,08/26/2018 03:36:00 PM +0000,SUN,M - MALE,1 - NO INJURY / NONE REPORTED,1BAE4724-34CD-42F5-B38F-041614B31A80,1 - DAYLIGHT,185011926,2 - REAR-END,01 - DRY,1 - STRAIGHT LEVEL,1 - CONCRETE,CARTHAGE,D - DRIVER,1 - CLEAR,45216
9XX RACE ST,39.104688,84.516303,51-60,N/A,N/A,08/04/2018 08:35:00 AM +0000,02 - FOUR-WAY INTERSECTION,2 - INJURY,2,08/04/2018 08:36:00 AM +0000,SAT,F - FEMALE,1 - NO INJURY / NONE REPORTED,60E9A205-C902-422F-8691-D8739B10E495,1 - DAYLIGHT,185010801,6 - ANGLE,01 - DRY,1 - STRAIGHT LEVEL,"2 - BLACKTOP, BITUMINOUS, ASPHALT",N/A,D - DRIVER,1 - CLEAR,45202
20XX READING RD,39.118177,-84.499393,41-50,WALNUT HILLS,WALNUT HILLS,08/28/2018 04:12:00 PM +0000,"06 - FIVE-POINT, OR MORE",2 - INJURY,2,08/28/2018 04:14:00 PM +0000,TUE,F - FEMALE,1 - NO INJURY / NONE REPORTED,FE392D36-E0E9-42A7-A85B-22AC26764A86,1 - DAYLIGHT,185012017,6 - ANGLE,01 - DRY,1 - STRAIGHT LEVEL,1 - CONCRETE,WALNUT HILLS,D - DRIVER,1 - CLEAR,45206
59XX BELMONT AV,39.200558,84.548228,UNDER 18,N/A,N/A,08/09/2018 05:15:00 PM +0000,01 - NOT AN INTERSECTION,3 - PROPERTY DAMAGE ONLY (PDO),3,08/09/2018 05:21:00 PM +0000,THU,F - FEMALE,1 - NO INJURY / NONE REPORTED,CFDC8C54-E05E-45B2-A26F-680690480349,1 - DAYLIGHT,185011069,1 - NOT COLLISION BETWEEN TWO MOTOR VEHICLES IN TRANSPORT,01 - DRY,1 - STRAIGHT LEVEL,"2 - BLACKTOP, BITUMINOUS, ASPHALT",N/A,O - OCCUPANT,1 - CLEAR,45224
1XX W MITCHELL AV,39.161769,-84.507406,26-30,CLIFTON,CLIFTON,08/16/2018 03:01:44 AM +0000,01 - NOT AN INTERSECTION,3 - PROPERTY DAMAGE ONLY (PDO),3,08/16/2018 04:02:15 AM +0000,THU,M - MALE,1 - NO INJURY / NONE REPORTED,D85F8BEE-9932-49F0-B41F-E5DCBAF45097,4 - DARK - LIGHTED ROADWAY,185011389,"7 - SIDESWIPE, SAME DIRECTION",02 - WET,4 - CURVE GRADE,"2 - BLACKTOP, BITUMINOUS, ASPHALT",CLIFTON,D - DRIVER,4 - RAIN,45232
14XX DANA AV,39.147551,-84.476968,18-25,EVANSTON,EVANSTON,08/15/2018 09:30:00 AM +0000,03 - T-INTERSECTION,3 - PROPERTY DAMAGE ONLY (PDO),3,08/15/2018 09:39:00 AM +0000,WED,F - FEMALE,1 - NO INJURY / NONE REPORTED,EEC87287-AF44-445B-B2DA-9C6E8C3DF7E8,1 - DAYLIGHT,185011337,2 - REAR-END,01 - DRY,2 - STRAIGHT GRADE,"2 - BLACKTOP, BITUMINOUS, ASPHALT",EVANSTON,D - DRIVER,2 - CLOUDY,45229
XX 72ND ST,39.196595,-84.480159,UNKNOWN,CARTHAGE,CARTHAGE,08/10/2018 04:50:00 PM +0000,01 - NOT AN INTERSECTION,3 - PROPERTY DAMAGE ONLY (PDO),3,08/10/2018 04:54:00 PM +0000,FRI,,1 - NO INJURY / NONE REPORTED,4D246F09-326F-4F66-AA54-CE02260B6139,1 - DAYLIGHT,185011116,5 - BACKING,01 - DRY,1 - STRAIGHT LEVEL,"2 - BLACKTOP, BITUMINOUS, ASPHALT",CARTHAGE,D - DRIVER,1 - CLEAR,45216
61XX GLENWAY AV,39.144231,-84.618778,61-70,WESTWOOD,WESTWOOD,08/11/2018 02:35:00 PM +0000,01 - NOT AN INTERSECTION,3 - PROPERTY DAMAGE ONLY (PDO),3,08/11/2018 03:00:00 PM +0000,SAT,M - MALE,1 - NO INJURY / NONE REPORTED,8A7FD9FC-1722-475B-98E4-CDD9F290B3B4,1 - DAYLIGHT,185011178,5 - BACKING,01 - DRY,1 - STRAIGHT LEVEL,"2 - BLACKTOP, BITUMINOUS, ASPHALT",WESTWOOD,D - DRIVER,1 - CLEAR,45211
9XX E MCMILLAN ST,39.126526,-84.488865,31-40,WALNUT HILLS,WALNUT HILLS,08/25/2018 11:22:00 PM +0000,02 - FOUR-WAY INTERSECTION,2 - INJURY,2,08/25/2018 11:22:00 PM +0000,SAT,M - MALE,2 - POSSIBLE,79BF9EA0-2E33-4B6C-83D0-F99FC88234E9,4 - DARK - LIGHTED ROADWAY,185011905,6 - ANGLE,01 - DRY,1 - STRAIGHT LEVEL,"2 - BLACKTOP, BITUMINOUS, ASPHALT",WALNUT HILLS,D - DRIVER,1 - CLEAR,45206
S I75 AT 1-2 MM,39.105185,-84.528833,41-50,QUEENSGATE,QUEENSGATE,08/09/2018 08:34:00 PM +0000,01 - NOT AN INTERSECTION,2 - INJURY,2,08/09/2018 08:35:00 PM +0000,THU,M - MALE,3 - NON-INCAPACITATING,B7168820-C886-4006-8861-3988CC9F3961,3 - DUSK,185011079,1 - NOT COLLISION BETWEEN TWO MOTOR VEHICLES IN TRANSPORT,01 - DRY,1 - STRAIGHT LEVEL,1 - CONCRETE,QUEENSGATE,O - OCCUPANT,1 - CLEAR,
49XX OBERLIN AV,39.177391,-84.473031,51-60,BOND HILL,BONDHILL,08/03/2018 11:58:00 AM +0000,02 - FOUR-WAY INTERSECTION,3 - PROPERTY DAMAGE ONLY (PDO),3,08/03/2018 12:00:00 PM +0000,FRI,F - FEMALE,1 - NO INJURY / NONE REPORTED,DD5DC3AA-A16D-4B0A-B3BC-6D2615FC2527,1 - DAYLIGHT,185010749,6 - ANGLE,01 - DRY,1 - STRAIGHT LEVEL,"2 - BLACKTOP, BITUMINOUS, ASPHALT",BOND HILL,D - DRIVER,1 - CLEAR,45237
34XX VINE ST,39.144068,84.509603,51-60,N/A,N/A,08/11/2018 02:30:00 PM +0000,01 - NOT AN INTERSECTION,3 - PROPERTY DAMAGE ONLY (PDO),3,08/11/2018 02:33:00 PM +0000,SAT,M - MALE,1 - NO INJURY / NONE REPORTED,680398D9-5E35-408F-9AE2-B3BE2A7D6275,1 - DAYLIGHT,185011169,2 - REAR-END,02 - WET,2 - STRAIGHT GRADE,"2 - BLACKTOP, BITUMINOUS, ASPHALT",N/A,D - DRIVER,2 - CLOUDY,45220
19XX W NORTH BEND RD,39.204406,-84.558457,51-60,N/A,N/A,08/22/2018 10:40:00 PM +0000,01 - NOT AN INTERSECTION,3 - PROPERTY DAMAGE ONLY (PDO),3,08/23/2018 01:27:38 PM +0000,WED,F - FEMALE,1 - NO INJURY / NONE REPORTED,FDCEAB0F-347B-4FA8-970C-A88F4D592E68,4 - DARK - LIGHTED ROADWAY,185011776,5 - BACKING,01 - DRY,1 - STRAIGHT LEVEL,"2 - BLACKTOP, BITUMINOUS, ASPHALT",N/A,D - DRIVER,1 - CLEAR,45224
55XX ORLANDO PL,39.158429,84.397477,UNKNOWN,N/A,N/A,08/21/2018 07:50:00 AM +0000,03 - T-INTERSECTION,3 - PROPERTY DAMAGE ONLY (PDO),3,08/21/2018 07:55:00 AM +0000,TUE,,1 - NO INJURY / NONE REPORTED,5FD7DFD0-6A75-4B53-A4B1-900EC55041F1,1 - DAYLIGHT,185011695,6 - ANGLE,01 - DRY,1 - STRAIGHT LEVEL,"2 - BLACKTOP, BITUMINOUS, ASPHALT",N/A,D - DRIVER,1 - CLEAR,45227
5XX TRENTON AV,39.099873,84.592973,31-40,N/A,N/A,08/13/2018 07:13:00 AM +0000,10 - DRIVEWAY/ALLEY ACCESS,3 - PROPERTY DAMAGE ONLY (PDO),3,08/13/2018 07:13:00 AM +0000,MON,M - MALE,1 - NO INJURY / NONE REPORTED,04B0CF8C-5827-4DD8-AE20-41FB5A71D3BF,1 - DAYLIGHT,185011239,1 - NOT COLLISION BETWEEN TWO MOTOR VEHICLES IN TRANSPORT,01 - DRY,2 - STRAIGHT GRADE,"2 - BLACKTOP, BITUMINOUS, ASPHALT",N/A,D - DRIVER,1 - CLEAR,45238
S I75 AT 1-6 MM,39.109206,84.531206,51-60,N/A,N/A,08/23/2018 10:45:00 AM +0000,01 - NOT AN INTERSECTION,3 - PROPERTY DAMAGE ONLY (PDO),3,08/23/2018 10:50:00 AM +0000,THU,M - MALE,1 - NO INJURY / NONE REPORTED,85D9BA35-A6AC-4D71-A370-A9A1C45BCD82,1 - DAYLIGHT,185011769,6 - ANGLE,01 - DRY,2 - STRAIGHT GRADE,"2 - BLACKTOP, BITUMINOUS, ASPHALT",N/A,D - DRIVER,1 - CLEAR,45214
10XX MCPHERSON AV,39.111123,84.570891,61-70,N/A,N/A,08/06/2018 01:40:00 PM +0000,01 - NOT AN INTERSECTION,3 - PROPERTY DAMAGE ONLY (PDO),3,08/06/2018 01:44:00 PM +0000,MON,M - MALE,1 - NO INJURY / NONE REPORTED,0620E484-5BA8-4EDA-B0B4-83190FC31B33,1 - DAYLIGHT,185010878,5 - BACKING,01 - DRY,2 - STRAIGHT GRADE,"2 - BLACKTOP, BITUMINOUS, ASPHALT",N/A,D - DRIVER,2 - CLOUDY,45205
15XX HOPPLE ST,39.137473,-84.547551,18-25,NORTH FAIRMOUNT,MILLVALE,08/17/2018 07:25:00 AM +0000,01 - NOT AN INTERSECTION,2 - INJURY,2,08/17/2018 07:30:00 AM +0000,FRI,M - MALE,2 - POSSIBLE,8A8E3360-F539-43E0-9ECB-5DC6A4B9409C,1 - DAYLIGHT,185011473,2 - REAR-END,02 - WET,1 - STRAIGHT LEVEL,"2 - BLACKTOP, BITUMINOUS, ASPHALT",SOUTH CUMMINSVILLE,D - DRIVER,2 - CLOUDY,45225
2XX W MCMILLAN ST,39.127993,-84.521678,18-25,CUF - HEIGHTS,FAIRVIEW,08/04/2018 03:15:00 PM +0000,01 - NOT AN INTERSECTION,3 - PROPERTY DAMAGE ONLY (PDO),3,08/04/2018 08:08:27 PM +0000,SAT,M - MALE,1 - NO INJURY / NONE REPORTED,F4049598-5A31-40E7-AEFA-52C74EBBD13F,1 - DAYLIGHT,185010831,1 - NOT COLLISION BETWEEN TWO MOTOR VEHICLES IN TRANSPORT,01 - DRY,1 - STRAIGHT LEVEL,"2 - BLACKTOP, BITUMINOUS, ASPHALT",CUF,D - DRIVER,1 - CLEAR,45219
39XX GLENWAY AV,39.114896,84.577673,26-30,N/A,N/A,08/21/2018 02:37:00 PM +0000,02 - FOUR-WAY INTERSECTION,3 - PROPERTY DAMAGE ONLY (PDO),3,08/21/2018 02:37:00 PM +0000,TUE,M - MALE,1 - NO INJURY / NONE REPORTED,D76F856E-539A-4180-8FB4-0E4C0EDB9CEF,1 - DAYLIGHT,185011686,6 - ANGLE,01 - DRY,1 - STRAIGHT LEVEL,"2 - BLACKTOP, BITUMINOUS, ASPHALT",N/A,D - DRIVER,1 - CLEAR,45205
9XX ELBERON AV,39.106975,84.565476,UNKNOWN,N/A,N/A,08/22/2018 06:42:00 AM +0000,01 - NOT AN INTERSECTION,3 - PROPERTY DAMAGE ONLY (PDO),3,08/22/2018 06:42:00 AM +0000,WED,,1 - NO INJURY / NONE REPORTED,E4B76B8A-3BC7-4316-A728-733C0F1015F5,5 - DARK – ROADWAY NOT LIGHTED,185011714,1 - NOT COLLISION BETWEEN TWO MOTOR VEHICLES IN TRANSPORT,01 - DRY,2 - STRAIGHT GRADE,1 - CONCRETE,N/A,D - DRIVER,1 - CLEAR,45205
5XX VINE ST,39.102042,84.513109,31-40,N/A,N/A,08/12/2018 09:10:00 AM +0000,01 - NOT AN INTERSECTION,3 - PROPERTY DAMAGE ONLY (PDO),3,08/12/2018 09:10:00 AM +0000,SUN,M - MALE,1 - NO INJURY / NONE REPORTED,F996B7CB-E986-4CB5-BF7A-AC8EEF5FAB0F,1 - DAYLIGHT,185011204,2 - REAR-END,01 - DRY,1 - STRAIGHT LEVEL,"2 - BLACKTOP, BITUMINOUS, ASPHALT",N/A,D - DRIVER,1 - CLEAR,45202
30XX MAPLELEAF AV,39.174901,-84.432568,OVER 70,PLEASANT RIDGE,PLEASANT RIDGE,08/11/2018 10:35:00 AM +0000,02 - FOUR-WAY INTERSECTION,3 - PROPERTY DAMAGE ONLY (PDO),3,08/11/2018 10:40:00 AM +0000,SAT,M - MALE,1 - NO INJURY / NONE REPORTED,EE11E57B-3FF8-4BDB-9678-DF675F6E5D15,1 - DAYLIGHT,185011162,6 - ANGLE,01 - DRY,2 - STRAIGHT GRADE,"2 - BLACKTOP, BITUMINOUS, ASPHALT",PLEASANT RIDGE,D - DRIVER,1 - CLEAR,45213
47XX READING RD,39.170475,-84.469601,41-50,BOND HILL,BONDHILL,08/04/2018 12:10:00 AM +0000,01 - NOT AN INTERSECTION,3 - PROPERTY DAMAGE ONLY (PDO),3,08/04/2018 12:13:00 AM +0000,SAT,F - FEMALE,1 - NO INJURY / NONE REPORTED,869AA3EF-E92A-4CE5-822A-41923D434585,4 - DARK - LIGHTED ROADWAY,185010791,"7 - SIDESWIPE, SAME DIRECTION",01 - DRY,2 - STRAIGHT GRADE,"2 - BLACKTOP, BITUMINOUS, ASPHALT",BOND HILL,D - DRIVER,1 - CLEAR,45237
41XX VIRGINIA AV,39.16527,-84.55249,31-40,NORTHSIDE,NORTHSIDE,08/25/2018 04:30:00 PM +0000,01 - NOT AN INTERSECTION,2 - INJURY,2,08/25/2018 04:45:00 PM +0000,SAT,F - FEMALE,1 - NO INJURY / NONE REPORTED,46AA59A8-0535-4BC4-9864-1F080E88E5EF,1 - DAYLIGHT,185011887,2 - REAR-END,01 - DRY,1 - STRAIGHT LEVEL,"2 - BLACKTOP, BITUMINOUS, ASPHALT",NORTHSIDE,D - DRIVER,1 - CLEAR,45223
12XX HOPPLE ST,39.138061,84.536851,26-30,N/A,N/A,08/04/2018 01:20:00 PM +0000,03 - T-INTERSECTION,3 - PROPERTY DAMAGE ONLY (PDO),3,08/04/2018 01:20:00 PM +0000,SAT,F - FEMALE,1 - NO INJURY / NONE REPORTED,0C418E46-E862-4931-B73B-49CB9F49C4E5,1 - DAYLIGHT,185010809,2 - REAR-END,01 - DRY,1 - STRAIGHT LEVEL,"2 - BLACKTOP, BITUMINOUS, ASPHALT",N/A,D - DRIVER,1 - CLEAR,45225
84XX ANTHONY WAYNE AV,39.21559,84.46195,41-50,N/A,N/A,08/27/2018 05:35:00 AM +0000,01 - NOT AN INTERSECTION,3 - PROPERTY DAMAGE ONLY (PDO),3,08/27/2018 06:00:00 AM +0000,MON,M - MALE,1 - NO INJURY / NONE REPORTED,BFF287D7-7A73-4905-AED7-91ACDBBBDCEE,4 - DARK - LIGHTED ROADWAY,185011938,"7 - SIDESWIPE, SAME DIRECTION",01 - DRY,1 - STRAIGHT LEVEL,"2 - BLACKTOP, BITUMINOUS, ASPHALT",N/A,D - DRIVER,1 - CLEAR,45216
5XX EDEN PARK DR,39.118985,84.500708,61-70,N/A,N/A,08/03/2018 10:23:00 PM +0000,02 - FOUR-WAY INTERSECTION,2 - INJURY,2,08/03/2018 10:23:00 PM +0000,FRI,F - FEMALE,3 - NON-INCAPACITATING,BD755616-B48E-4B01-9DB8-0BD104B5DDE2,4 - DARK - LIGHTED ROADWAY,185010788,6 - ANGLE,01 - DRY,1 - STRAIGHT LEVEL,"2 - BLACKTOP, BITUMINOUS, ASPHALT",N/A,O - OCCUPANT,1 - CLEAR,45206
17XX HARRISON AV,39.126666,84.557556,41-50,N/A,N/A,08/04/2018 03:05:00 PM +0000,01 - NOT AN INTERSECTION,2 - INJURY,2,08/04/2018 03:07:00 PM +0000,SAT,M - MALE,4 - INCAPACITATING,96C0FED5-01EB-43C4-B6B6-31002C331058,1 - DAYLIGHT,185010821,3 - HEAD-ON,01 - DRY,4 - CURVE GRADE,"2 - BLACKTOP, BITUMINOUS, ASPHALT",N/A,O - OCCUPANT,1 - CLEAR,45214
20XX DANA AV,39.145243,-84.462383,61-70,EVANSTON,EVANSTON,08/03/2018 06:35:00 PM +0000,01 - NOT AN INTERSECTION,3 - PROPERTY DAMAGE ONLY (PDO),3,08/03/2018 06:40:00 PM +0000,FRI,M - MALE,1 - NO INJURY / NONE REPORTED,F417D96D-9E4C-4878-800F-C7D7293F85FD,1 - DAYLIGHT,185010781,5 - BACKING,01 - DRY,1 - STRAIGHT LEVEL,"2 - BLACKTOP, BITUMINOUS, ASPHALT",EVANSTON,D - DRIVER,1 - CLEAR,45207
2XX E LIBERTY ST,39.112222,84.513133,51-60,N/A,N/A,08/17/2018 06:48:00 AM +0000,01 - NOT AN INTERSECTION,3 - PROPERTY DAMAGE ONLY (PDO),3,08/17/2018 06:49:00 AM +0000,FRI,M - MALE,1 - NO INJURY / NONE REPORTED,C5B63D4A-FE83-4420-B075-284CC7868392,2 - DAWN,185011472,1 - NOT COLLISION BETWEEN TWO MOTOR VEHICLES IN TRANSPORT,02 - WET,1 - STRAIGHT LEVEL,"2 - BLACKTOP, BITUMINOUS, ASPHALT",N/A,D - DRIVER,2 - CLOUDY,45202
XX W MCMILLAN ST,39.127273,-84.513871,41-50,CUF - HEIGHTS,FAIRVIEW,08/25/2018 08:35:00 PM +0000,03 - T-INTERSECTION,3 - PROPERTY DAMAGE ONLY (PDO),3,08/25/2018 08:42:00 PM +0000,SAT,M - MALE,1 - NO INJURY / NONE REPORTED,961B970B-1E91-444F-A861-9260E748E4C9,3 - DUSK,185011899,6 - ANGLE,01 - DRY,1 - STRAIGHT LEVEL,"2 - BLACKTOP, BITUMINOUS, ASPHALT",CUF,D - DRIVER,1 - CLEAR,45219
0.X W NORWOOD LATERAL,39.174563,-84.483709,31-40,BOND HILL,BONDHILL,08/23/2018 02:30:00 PM +0000,01 - NOT AN INTERSECTION,3 - PROPERTY DAMAGE ONLY (PDO),3,08/23/2018 02:32:00 PM +0000,THU,M - MALE,1 - NO INJURY / NONE REPORTED,F6B76186-FF03-444C-81DA-12768A64A863,1 - DAYLIGHT,185011784,2 - REAR-END,01 - DRY,1 - STRAIGHT LEVEL,"2 - BLACKTOP, BITUMINOUS, ASPHALT",BOND HILL,D - DRIVER,1 - CLEAR,45237
1XX E CENTRAL PY,39.105867,84.517122,18-25,N/A,N/A,08/25/2018 07:37:00 PM +0000,02 - FOUR-WAY INTERSECTION,3 - PROPERTY DAMAGE ONLY (PDO),3,08/25/2018 07:39:00 PM +0000,SAT,M - MALE,1 - NO INJURY / NONE REPORTED,4B5A3D1F-B5F9-4881-AA84-6FD33EB95908,1 - DAYLIGHT,185011902,"7 - SIDESWIPE, SAME DIRECTION",01 - DRY,1 - STRAIGHT LEVEL,1 - CONCRETE,N/A,D - DRIVER,2 - CLOUDY,45202
30XX JEFFERSONAV,39.136006,-84.510017,41-50,CORRYVILLE - HEIGHTS,CLIFTON/UNIVERSITY HEIGHTS,08/03/2018 11:44:00 AM +0000,02 - FOUR-WAY INTERSECTION,3 - PROPERTY DAMAGE ONLY (PDO),3,08/03/2018 11:46:00 AM +0000,FRI,F - FEMALE,1 - NO INJURY / NONE REPORTED,8E914F84-4BB5-41C9-B98E-B7B16F2727B8,1 - DAYLIGHT,185010753,"7 - SIDESWIPE, SAME DIRECTION",01 - DRY,2 - STRAIGHT GRADE,"2 - BLACKTOP, BITUMINOUS, ASPHALT",CUF,D - DRIVER,2 - CLOUDY,45219
1XX FAIRBANKS AV,39.088744,84.569268,18-25,N/A,N/A,08/07/2018 07:40:00 AM +0000,01 - NOT AN INTERSECTION,2 - INJURY,2,08/07/2018 07:42:00 AM +0000,TUE,F - FEMALE,2 - POSSIBLE,C98D50FE-F1CC-4444-98BF-6545053B7311,1 - DAYLIGHT,185010928,2 - REAR-END,02 - WET,1 - STRAIGHT LEVEL,"2 - BLACKTOP, BITUMINOUS, ASPHALT",N/A,D - DRIVER,4 - RAIN,45204
N I71 AT 0-6 MM,39.098045,-84.514185,26-30,DOWNTOWN,C. B. D. / RIVERFRONT,08/09/2018 05:20:00 PM +0000,01 - NOT AN INTERSECTION,2 - INJURY,2,08/09/2018 05:20:00 PM +0000,THU,F - FEMALE,2 - POSSIBLE,B5C21297-A549-4D54-A106-86B3F39ABF8A,1 - DAYLIGHT,185011067,2 - REAR-END,01 - DRY,1 - STRAIGHT LEVEL,"2 - BLACKTOP, BITUMINOUS, ASPHALT",DOWNTOWN,D - DRIVER,1 - CLEAR,45202
E I74 AT 19-0 MM,39.151511,84.541752,31-40,N/A,N/A,08/15/2018 08:45:00 AM +0000,01 - NOT AN INTERSECTION,3 - PROPERTY DAMAGE ONLY (PDO),3,08/15/2018 08:47:00 AM +0000,WED,M - MALE,1 - NO INJURY / NONE REPORTED,86CFE51C-CB83-4E2D-94F8-0372D18B3531,1 - DAYLIGHT,185011348,2 - REAR-END,01 - DRY,1 - STRAIGHT LEVEL,1 - CONCRETE,N/A,D - DRIVER,2 - CLOUDY,45223
S I75 AT 9.5,39.197386,84.472091,18-25,N/A,N/A,08/23/2018 08:19:00 AM +0000,01 - NOT AN INTERSECTION,3 - PROPERTY DAMAGE ONLY (PDO),3,08/23/2018 08:20:00 AM +0000,THU,F - FEMALE,1 - NO INJURY / NONE REPORTED,D0D2BC40-8AAA-4E98-AD86-645CA218922B,1 - DAYLIGHT,185011764,2 - REAR-END,01 - DRY,1 - STRAIGHT LEVEL,1 - CONCRETE,N/A,D - DRIVER,1 - CLEAR,45216
6XX LINCOLN AV,39.133645,-84.493822,26-30,WALNUT HILLS,WALNUT HILLS,08/28/2018 07:35:00 PM +0000,01 - NOT AN INTERSECTION,3 - PROPERTY DAMAGE ONLY (PDO),3,08/28/2018 07:38:00 PM +0000,TUE,M - MALE,1 - NO INJURY / NONE REPORTED,C17094A9-BF01-4FA2-BD48-F9C074092858,3 - DUSK,185012030,6 - ANGLE,01 - DRY,1 - STRAIGHT LEVEL,"2 - BLACKTOP, BITUMINOUS, ASPHALT",WALNUT HILLS,D - DRIVER,1 - CLEAR,45206
52XX DUCK CREEK RD,39.164373,84.403962,51-60,N/A,N/A,08/27/2018 03:24:00 PM +0000,02 - FOUR-WAY INTERSECTION,3 - PROPERTY DAMAGE ONLY (PDO),3,08/27/2018 03:25:00 PM +0000,MON,M - MALE,1 - NO INJURY / NONE REPORTED,AD7F3B6F-7002-4959-AD26-FAE23BD2CCD8,1 - DAYLIGHT,185011962,2 - REAR-END,01 - DRY,1 - STRAIGHT LEVEL,"2 - BLACKTOP, BITUMINOUS, ASPHALT",N/A,D - DRIVER,1 - CLEAR,45227
6XX SYCAMORE ST,39.103272,84.507861,61-70,N/A,N/A,08/18/2018 10:33:00 PM +0000,02 - FOUR-WAY INTERSECTION,2 - INJURY,2,08/18/2018 10:33:00 PM +0000,SAT,M - MALE,1 - NO INJURY / NONE REPORTED,E056E0CA-D348-4875-8798-A92F4DE4A0AE,4 - DARK - LIGHTED ROADWAY,185011569,6 - ANGLE,01 - DRY,1 - STRAIGHT LEVEL,1 - CONCRETE,N/A,D - DRIVER,1 - CLEAR,45202