ADDRESS_X,LATITUDE_X,LONGITUDE_X,AGE,COMMUNITY_COUNCIL_NEIGHBORHOOD,CPD_NEIGHBORHOOD,CRASHDATE,CRASHLOCATION,CRASHSEVERITY,CRASHSEVERITYID,DATECRASHREPORTED,DAYOFWEEK,GENDER,INJURIES,INSTANCEID,LIGHTCONDITIONSPRIMARY,LOCALREPORTNO,MANNEROFCRASH,ROADCONDITIONSPRIMARY,ROADCONTOUR,ROADSURFACE,SNA_NEIGHBORHOOD,TYPEOFPERSON,WEATHER,ZIP
46XX LINDA DR,39.113843,-84.592823,UNKNOWN,WEST PRICE HILL,WEST PRICE HILL,08/19/2018 06:50:00 PM +0000,01 - NOT AN INTERSECTION,3 - PROPERTY DAMAGE ONLY (PDO),3,08/19/2018 06:51:00 PM +0000,SUN,,1 - NO INJURY / NONE REPORTED,B4CC90C2-5FFB-4E2A-9C92-0B6153A85994,1 - DAYLIGHT,185011600,6 - ANGLE,01 - DRY,2 - STRAIGHT GRADE,"2 - BLACKTOP, BITUMINOUS, ASPHALT",WEST PRICE HILL,D - DRIVER,1 - CLEAR,45238
21XX READING RD,39.333389,84.34975,51-60,N/A,N/A,08/16/2018 04:36:00 PM +0000,01 - NOT AN INTERSECTION,3 - PROPERTY DAMAGE ONLY (PDO),3,08/16/2018 04:36:00 PM +0000,THU,F - FEMALE,1 - NO INJURY / NONE REPORTED,819D1E47-8CDB-437B-93F4-4FF8571F977C,1 - DAYLIGHT,185011437,4 - REAR-TO-REAR,02 - WET,4 - CURVE GRADE,"2 - BLACKTOP, BITUMINOUS, ASPHALT",N/A,D - DRIVER,2 - CLOUDY,45206
N I75 AT 0-3 MM,39.092569,-84.522876,41-50,DOWNTOWN,QUEENSGATE,08/20/2018 09:21:00 PM +0000,01 - NOT AN INTERSECTION,3 - PROPERTY DAMAGE ONLY (PDO),3,08/20/2018 09:30:00 PM +0000,MON,M - MALE,1 - NO INJURY / NONE REPORTED,058DFF88-B8A2-43C1-821B-ADA40360AE6B,4 - DARK - LIGHTED ROADWAY,185011659,2 - REAR-END,02 - WET,1 - STRAIGHT LEVEL,1 - CONCRETE,DOWNTOWN,D - DRIVER,4 - RAIN,45202
23XX COPELEN ST,39.124653,-84.491078,51-60,WALNUT HILLS,WALNUT HILLS,08/06/2018 09:28:00 AM +0000,01 - NOT AN INTERSECTION,2 - INJURY,2,08/06/2018 09:28:00 AM +0000,MON,M - MALE,2 - POSSIBLE,B715FA2B-071E-46CA-8DAA-001E0D1BB688,1 - DAYLIGHT,185010873,1 - NOT COLLISION BETWEEN TWO MOTOR VEHICLES IN TRANSPORT,01 - DRY,4 - CURVE GRADE,1 - CONCRETE,WALNUT HILLS,P - PEDESTRIAN,1 - CLEAR,45206
66XX KENNEDY AV,39.187815,84.414028,31-40,N/A,N/A,08/20/2018 03:25:00 PM +0000,01 - NOT AN INTERSECTION,3 - PROPERTY DAMAGE ONLY (PDO),3,08/20/2018 03:27:00 PM +0000,MON,F - FEMALE,1 - NO INJURY / NONE REPORTED,EC55C690-EA43-48F2-B136-A46748482D5C,1 - DAYLIGHT,185011633,6 - ANGLE,02 - WET,1 - STRAIGHT LEVEL,"2 - BLACKTOP, BITUMINOUS, ASPHALT",N/A,D - DRIVER,4 - RAIN,45213
21XX W NORTH BEND RD,39.202089,-84.561902,26-30,COLLEGE HILL,COLLEGE  HILL,08/17/2018 03:30:00 PM +0000,01 - NOT AN INTERSECTION,3 - PROPERTY DAMAGE ONLY (PDO),3,08/17/2018 03:38:00 PM +0000,FRI,F - FEMALE,1 - NO INJURY / NONE REPORTED,E5D33EB7-79C2-41BB-A76D-F8AF963D7149,1 - DAYLIGHT,185011494,"7 - SIDESWIPE, SAME DIRECTION",01 - DRY,1 - STRAIGHT LEVEL,"2 - BLACKTOP, BITUMINOUS, ASPHALT",COLLEGE HILL,D - DRIVER,2 - CLOUDY,45224
27XX HARRISON AV,39.142331,-84.590958,31-40,WESTWOOD,WESTWOOD,08/14/2018 08:32:00 PM +0000,01 - NOT AN INTERSECTION,2 - INJURY,2,08/14/2018 08:32:00 PM +0000,TUE,F - FEMALE,3 - NON-INCAPACITATING,66A9B713-FA68-40D5-AAEC-7C157F8FCDA2,3 - DUSK,185011321,2 - REAR-END,01 - DRY,1 - STRAIGHT LEVEL,"2 - BLACKTOP, BITUMINOUS, ASPHALT",WESTWOOD,O - OCCUPANT,1 - CLEAR,45211
2XX W CENTRAL PY,39.105853,84.519093,18-25,N/A,N/A,08/11/2018 02:30:00 AM +0000,04 - Y-INTERSECTION,2 - INJURY,2,08/11/2018 02:39:00 AM +0000,SAT,F - FEMALE,2 - POSSIBLE,2157F412-110E-480F-B671-F4C0D06E1A08,4 - DARK - LIGHTED ROADWAY,185011148,6 - ANGLE,01 - DRY,3 - CURVE LEVEL,"2 - BLACKTOP, BITUMINOUS, ASPHALT",N/A,D - DRIVER,1 - CLEAR,45202
63XX HILLSIDE AV,-0.00045,0.00048,18-25,N/A,N/A,08/27/2018 09:50:00 PM +0000,01 - NOT AN INTERSECTION,3 - PROPERTY DAMAGE ONLY (PDO),3,08/27/2018 09:58:00 PM +0000,MON,F - FEMALE,1 - NO INJURY / NONE REPORTED,884FEC7A-0C8C-4C3C-A9DE-033552DBB933,4 - DARK - LIGHTED ROADWAY,185011983,"7 - SIDESWIPE, SAME DIRECTION",01 - DRY,2 - STRAIGHT GRADE,"2 - BLACKTOP, BITUMINOUS, ASPHALT",N/A,O - OCCUPANT,1 - CLEAR,45233
49XX PADDOCK RD,39.177292,-84.477761,31-40,BOND HILL,BONDHILL,08/23/2018 05:40:00 PM +0000,01 - NOT AN INTERSECTION,3 - PROPERTY DAMAGE ONLY (PDO),3,08/23/2018 07:00:00 PM +0000,THU,F - FEMALE,1 - NO INJURY / NONE REPORTED,B27E2777-C671-43CC-BC12-02F8FCCD2CB5,1 - DAYLIGHT,185011801,"7 - SIDESWIPE, SAME DIRECTION",01 - DRY,1 - STRAIGHT LEVEL,"2 - BLACKTOP, BITUMINOUS, ASPHALT",BOND HILL,D - DRIVER,1 - CLEAR,45237
44XX COLERAIN AV,39.164638,84.552038,31-40,N/A,N/A,08/23/2018 04:05:00 PM +0000,02 - FOUR-WAY INTERSECTION,3 - PROPERTY DAMAGE ONLY (PDO),3,08/23/2018 04:10:00 PM +0000,THU,F - FEMALE,1 - NO INJURY / NONE REPORTED,96943477-00C8-4A70-970B-3F738F74D057,1 - DAYLIGHT,185011810,6 - ANGLE,01 - DRY,1 - STRAIGHT LEVEL,"2 - BLACKTOP, BITUMINOUS, ASPHALT",N/A,D - DRIVER,1 - CLEAR,45223
27XX MONTANA AV,39.150326,-84.588453,18-25,WESTWOOD,WESTWOOD,08/11/2018 02:25:00 PM +0000,02 - FOUR-WAY INTERSECTION,3 - PROPERTY DAMAGE ONLY (PDO),3,08/11/2018 02:25:00 PM +0000,SAT,M - MALE,1 - NO INJURY / NONE REPORTED,0C65921D-C62D-4C5A-ACC5-3CD504B8E787,1 - DAYLIGHT,185011173,6 - ANGLE,02 - WET,1 - STRAIGHT LEVEL,"2 - BLACKTOP, BITUMINOUS, ASPHALT",WESTWOOD,D - DRIVER,1 - CLEAR,45211
20XX HARRISON AV,39.133411,-84.567613,61-70,SOUTH FAIRMOUNT,SOUTH  FAIRMOUNT,08/11/2018 01:53:00 PM +0000,01 - NOT AN INTERSECTION,2 - INJURY,2,08/11/2018 03:48:06 PM +0000,SAT,M - MALE,3 - NON-INCAPACITATING,7F819459-2E83-4050-8444-C18476FC1298,1 - DAYLIGHT,185011174,2 - REAR-END,02 - WET,2 - STRAIGHT GRADE,"2 - BLACKTOP, BITUMINOUS, ASPHALT",NORTH FAIRMOUNT,D - DRIVER,4 - RAIN,45214
12XX WESTERN HILLS VI,39.107897,-84.532838,51-60,QUEENSGATE,QUEENSGATE,08/16/2018 07:00:49 AM +0000,01 - NOT AN INTERSECTION,3 - PROPERTY DAMAGE ONLY (PDO),3,08/16/2018 07:43:15 AM +0000,THU,F - FEMALE,1 - NO INJURY / NONE REPORTED,579C43C1-EA98-4D62-B4C3-3B0CBFFBA377,1 - DAYLIGHT,185011391,"7 - SIDESWIPE, SAME DIRECTION",02 - WET,1 - STRAIGHT LEVEL,"2 - BLACKTOP, BITUMINOUS, ASPHALT",QUEENSGATE,D - DRIVER,4 - RAIN,45214
5XX EDEN PARK DR,39.118795,84.499428,18-25,N/A,N/A,08/03/2018 10:23:00 PM +0000,02 - FOUR-WAY INTERSECTION,2 - INJURY,2,08/03/2018 10:23:00 PM +0000,FRI,F - FEMALE,2 - POSSIBLE,BD755616-B48E-4B01-9DB8-0BD104B5DDE2,4 - DARK - LIGHTED ROADWAY,185010788,6 - ANGLE,01 - DRY,1 - STRAIGHT LEVEL,"2 - BLACKTOP, BITUMINOUS, ASPHALT",N/A,D - DRIVER,1 - CLEAR,45206
XX W CENTRAL PY,39.107871,84.516367,31-40,N/A,N/A,08/08/2018 04:40:00 AM +0000,01 - NOT AN INTERSECTION,3 - PROPERTY DAMAGE ONLY (PDO),3,08/08/2018 04:40:00 AM +0000,WED,M - MALE,1 - NO INJURY / NONE REPORTED,9732AE54-D7B1-47CA-BBCB-9F9673BD107D,4 - DARK - LIGHTED ROADWAY,185010988,1 - NOT COLLISION BETWEEN TWO MOTOR VEHICLES IN TRANSPORT,02 - WET,1 - STRAIGHT LEVEL,"2 - BLACKTOP, BITUMINOUS, ASPHALT",N/A,D - DRIVER,4 - RAIN,45202
W I74 AT 17-6 MM,39.157753,84.565091,26-30,N/A,N/A,08/08/2018 05:08:00 PM +0000,08 - OFF RAMP,2 - INJURY,2,08/08/2018 05:09:00 PM +0000,WED,F - FEMALE,2 - POSSIBLE,3B2F36BF-4370-4677-AFC0-973D39F075D2,1 - DAYLIGHT,185011022,"7 - SIDESWIPE, SAME DIRECTION",01 - DRY,4 - CURVE GRADE,"2 - BLACKTOP, BITUMINOUS, ASPHALT",N/A,D - DRIVER,1 - CLEAR,45211
30XX BOUDINOT AV,39.139088,-84.604107,31-40,WESTWOOD,WESTWOOD,08/07/2018 06:47:00 AM +0000,02 - FOUR-WAY INTERSECTION,3 - PROPERTY DAMAGE ONLY (PDO),3,08/07/2018 06:49:00 AM +0000,TUE,M - MALE,1 - NO INJURY / NONE REPORTED,B5F05C98-F888-4C99-8FD9-5EB7ABD32F3F,2 - DAWN,185010924,2 - REAR-END,02 - WET,1 - STRAIGHT LEVEL,"2 - BLACKTOP, BITUMINOUS, ASPHALT",WESTWOOD,D - DRIVER,4 - RAIN,45211
47XX SIMPSON AV,39.155933,-84.388725,31-40,MADISONVILLE,MADISONVILLE,08/15/2018 02:45:00 PM +0000,01 - NOT AN INTERSECTION,2 - INJURY,2,08/15/2018 02:51:00 PM +0000,WED,M - MALE,3 - NON-INCAPACITATING,A88EEE78-EB07-4992-93D7-0B04E960F540,1 - DAYLIGHT,185011352,"7 - SIDESWIPE, SAME DIRECTION",01 - DRY,1 - STRAIGHT LEVEL,"2 - BLACKTOP, BITUMINOUS, ASPHALT",MADISONVILLE,D - DRIVER,2 - CLOUDY,45227
16XX WESTWOOD AV,39.124988,84.550296,41-50,N/A,N/A,08/28/2018 06:36:00 AM +0000,01 - NOT AN INTERSECTION,3 - PROPERTY DAMAGE ONLY (PDO),3,08/28/2018 06:36:00 AM +0000,TUE,F - FEMALE,1 - NO INJURY / NONE REPORTED,3E623F6F-8763-4D34-92D9-D48905E76073,1 - DAYLIGHT,185011991,"7 - SIDESWIPE, SAME DIRECTION",01 - DRY,1 - STRAIGHT LEVEL,"2 - BLACKTOP, BITUMINOUS, ASPHALT",N/A,D - DRIVER,1 - CLEAR,45214
26XX STANTON AV,39.128418,-84.492515,51-60,WALNUT HILLS,WALNUT HILLS,08/28/2018 06:08:00 AM +0000,02 - FOUR-WAY INTERSECTION,2 - INJURY,2,08/28/2018 06:10:00 AM +0000,TUE,M - MALE,1 - NO INJURY / NONE REPORTED,AA4EB34F-01B0-47CB-97AA-915ED5DCCDAD,4 - DARK - LIGHTED ROADWAY,185011990,6 - ANGLE,01 - DRY,1 - STRAIGHT LEVEL,"2 - BLACKTOP, BITUMINOUS, ASPHALT",WALNUT HILLS,D - DRIVER,1 - CLEAR,45206
8XX OAK ST,39.130261,84.48985,61-70,N/A,N/A,08/27/2018 01:54:00 PM +0000,02 - FOUR-WAY INTERSECTION,3 - PROPERTY DAMAGE ONLY (PDO),3,08/27/2018 01:56:00 PM +0000,MON,F - FEMALE,1 - NO INJURY / NONE REPORTED,5EF08FC3-4E71-4875-BB03-1747D2435820,1 - DAYLIGHT,185011958,6 - ANGLE,01 - DRY,1 - STRAIGHT LEVEL,"2 - BLACKTOP, BITUMINOUS, ASPHALT",N/A,D - DRIVER,1 - CLEAR,45206
6XX LUDLOW AV,39.145605,-84.527614,18-25,CLIFTON,CLIFTON,08/13/2018 04:55:00 PM +0000,01 - NOT AN INTERSECTION,3 - PROPERTY DAMAGE ONLY (PDO),3,08/13/2018 05:22:00 PM +0000,MON,F - FEMALE,1 - NO INJURY / NONE REPORTED,0883C376-1B1D-4AB9-A3B3-D86805A5E57A,1 - DAYLIGHT,185011262,2 - REAR-END,01 - DRY,2 - STRAIGHT GRADE,"2 - BLACKTOP, BITUMINOUS, ASPHALT",CLIFTON,D - DRIVER,1 - CLEAR,45220
25XX CLIFTON AV,39.128121,-84.520188,18-25,CUF - HEIGHTS,FAIRVIEW,08/16/2018 09:27:52 PM +0000,03 - T-INTERSECTION,2 - INJURY,2,08/16/2018 09:52:09 PM +0000,THU,F - FEMALE,1 - NO INJURY / NONE REPORTED,774CFB46-0C75-4635-A4BB-3109A052DC09,4 - DARK - LIGHTED ROADWAY,185011453,1 - NOT COLLISION BETWEEN TWO MOTOR VEHICLES IN TRANSPORT,02 - WET,1 - STRAIGHT LEVEL,"2 - BLACKTOP, BITUMINOUS, ASPHALT",CUF,D - DRIVER,4 - RAIN,45219
25XX HIGHLAND AV,39.129176,-84.502911,26-30,MOUNT AUBURN,CORRYVILLE,08/24/2018 02:20:00 PM +0000,01 - NOT AN INTERSECTION,3 - PROPERTY DAMAGE ONLY (PDO),3,08/24/2018 02:20:00 PM +0000,FRI,F - FEMALE,1 - NO INJURY / NONE REPORTED,E8644CCE-A5FF-46A3-BC30-1C00C08E3769,1 - DAYLIGHT,185011838,"7 - SIDESWIPE, SAME DIRECTION",01 - DRY,2 - STRAIGHT GRADE,"2 - BLACKTOP, BITUMINOUS, ASPHALT",CORRYVILLE,D - DRIVER,1 - CLEAR,45219
49XX CLEVES WARSAW PI,39.118531,84.599982,41-50,N/A,N/A,08/19/2018 03:49:00 PM +0000,01 - NOT AN INTERSECTION,2 - INJURY,2,08/19/2018 03:49:00 PM +0000,SUN,F - FEMALE,3 - NON-INCAPACITATING,5D7DBC02-E95A-4977-86C0-CA714242CC6D,1 - DAYLIGHT,185011593,1 - NOT COLLISION BETWEEN TWO MOTOR VEHICLES IN TRANSPORT,01 - DRY,1 - STRAIGHT LEVEL,1 - CONCRETE,N/A,D - DRIVER,1 - CLEAR,45238
22XX READING ROAD,39.122391,84.502144,18-25,N/A,N/A,08/21/2018 02:43:00 PM +0000,02 - FOUR-WAY INTERSECTION,2 - INJURY,2,08/21/2018 02:43:00 PM +0000,TUE,M - MALE,1 - NO INJURY / NONE REPORTED,F9DEAE42-76EE-4D5E-B3BD-32B464B5465E,1 - DAYLIGHT,185011691,6 - ANGLE,01 - DRY,4 - CURVE GRADE,"2 - BLACKTOP, BITUMINOUS, ASPHALT",N/A,D - DRIVER,1 - CLEAR,45219
3XX WALNUT ST,39.098834,84.510945,31-40,N/A,N/A,08/22/2018 11:25:00 PM +0000,02 - FOUR-WAY INTERSECTION,3 - PROPERTY DAMAGE ONLY (PDO),3,08/22/2018 11:40:00 PM +0000,WED,F - FEMALE,1 - NO INJURY / NONE REPORTED,0AD2F702-1F08-4EFA-B4DA-2933191EA340,4 - DARK - LIGHTED ROADWAY,185011759,6 - ANGLE,01 - DRY,2 - STRAIGHT GRADE,1 - CONCRETE,N/A,D - DRIVER,1 - CLEAR,45202
23XX HARRISON AV,39.137898,84.577957,61-70,N/A,N/A,08/03/2018 01:39:00 AM +0000,01 - NOT AN INTERSECTION,1 - FATAL INJURY,1,08/03/2018 01:39:00 AM +0000,FRI,M - MALE,1 - NO INJURY / NONE REPORTED,70926BC8-49A9-45EE-8BF5-F99055ED08A5,4 - DARK - LIGHTED ROADWAY,185010736,1 - NOT COLLISION BETWEEN TWO MOTOR VEHICLES IN TRANSPORT,01 - DRY,2 - STRAIGHT GRADE,"2 - BLACKTOP, BITUMINOUS, ASPHALT",N/A,D - DRIVER,1 - CLEAR,45211
5XX PROSPECT PL,39.143928,-84.495805,UNKNOWN,AVONDALE,AVONDALE,08/18/2018 10:30:00 AM +0000,01 - NOT AN INTERSECTION,3 - PROPERTY DAMAGE ONLY (PDO),3,08/18/2018 12:30:00 PM +0000,SAT,,1 - NO INJURY / NONE REPORTED,2AD958DC-CB94-4DA0-876F-FDA03769F49E,1 - DAYLIGHT,185011543,9 - UNKNOWN,01 - DRY,2 - STRAIGHT GRADE,1 - CONCRETE,AVONDALE,D - DRIVER,1 - CLEAR,45229
6XX E LIBERTY ST,39.111281,-84.502938,51-60,PENDLETON,PENDLETON,08/25/2018 09:05:00 PM +0000,01 - NOT AN INTERSECTION,3 - PROPERTY DAMAGE ONLY (PDO),3,08/25/2018 09:07:00 PM +0000,SAT,M - MALE,1 - NO INJURY / NONE REPORTED,60C7179A-411B-466D-89D2-CA8870B11201,4 - DARK - LIGHTED ROADWAY,185011931,5 - BACKING,01 - DRY,2 - STRAIGHT GRADE,"2 - BLACKTOP, BITUMINOUS, ASPHALT",PENDLETON,D - DRIVER,2 - CLOUDY,45202
50XX PADDOCK RD,39.178251,-84.477471,26-30,BOND HILL,BONDHILL,08/20/2018 02:54:00 PM +0000,02 - FOUR-WAY INTERSECTION,2 - INJURY,2,08/20/2018 02:54:00 PM +0000,MON,F - FEMALE,2 - POSSIBLE,0C039326-CB68-4971-8E1F-503E795B2B95,1 - DAYLIGHT,185011631,1 - NOT COLLISION BETWEEN TWO MOTOR VEHICLES IN TRANSPORT,02 - WET,1 - STRAIGHT LEVEL,"2 - BLACKTOP, BITUMINOUS, ASPHALT",BOND HILL,D - DRIVER,4 - RAIN,45237
61XX GLENWAY AV,39.143921,-84.619458,31-40,WESTWOOD,WESTWOOD,08/11/2018 02:35:00 PM +0000,01 - NOT AN INTERSECTION,3 - PROPERTY DAMAGE ONLY (PDO),3,08/11/2018 03:00:00 PM +0000,SAT,F - FEMALE,1 - NO INJURY / NONE REPORTED,8A7FD9FC-1722-475B-98E4-CDD9F290B3B4,1 - DAYLIGHT,185011178,5 - BACKING,01 - DRY,1 - STRAIGHT LEVEL,"2 - BLACKTOP, BITUMINOUS, ASPHALT",WESTWOOD,D - DRIVER,1 - CLEAR,45211
19XX WILLIAM HOWARD TAFT RD,39.125866,84.463819,51-60,N/A,N/A,08/02/2018 04:58:00 PM +0000,02 - FOUR-WAY INTERSECTION,3 - PROPERTY DAMAGE ONLY (PDO),3,08/02/2018 04:58:00 PM +0000,THU,M - MALE,1 - NO INJURY / NONE REPORTED,64C793CB-858C-46C7-9A51-E5B8F1D16416,1 - DAYLIGHT,185010710,2 - REAR-END,01 - DRY,2 - STRAIGHT GRADE,1 - CONCRETE,N/A,D - DRIVER,1 - CLEAR,45206
57XX BELMONT AV,39.194027,84.551721,31-40,N/A,N/A,08/24/2018 10:00:00 AM +0000,01 - NOT AN INTERSECTION,3 - PROPERTY DAMAGE ONLY (PDO),3,08/24/2018 10:05:00 AM +0000,FRI,M - MALE,1 - NO INJURY / NONE REPORTED,802EC96B-5FF9-4B7C-A49B-D7314F4B33ED,1 - DAYLIGHT,185011822,"8 - SIDESWIPE, OPPOSITE DIRECTION",01 - DRY,1 - STRAIGHT LEVEL,"2 - BLACKTOP, BITUMINOUS, ASPHALT",N/A,D - DRIVER,1 - CLEAR,45224
9XX DALTON AV,39.104795,-84.537091,61-70,QUEENSGATE,QUEENSGATE,08/12/2018 03:31:00 AM +0000,02 - FOUR-WAY INTERSECTION,3 - PROPERTY DAMAGE ONLY (PDO),3,08/12/2018 03:31:00 AM +0000,SUN,F - FEMALE,1 - NO INJURY / NONE REPORTED,521EAD5E-CC92-49EA-91E2-58F240753607,4 - DARK - LIGHTED ROADWAY,185011203,"7 - SIDESWIPE, SAME DIRECTION",01 - DRY,1 - STRAIGHT LEVEL,1 - CONCRETE,QUEENSGATE,D - DRIVER,1 - CLEAR,45203
N I75 AT 3-5 MM,39.137108,84.534241,41-50,N/A,N/A,08/13/2018 04:25:00 PM +0000,01 - NOT AN INTERSECTION,3 - PROPERTY DAMAGE ONLY (PDO),3,08/13/2018 04:30:00 PM +0000,MON,F - FEMALE,1 - NO INJURY / NONE REPORTED,F95184D6-EDF0-40F4-93E9-C221B0F902F1,1 - DAYLIGHT,185011259,2 - REAR-END,01 - DRY,1 - STRAIGHT LEVEL,"2 - BLACKTOP, BITUMINOUS, ASPHALT",N/A,D - DRIVER,1 - CLEAR,45225
8XX SUIRE AV,39.108341,84.581905,18-25,N/A,N/A,08/03/2018 10:30:00 AM +0000,10 - DRIVEWAY/ALLEY ACCESS,3 - PROPERTY DAMAGE ONLY (PDO),3,08/03/2018 11:40:00 AM +0000,FRI,M - MALE,1 - NO INJURY / NONE REPORTED,DA0C8C33-827F-496C-9C04-EE4D7636167B,1 - DAYLIGHT,185010756,5 - BACKING,01 - DRY,1 - STRAIGHT LEVEL,"2 - BLACKTOP, BITUMINOUS, ASPHALT",N/A,D - DRIVER,1 - CLEAR,45205
N I75 AT 2-4 MM,39.126081,84.535492,31-40,N/A,N/A,08/10/2018 09:49:00 PM +0000,01 - NOT AN INTERSECTION,2 - INJURY,2,08/10/2018 09:59:00 PM +0000,FRI,M - MALE,3 - NON-INCAPACITATING,EB824827-484E-4E94-80B3-B3490C2E5860,4 - DARK - LIGHTED ROADWAY,185011139,2 - REAR-END,01 - DRY,1 - STRAIGHT LEVEL,1 - CONCRETE,N/A,D - DRIVER,1 - CLEAR,45202
21XX BOONE ST,39.120755,-84.496641,31-40,WALNUT HILLS,WALNUT HILLS,08/08/2018 04:40:00 PM +0000,01 - NOT AN INTERSECTION,3 - PROPERTY DAMAGE ONLY (PDO),3,08/08/2018 04:44:00 PM +0000,WED,F - FEMALE,1 - NO INJURY / NONE REPORTED,4C1F6591-A0CF-43DD-96E4-AD69E890D554,1 - DAYLIGHT,185011021,3 - HEAD-ON,01 - DRY,4 - CURVE GRADE,"2 - BLACKTOP, BITUMINOUS, ASPHALT",WALNUT HILLS,D - DRIVER,1 - CLEAR,45206
12XX LINN ST,39.107835,-84.528581,UNKNOWN,WEST END,WEST  END,08/12/2018 05:04:00 PM +0000,01 - NOT AN INTERSECTION,3 - PROPERTY DAMAGE ONLY (PDO),3,08/12/2018 05:04:00 PM +0000,SUN,,1 - NO INJURY / NONE REPORTED,C5DCF813-AF79-470A-B4C8-5ED3B2F38063,1 - DAYLIGHT,185011217,1 - NOT COLLISION BETWEEN TWO MOTOR VEHICLES IN TRANSPORT,01 - DRY,1 - STRAIGHT LEVEL,"2 - BLACKTOP, BITUMINOUS, ASPHALT",WEST END,D - DRIVER,1 - CLEAR,45203
34XX MADISON RD,39.157941,-84.424565,31-40,OAKLEY,OAKLEY,08/14/2018 07:07:00 PM +0000,03 - T-INTERSECTION,3 - PROPERTY DAMAGE ONLY (PDO),3,08/14/2018 07:20:00 PM +0000,TUE,F - FEMALE,1 - NO INJURY / NONE REPORTED,830ED066-28E2-4419-9EEC-D88C9BC7A2EB,1 - DAYLIGHT,185011319,6 - ANGLE,01 - DRY,1 - STRAIGHT LEVEL,1 - CONCRETE,OAKLEY,D - DRIVER,1 - CLEAR,45209
36XX SPRING GROVE AV,39.152241,84.543034,18-25,N/A,N/A,08/16/2018 09:15:00 AM +0000,03 - T-INTERSECTION,2 - INJURY,2,08/16/2018 10:07:03 AM +0000,THU,M - MALE,1 - NO INJURY / NONE REPORTED,1B029F3E-8BC5-49C2-A145-0BE4D4804FBC,1 - DAYLIGHT,185011401,6 - ANGLE,02 - WET,1 - STRAIGHT LEVEL,"2 - BLACKTOP, BITUMINOUS, ASPHALT",N/A,D - DRIVER,4 - RAIN,45223
29XX CLIFTON AV,39.134823,-84.519663,18-25,CORRYVILLE - HEIGHTS,CLIFTON/UNIVERSITY HEIGHTS,08/22/2018 07:40:00 PM +0000,02 - FOUR-WAY INTERSECTION,3 - PROPERTY DAMAGE ONLY (PDO),3,08/22/2018 07:49:29 PM +0000,WED,F - FEMALE,1 - NO INJURY / NONE REPORTED,3084D2E2-1D68-4E4E-837E-7C25C8C8BA3E,1 - DAYLIGHT,185011754,6 - ANGLE,01 - DRY,1 - STRAIGHT LEVEL,"2 - BLACKTOP, BITUMINOUS, ASPHALT",CUF,D - DRIVER,1 - CLEAR,45221
34XX GLENWAY AV,39.114188,84.565573,26-30,N/A,N/A,08/28/2018 08:37:00 AM +0000,03 - T-INTERSECTION,3 - PROPERTY DAMAGE ONLY (PDO),3,08/28/2018 08:37:00 AM +0000,TUE,F - FEMALE,1 - NO INJURY / NONE REPORTED,6D13F84D-B75E-4D97-9941-9DDDFFB69F3D,1 - DAYLIGHT,185011995,6 - ANGLE,01 - DRY,2 - STRAIGHT GRADE,"2 - BLACKTOP, BITUMINOUS, ASPHALT",N/A,D - DRIVER,1 - CLEAR,45205
47XX READING RD,39.172325,-84.469261,UNKNOWN,BOND HILL,BONDHILL,08/04/2018 12:10:00 AM +0000,01 - NOT AN INTERSECTION,3 - PROPERTY DAMAGE ONLY (PDO),3,08/04/2018 12:13:00 AM +0000,SAT,,1 - NO INJURY / NONE REPORTED,869AA3EF-E92A-4CE5-822A-41923D434585,4 - DARK - LIGHTED ROADWAY,185010791,"7 - SIDESWIPE, SAME DIRECTION",01 - DRY,2 - STRAIGHT GRADE,"2 - BLACKTOP, BITUMINOUS, ASPHALT",BOND HILL,D - DRIVER,1 - CLEAR,45237
40XX DELANEY ST,39.159931,84.543931,UNKNOWN,N/A,N/A,08/24/2018 12:05:00 PM +0000,02 - FOUR-WAY INTERSECTION,3 - PROPERTY DAMAGE ONLY (PDO),3,08/25/2018 02:00:00 PM +0000,FRI,F - FEMALE,1 - NO INJURY / NONE REPORTED,3D0D1362-15B4-4AA7-9DB9-790AD18144F8,1 - DAYLIGHT,185011877,6 - ANGLE,01 - DRY,1 - STRAIGHT LEVEL,"2 - BLACKTOP, BITUMINOUS, ASPHALT",N/A,D - DRIVER,1 - CLEAR,45223
E I275 AT 72-0 MM,39.056239,84.390278,18-25,N/A,N/A,08/18/2018 05:24:00 PM +0000,01 - NOT AN INTERSECTION,3 - PROPERTY DAMAGE ONLY (PDO),3,08/18/2018 05:24:00 PM +0000,SAT,M - MALE,1 - NO INJURY / NONE REPORTED,79580239-C029-4810-ACDF-5A2A4680388E,1 - DAYLIGHT,185011556,2 - REAR-END,01 - DRY,1 - STRAIGHT LEVEL,1 - CONCRETE,N/A,D - DRIVER,1 - CLEAR,45230