ADDRESS_X,LATITUDE_X,LONGITUDE_X,AGE,COMMUNITY_COUNCIL_NEIGHBORHOOD,CPD_NEIGHBORHOOD,CRASHDATE,CRASHLOCATION,CRASHSEVERITY,CRASHSEVERITYID,DATECRASHREPORTED,DAYOFWEEK,GENDER,INJURIES,INSTANCEID,LIGHTCONDITIONSPRIMARY,LOCALREPORTNO,MANNEROFCRASH,ROADCONDITIONSPRIMARY,ROADCONTOUR,ROADSURFACE,SNA_NEIGHBORHOOD,TYPEOFPERSON,WEATHER,ZIP
16XX CENTRAL PY,39.113851,-84.521996,31-40,WEST END,WEST  END,08/20/2018 02:28:00 AM +0000,01 - NOT AN INTERSECTION,2 - INJURY,2,08/20/2018 02:28:00 AM +0000,MON,F - FEMALE,2 - POSSIBLE,B8962EF7-05A1-4AB0-8B72-EE10DD85CDA6,4 - DARK - LIGHTED ROADWAY,185011612,"7 - SIDESWIPE, SAME DIRECTION",01 - DRY,1 - STRAIGHT LEVEL,1 - CONCRETE,WEST END,D - DRIVER,1 - CLEAR,45214
33XX BOUDINOT,39.148477,-84.602351,18-25,WESTWOOD,WESTWOOD,08/25/2018 09:38:00 PM +0000,02 - FOUR-WAY INTERSECTION,3 - PROPERTY DAMAGE ONLY (PDO),3,08/25/2018 09:40:00 PM +0000,SAT,M - MALE,1 - NO INJURY / NONE REPORTED,0FEBF199-4130-41EE-AC89-8BC67D792694,4 - DARK - LIGHTED ROADWAY,185011903,6 - ANGLE,01 - DRY,1 - STRAIGHT LEVEL,"2 - BLACKTOP, BITUMINOUS, ASPHALT",WESTWOOD,D - DRIVER,2 - CLOUDY,45211
32XX VINE ST,39.138351,84.509903,18-25,N/A,N/A,08/17/2018 12:00:00 AM +0000,02 - FOUR-WAY INTERSECTION,2 - INJURY,2,08/17/2018 12:03:00 AM +0000,FRI,F - FEMALE,4 - INCAPACITATING,81EDF3E6-4BDA-454F-95AF-8135D0137E06,4 - DARK - LIGHTED ROADWAY,185011463,6 - ANGLE,02 - WET,1 - STRAIGHT LEVEL,"2 - BLACKTOP, BITUMINOUS, ASPHALT",N/A,O - OCCUPANT,4 - RAIN,45220
34XX BERRY AV,39.137368,84.450295,OVER 70,N/A,N/A,08/17/2018 08:20:38 AM +0000,03 - T-INTERSECTION,2 - INJURY,2,08/17/2018 09:25:59 AM +0000,FRI,M - MALE,4 - INCAPACITATING,DA7B05B0-61E1-4055-82A9-E31B2943C337,1 - DAYLIGHT,185011475,1 - NOT COLLISION BETWEEN TWO MOTOR VEHICLES IN TRANSPORT,02 - WET,1 - STRAIGHT LEVEL,"2 - BLACKTOP, BITUMINOUS, ASPHALT",N/A,P - PEDESTRIAN,2 - CLOUDY,45208
33XX GLENMORE AV,39.149385,-84.612296,41-50,WESTWOOD,WESTWOOD,08/27/2018 03:10:00 PM +0000,01 - NOT AN INTERSECTION,3 - PROPERTY DAMAGE ONLY (PDO),3,08/27/2018 03:12:00 PM +0000,MON,M - MALE,1 - NO INJURY / NONE REPORTED,4F42E5FB-B697-4FD1-8821-F0BADE929174,1 - DAYLIGHT,185011965,5 - BACKING,01 - DRY,1 - STRAIGHT LEVEL,"2 - BLACKTOP, BITUMINOUS, ASPHALT",WESTWOOD,D - DRIVER,1 - CLEAR,45211
56XX COLERAIN AV,39.194854,-84.575533,OVER 70,MOUNT AIRY,MOUNT AIRY,08/09/2018 10:05:00 PM +0000,01 - NOT AN INTERSECTION,3 - PROPERTY DAMAGE ONLY (PDO),3,08/09/2018 10:31:00 PM +0000,THU,F - FEMALE,1 - NO INJURY / NONE REPORTED,9231B883-C5BF-4D36-AB72-661993F1CF1B,4 - DARK - LIGHTED ROADWAY,185011083,2 - REAR-END,01 - DRY,1 - STRAIGHT LEVEL,"2 - BLACKTOP, BITUMINOUS, ASPHALT",MT. AIRY,D - DRIVER,1 - CLEAR,45239
5XX PROSPECT PL,39.142723,84.498042,18-25,N/A,N/A,08/02/2018 08:17:00 AM +0000,10 - DRIVEWAY/ALLEY ACCESS,3 - PROPERTY DAMAGE ONLY (PDO),3,08/02/2018 08:17:00 AM +0000,THU,F - FEMALE,1 - NO INJURY / NONE REPORTED,3DC458A8-736C-47EC-9F69-CEDA26A76680,1 - DAYLIGHT,185010693,5 - BACKING,01 - DRY,2 - STRAIGHT GRADE,"2 - BLACKTOP, BITUMINOUS, ASPHALT",N/A,D - DRIVER,2 - CLOUDY,45229
5XX W LIBERTY ST,39.113353,-84.527989,18-25,WEST END,WEST  END,08/05/2018 02:29:00 AM +0000,02 - FOUR-WAY INTERSECTION,2 - INJURY,2,08/05/2018 02:40:00 AM +0000,SUN,M - MALE,1 - NO INJURY / NONE REPORTED,5814CE94-77A7-4412-A825-B6838DA13260,4 - DARK - LIGHTED ROADWAY,185010847,6 - ANGLE,01 - DRY,1 - STRAIGHT LEVEL,1 - CONCRETE,WEST END,D - DRIVER,1 - CLEAR,45214
52XX GLENWAY AV,39.122551,84.603033,31-40,N/A,N/A,08/14/2018 05:23:00 PM +0000,01 - NOT AN INTERSECTION,3 - PROPERTY DAMAGE ONLY (PDO),3,08/14/2018 05:23:00 PM +0000,TUE,M - MALE,1 - NO INJURY / NONE REPORTED,F8BC7355-B6BF-42A9-B89F-6B8939D11D3C,1 - DAYLIGHT,185011316,6 - ANGLE,01 - DRY,1 - STRAIGHT LEVEL,"2 - BLACKTOP, BITUMINOUS, ASPHALT",N/A,D - DRIVER,1 - CLEAR,45238
34XX VINE ST,39.143438,84.509303,UNKNOWN,N/A,N/A,08/11/2018 02:30:00 PM +0000,01 - NOT AN INTERSECTION,3 - PROPERTY DAMAGE ONLY (PDO),3,08/11/2018 02:33:00 PM +0000,SAT,,1 - NO INJURY / NONE REPORTED,680398D9-5E35-408F-9AE2-B3BE2A7D6275,1 - DAYLIGHT,185011169,2 - REAR-END,02 - WET,2 - STRAIGHT GRADE,"2 - BLACKTOP, BITUMINOUS, ASPHALT",N/A,D - DRIVER,2 - CLOUDY,45220
34XX WABASH AV,39.140888,-84.465371,UNKNOWN,EVANSTON,EVANSTON,08/14/2018 04:53:00 PM +0000,03 - T-INTERSECTION,3 - PROPERTY DAMAGE ONLY (PDO),3,08/14/2018 04:55:00 PM +0000,TUE,,1 - NO INJURY / NONE REPORTED,B39AF9AA-3F60-4E77-963C-D39CF08CF0BA,1 - DAYLIGHT,185011308,6 - ANGLE,01 - DRY,1 - STRAIGHT LEVEL,"2 - BLACKTOP, BITUMINOUS, ASPHALT",EVANSTON,D - DRIVER,1 - CLEAR,45207
14XX YARMOUTH AV,39.174503,-84.473123,OVER 70,BOND HILL,BONDHILL,08/23/2018 11:20:00 AM +0000,01 - NOT AN INTERSECTION,3 - PROPERTY DAMAGE ONLY (PDO),3,08/23/2018 11:25:00 AM +0000,THU,M - MALE,1 - NO INJURY / NONE REPORTED,A7472F43-3838-462F-8756-78A876F2162B,1 - DAYLIGHT,185011770,"7 - SIDESWIPE, SAME DIRECTION",01 - DRY,2 - STRAIGHT GRADE,"2 - BLACKTOP, BITUMINOUS, ASPHALT",BOND HILL,D - DRIVER,1 - CLEAR,45237
S I75 AT 1-5 MM,39.113111,-84.531754,UNKNOWN,WEST END,WEST  END,08/28/2018 11:42:00 AM +0000,01 - NOT AN INTERSECTION,3 - PROPERTY DAMAGE ONLY (PDO),3,08/28/2018 11:44:00 AM +0000,TUE,,1 - NO INJURY / NONE REPORTED,727BC35D-1CE5-483E-88B5-E0B67C3B4FB2,1 - DAYLIGHT,185012002,"7 - SIDESWIPE, SAME DIRECTION",01 - DRY,1 - STRAIGHT LEVEL,"2 - BLACKTOP, BITUMINOUS, ASPHALT",QUEENSGATE,D - DRIVER,1 - CLEAR,45202
X W NORWOOD LATERAL,39.173599,84.483643,26-30,N/A,N/A,08/23/2018 06:30:00 PM +0000,01 - NOT AN INTERSECTION,2 - INJURY,2,08/23/2018 06:36:00 PM +0000,THU,M - MALE,2 - POSSIBLE,EF06E0F3-659E-45AD-9387-A1F6504090A8,1 - DAYLIGHT,185011799,2 - REAR-END,01 - DRY,1 - STRAIGHT LEVEL,"2 - BLACKTOP, BITUMINOUS, ASPHALT",N/A,D - DRIVER,1 - CLEAR,45237
5XX RACE ST,39.1067,84.51518,18-25,N/A,N/A,08/22/2018 07:25:00 AM +0000,01 - NOT AN INTERSECTION,3 - PROPERTY DAMAGE ONLY (PDO),3,08/22/2018 07:29:00 AM +0000,WED,M - MALE,1 - NO INJURY / NONE REPORTED,B8505FAD-2AB9-4E94-9B61-C33A1457C94F,1 - DAYLIGHT,185011720,1 - NOT COLLISION BETWEEN TWO MOTOR VEHICLES IN TRANSPORT,01 - DRY,1 - STRAIGHT LEVEL,1 - CONCRETE,N/A,D - DRIVER,2 - CLOUDY,45202
X CHARLTON ST,39.129481,-84.508652,18-25,CORRYVILLE,CORRYVILLE,08/25/2018 06:45:00 PM +0000,01 - NOT AN INTERSECTION,3 - PROPERTY DAMAGE ONLY (PDO),3,08/25/2018 06:50:00 PM +0000,SAT,M - MALE,1 - NO INJURY / NONE REPORTED,3BEA4505-9787-4E40-BD5D-2B2F91AD886C,3 - DUSK,185011892,1 - NOT COLLISION BETWEEN TWO MOTOR VEHICLES IN TRANSPORT,01 - DRY,2 - STRAIGHT GRADE,"2 - BLACKTOP, BITUMINOUS, ASPHALT",CORRYVILLE,D - DRIVER,1 - CLEAR,45219
14XX READING RD,39.111042,84.502616,31-40,N/A,N/A,08/07/2018 02:48:00 PM +0000,01 - NOT AN INTERSECTION,3 - PROPERTY DAMAGE ONLY (PDO),3,08/07/2018 02:49:00 PM +0000,TUE,F - FEMALE,1 - NO INJURY / NONE REPORTED,AB6D13DD-FDE4-4AF3-A790-0BE83DDCBCC6,1 - DAYLIGHT,185010964,2 - REAR-END,01 - DRY,1 - STRAIGHT LEVEL,"2 - BLACKTOP, BITUMINOUS, ASPHALT",N/A,D - DRIVER,1 - CLEAR,45202
17XX ELMORE ST,39.156764,-84.544294,26-30,NORTHSIDE -SOUTH CUMMINSVILLE,NORTHSIDE,08/24/2018 08:30:00 AM +0000,01 - NOT AN INTERSECTION,3 - PROPERTY DAMAGE ONLY (PDO),3,08/24/2018 08:55:00 AM +0000,FRI,F - FEMALE,1 - NO INJURY / NONE REPORTED,7A4D32B1-7AC1-4463-9C6C-4908B65B8B59,1 - DAYLIGHT,185011824,"7 - SIDESWIPE, SAME DIRECTION",01 - DRY,1 - STRAIGHT LEVEL,"2 - BLACKTOP, BITUMINOUS, ASPHALT",NORTHSIDE,D - DRIVER,1 - CLEAR,45223
32XX GLENWAY AV,39.112424,84.561928,26-30,N/A,N/A,08/24/2018 07:50:00 AM +0000,01 - NOT AN INTERSECTION,3 - PROPERTY DAMAGE ONLY (PDO),3,08/24/2018 07:55:00 AM +0000,FRI,F - FEMALE,1 - NO INJURY / NONE REPORTED,5F5CBFA9-DAF7-42F5-B06D-110C15B049B0,1 - DAYLIGHT,185011818,"7 - SIDESWIPE, SAME DIRECTION",01 - DRY,1 - STRAIGHT LEVEL,"2 - BLACKTOP, BITUMINOUS, ASPHALT",N/A,D - DRIVER,1 - CLEAR,45204
26XX QUEEN CITY AV,39.129871,84.590282,UNDER 18,N/A,N/A,08/07/2018 05:23:00 AM +0000,03 - T-INTERSECTION,2 - INJURY,2,08/07/2018 05:25:00 AM +0000,TUE,M - MALE,1 - NO INJURY / NONE REPORTED,96C600C8-DA3B-4E4C-883A-E8DA2329FE3A,4 - DARK - LIGHTED ROADWAY,185010923,6 - ANGLE,02 - WET,1 - STRAIGHT LEVEL,"2 - BLACKTOP, BITUMINOUS, ASPHALT",N/A,D - DRIVER,4 - RAIN,45238
W I74 AT 18-6 MM,39.158879,84.550152,18-25,N/A,N/A,08/17/2018 04:11:00 PM +0000,08 - OFF RAMP,3 - PROPERTY DAMAGE ONLY (PDO),3,08/17/2018 04:12:00 PM +0000,FRI,F - FEMALE,1 - NO INJURY / NONE REPORTED,03F69C57-1F38-4311-9E80-866881E8E4BF,1 - DAYLIGHT,185011503,2 - REAR-END,01 - DRY,2 - STRAIGHT GRADE,1 - CONCRETE,N/A,D - DRIVER,2 - CLOUDY,45211
66XX BEECHMONT AV,39.084166,84.375115,31-40,N/A,N/A,08/11/2018 10:48:00 AM +0000,10 - DRIVEWAY/ALLEY ACCESS,3 - PROPERTY DAMAGE ONLY (PDO),3,08/11/2018 10:50:00 AM +0000,SAT,M - MALE,1 - NO INJURY / NONE REPORTED,F896F1A7-37C1-4BE6-A3C1-6F328510F670,1 - DAYLIGHT,185011161,2 - REAR-END,01 - DRY,2 - STRAIGHT GRADE,"2 - BLACKTOP, BITUMINOUS, ASPHALT",N/A,D - DRIVER,1 - CLEAR,45230
18XX HARRISON AV,39.128228,84.558572,18-25,N/A,N/A,08/08/2018 09:35:00 AM +0000,01 - NOT AN INTERSECTION,2 - INJURY,2,08/08/2018 09:38:00 AM +0000,WED,M - MALE,2 - POSSIBLE,926C5C50-9D01-4BBE-8065-5CA350E1F3D6,1 - DAYLIGHT,185011005,6 - ANGLE,01 - DRY,2 - STRAIGHT GRADE,"2 - BLACKTOP, BITUMINOUS, ASPHALT",N/A,D - DRIVER,2 - CLOUDY,45214
N I71 AT 0-8 MM,39.098209,-84.509221,18-25,DOWNTOWN,C. B. D. / RIVERFRONT,08/24/2018 02:52:00 PM +0000,01 - NOT AN INTERSECTION,2 - INJURY,2,08/24/2018 02:52:00 PM +0000,FRI,M - MALE,2 - POSSIBLE,F6576EA2-FE36-48E6-B5A3-D7AD41182E47,1 - DAYLIGHT,185011850,2 - REAR-END,01 - DRY,1 - STRAIGHT LEVEL,1 - CONCRETE,DOWNTOWN,D - DRIVER,1 - CLEAR,45202
4XX E MARTIN LUTHER KING DR,39.135816,84.499619,18-25,N/A,N/A,08/15/2018 08:59:00 AM +0000,02 - FOUR-WAY INTERSECTION,3 - PROPERTY DAMAGE ONLY (PDO),3,08/15/2018 08:59:00 AM +0000,WED,M - MALE,1 - NO INJURY / NONE REPORTED,12380A21-4774-4B9D-A5E6-4F32F15E3A90,1 - DAYLIGHT,185011338,"8 - SIDESWIPE, OPPOSITE DIRECTION",01 - DRY,2 - STRAIGHT GRADE,"2 - BLACKTOP, BITUMINOUS, ASPHALT",N/A,D - DRIVER,2 - CLOUDY,45219
2XX FAIRBANKS AV,39.091464,84.573546,31-40,N/A,N/A,08/11/2018 04:36:00 PM +0000,01 - NOT AN INTERSECTION,3 - PROPERTY DAMAGE ONLY (PDO),3,08/11/2018 04:37:00 PM +0000,SAT,M - MALE,1 - NO INJURY / NONE REPORTED,502FE0C0-9805-4196-9128-DEAF06C18002,1 - DAYLIGHT,185011190,6 - ANGLE,02 - WET,4 - CURVE GRADE,1 - CONCRETE,N/A,D - DRIVER,4 - RAIN,45204
1XX E MCMICKEN AV,39.113575,84.513684,31-40,N/A,N/A,08/12/2018 07:23:00 PM +0000,01 - NOT AN INTERSECTION,3 - PROPERTY DAMAGE ONLY (PDO),3,08/12/2018 09:15:32 PM +0000,SUN,M - MALE,1 - NO INJURY / NONE REPORTED,B1ACE9B6-81D7-4AE8-854E-1E87E6DB75B3,1 - DAYLIGHT,185011228,2 - REAR-END,01 - DRY,1 - STRAIGHT LEVEL,"2 - BLACKTOP, BITUMINOUS, ASPHALT",N/A,D - DRIVER,1 - CLEAR,45202
3XX WALNUT ST,39.099524,84.510515,26-30,N/A,N/A,08/22/2018 11:25:00 PM +0000,02 - FOUR-WAY INTERSECTION,3 - PROPERTY DAMAGE ONLY (PDO),3,08/22/2018 11:40:00 PM +0000,WED,F - FEMALE,1 - NO INJURY / NONE REPORTED,0AD2F702-1F08-4EFA-B4DA-2933191EA340,4 - DARK - LIGHTED ROADWAY,185011759,6 - ANGLE,01 - DRY,2 - STRAIGHT GRADE,1 - CONCRETE,N/A,D - DRIVER,1 - CLEAR,45202
14XX READING RD,39.112282,84.504346,31-40,N/A,N/A,08/22/2018 04:20:00 PM +0000,01 - NOT AN INTERSECTION,3 - PROPERTY DAMAGE ONLY (PDO),3,08/22/2018 04:25:00 PM +0000,WED,F - FEMALE,1 - NO INJURY / NONE REPORTED,1BA883BC-F9E0-4B32-B955-84961BD79074,1 - DAYLIGHT,185011744,2 - REAR-END,01 - DRY,1 - STRAIGHT LEVEL,"2 - BLACKTOP, BITUMINOUS, ASPHALT",N/A,D - DRIVER,1 - CLEAR,45202
S I75 AT 1-8 MM,39.114042,-84.532865,51-60,WEST END,WEST  END,08/24/2018 03:13:00 PM +0000,01 - NOT AN INTERSECTION,3 - PROPERTY DAMAGE ONLY (PDO),3,08/24/2018 03:13:00 PM +0000,FRI,M - MALE,1 - NO INJURY / NONE REPORTED,B9328021-944E-4FC9-B9C0-E57B1BB76C3D,1 - DAYLIGHT,185011848,2 - REAR-END,01 - DRY,1 - STRAIGHT LEVEL,"2 - BLACKTOP, BITUMINOUS, ASPHALT",QUEENSGATE,D - DRIVER,1 - CLEAR,45214
28XX BOUDINOT AV,39.13479,-84.605533,26-30,WESTWOOD,WESTWOOD,08/25/2018 02:50:00 PM +0000,01 - NOT AN INTERSECTION,3 - PROPERTY DAMAGE ONLY (PDO),3,08/25/2018 02:55:00 PM +0000,SAT,F - FEMALE,1 - NO INJURY / NONE REPORTED,01C34229-1943-4352-9DCB-BD63753A6AC5,1 - DAYLIGHT,185011890,4 - REAR-TO-REAR,01 - DRY,1 - STRAIGHT LEVEL,"2 - BLACKTOP, BITUMINOUS, ASPHALT",WESTWOOD,D - DRIVER,1 - CLEAR,45238
37XX EDWARDS RD,39.145921,84.443454,31-40,N/A,N/A,08/08/2018 10:10:00 PM +0000,02 - FOUR-WAY INTERSECTION,3 - PROPERTY DAMAGE ONLY (PDO),3,08/08/2018 10:13:00 PM +0000,WED,M - MALE,1 - NO INJURY / NONE REPORTED,FAEA2021-5B09-40F2-BCC4-CCE3882F2171,4 - DARK - LIGHTED ROADWAY,185011044,"7 - SIDESWIPE, SAME DIRECTION",02 - WET,1 - STRAIGHT LEVEL,"2 - BLACKTOP, BITUMINOUS, ASPHALT",N/A,D - DRIVER,4 - RAIN,45209
63XX GRACELY DR,39.106505,84.688113,51-60,N/A,N/A,08/04/2018 07:51:00 PM +0000,02 - FOUR-WAY INTERSECTION,3 - PROPERTY DAMAGE ONLY (PDO),3,08/04/2018 07:51:00 PM +0000,SAT,M - MALE,1 - NO INJURY / NONE REPORTED,40599206-D793-4DEA-AD6E-1C0AB6170850,1 - DAYLIGHT,185010834,6 - ANGLE,01 - DRY,1 - STRAIGHT LEVEL,1 - CONCRETE,N/A,D - DRIVER,1 - CLEAR,45233
XX E LIBERTY ST,39.113551,-84.515655,31-40,OTR,OVER-THE-RHINE,08/04/2018 08:56:00 AM +0000,02 - FOUR-WAY INTERSECTION,2 - INJURY,2,08/04/2018 09:10:00 AM +0000,SAT,F - FEMALE,1 - NO INJURY / NONE REPORTED,B08AD2F6-FE30-42CF-B565-E67C0926DE19,1 - DAYLIGHT,185010803,6 - ANGLE,01 - DRY,1 - STRAIGHT LEVEL,"2 - BLACKTOP, BITUMINOUS, ASPHALT",OVER-THE-RHINE,D - DRIVER,2 - CLOUDY,45202
52XX RIVER RD,39.094983,-84.652343,51-60,RIVERSIDE,RIVERSIDE,08/04/2018 01:22:00 PM +0000,01 - NOT AN INTERSECTION,2 - INJURY,2,08/04/2018 01:24:00 PM +0000,SAT,F - FEMALE,1 - NO INJURY / NONE REPORTED,249A7F98-FC68-46AB-B651-9E446DA478A9,1 - DAYLIGHT,185010811,2 - REAR-END,01 - DRY,1 - STRAIGHT LEVEL,"2 - BLACKTOP, BITUMINOUS, ASPHALT",RIVERSIDE,O - OCCUPANT,2 - CLOUDY,45233
39XX PAXTON AV,39.148276,84.426934,61-70,N/A,N/A,08/06/2018 04:00:00 PM +0000,01 - NOT AN INTERSECTION,3 - PROPERTY DAMAGE ONLY (PDO),3,08/06/2018 04:05:00 PM +0000,MON,F - FEMALE,1 - NO INJURY / NONE REPORTED,62526E09-3A43-4069-9327-C358A4D539EF,1 - DAYLIGHT,185010891,4 - REAR-TO-REAR,02 - WET,1 - STRAIGHT LEVEL,"2 - BLACKTOP, BITUMINOUS, ASPHALT",N/A,D - DRIVER,4 - RAIN,45209
2XX W MCMILLAN ST,39.127063,-84.522328,18-25,CUF - HEIGHTS,FAIRVIEW,08/04/2018 03:15:00 PM +0000,01 - NOT AN INTERSECTION,3 - PROPERTY DAMAGE ONLY (PDO),3,08/04/2018 08:08:27 PM +0000,SAT,F - FEMALE,1 - NO INJURY / NONE REPORTED,F4049598-5A31-40E7-AEFA-52C74EBBD13F,1 - DAYLIGHT,185010831,1 - NOT COLLISION BETWEEN TWO MOTOR VEHICLES IN TRANSPORT,01 - DRY,1 - STRAIGHT LEVEL,"2 - BLACKTOP, BITUMINOUS, ASPHALT",CUF,O - OCCUPANT,1 - CLEAR,45219
27XX MARKBREIT AV,39.152586,84.440753,31-40,N/A,N/A,08/20/2018 09:18:00 AM +0000,02 - FOUR-WAY INTERSECTION,3 - PROPERTY DAMAGE ONLY (PDO),3,08/20/2018 09:45:00 AM +0000,MON,M - MALE,1 - NO INJURY / NONE REPORTED,FF91A8BE-6BB9-4586-9343-61D76F8DD08A,1 - DAYLIGHT,185011619,6 - ANGLE,01 - DRY,1 - STRAIGHT LEVEL,"2 - BLACKTOP, BITUMINOUS, ASPHALT",N/A,D - DRIVER,2 - CLOUDY,45209
2XX WOOLPER AV,39.150362,-84.516141,61-70,CLIFTON,CLIFTON,08/24/2018 06:00:00 PM +0000,01 - NOT AN INTERSECTION,3 - PROPERTY DAMAGE ONLY (PDO),3,08/25/2018 09:57:00 AM +0000,FRI,M - MALE,1 - NO INJURY / NONE REPORTED,D2A2B19E-293B-4F57-A792-EEBA5E2795FF,1 - DAYLIGHT,185011868,1 - NOT COLLISION BETWEEN TWO MOTOR VEHICLES IN TRANSPORT,01 - DRY,2 - STRAIGHT GRADE,"2 - BLACKTOP, BITUMINOUS, ASPHALT",CLIFTON,D - DRIVER,1 - CLEAR,45220
66XX RAINBOW LN,39.095703,-84.372683,UNDER 18,MOUNT WASHINGTON,MT.  WASHINGTON,08/12/2018 07:59:00 PM +0000,02 - FOUR-WAY INTERSECTION,2 - INJURY,2,08/12/2018 07:59:00 PM +0000,SUN,M - MALE,1 - NO INJURY / NONE REPORTED,31C199AB-411E-4295-A6BD-59B8029D692D,1 - DAYLIGHT,185011226,1 - NOT COLLISION BETWEEN TWO MOTOR VEHICLES IN TRANSPORT,01 - DRY,2 - STRAIGHT GRADE,"2 - BLACKTOP, BITUMINOUS, ASPHALT",MT. WASHINGTON,D - DRIVER,1 - CLEAR,45230
39XX VINE ST,39.158404,-84.505445,61-70,CLIFTON,CLIFTON,08/08/2018 09:03:00 PM +0000,02 - FOUR-WAY INTERSECTION,3 - PROPERTY DAMAGE ONLY (PDO),3,08/08/2018 09:08:00 PM +0000,WED,F - FEMALE,1 - NO INJURY / NONE REPORTED,EDDA17B7-0EC8-4420-83F2-14F83BB86B2A,4 - DARK - LIGHTED ROADWAY,185011042,6 - ANGLE,02 - WET,1 - STRAIGHT LEVEL,"2 - BLACKTOP, BITUMINOUS, ASPHALT",CLIFTON,O - OCCUPANT,4 - RAIN,45217
S I75 AT 1-4 MM,39.109501,-84.532041,31-40,QUEENSGATE,QUEENSGATE,08/14/2018 05:00:02 PM +0000,01 - NOT AN INTERSECTION,3 - PROPERTY DAMAGE ONLY (PDO),3,08/14/2018 06:30:03 PM +0000,TUE,M - MALE,1 - NO INJURY / NONE REPORTED,5C7F8F52-555D-452B-B237-DD353928DAD4,1 - DAYLIGHT,185011307,"7 - SIDESWIPE, SAME DIRECTION",01 - DRY,1 - STRAIGHT LEVEL,"2 - BLACKTOP, BITUMINOUS, ASPHALT",QUEENSGATE,D - DRIVER,1 - CLEAR,45202
32XX VINE ST,39.137071,84.508533,31-40,N/A,N/A,08/07/2018 06:00:00 PM +0000,02 - FOUR-WAY INTERSECTION,2 - INJURY,2,08/07/2018 06:03:00 PM +0000,TUE,M - MALE,1 - NO INJURY / NONE REPORTED,E73AADBA-14A6-4783-AA56-F519DDF25DAC,1 - DAYLIGHT,185010969,2 - REAR-END,02 - WET,2 - STRAIGHT GRADE,"2 - BLACKTOP, BITUMINOUS, ASPHALT",N/A,D - DRIVER,4 - RAIN,45220
39XX VINE ST,39.160518,-84.505195,51-60,CLIFTON,CLIFTON,08/16/2018 06:50:00 PM +0000,01 - NOT AN INTERSECTION,2 - INJURY,2,08/16/2018 06:54:00 PM +0000,THU,M - MALE,2 - POSSIBLE,37A1FCF1-5FB4-4BD4-972F-3B248A6A958C,1 - DAYLIGHT,185011452,6 - ANGLE,02 - WET,1 - STRAIGHT LEVEL,"2 - BLACKTOP, BITUMINOUS, ASPHALT",CLIFTON,D - DRIVER,4 - RAIN,45217
77XX NEWBEDFORD AV,39.205008,-84.458406,UNKNOWN,ROSELAWN,ROSELAWN,08/27/2018 05:00:00 PM +0000,02 - FOUR-WAY INTERSECTION,3 - PROPERTY DAMAGE ONLY (PDO),3,08/27/2018 05:02:00 PM +0000,MON,,1 - NO INJURY / NONE REPORTED,07010518-286A-40F8-A8F4-FA2AF54D857B,1 - DAYLIGHT,185011976,6 - ANGLE,01 - DRY,1 - STRAIGHT LEVEL,"2 - BLACKTOP, BITUMINOUS, ASPHALT",ROSELAWN,D - DRIVER,1 - CLEAR,45237
6XX WALNUT ST,39.102012,-84.512193,31-40,DOWNTOWN,C. B. D. / RIVERFRONT,08/24/2018 01:15:00 PM +0000,02 - FOUR-WAY INTERSECTION,3 - PROPERTY DAMAGE ONLY (PDO),3,08/25/2018 09:00:32 AM +0000,FRI,M - MALE,1 - NO INJURY / NONE REPORTED,BA6BBE59-7EC4-49A1-A86A-EEEDB60D6503,1 - DAYLIGHT,185011866,2 - REAR-END,01 - DRY,1 - STRAIGHT LEVEL,"2 - BLACKTOP, BITUMINOUS, ASPHALT",DOWNTOWN,D - DRIVER,1 - CLEAR,45202
38XX EDWARDS RD,39.148861,84.442501,26-30,N/A,N/A,08/16/2018 11:46:00 AM +0000,03 - T-INTERSECTION,3 - PROPERTY DAMAGE ONLY (PDO),3,08/16/2018 11:47:00 AM +0000,THU,F - FEMALE,1 - NO INJURY / NONE REPORTED,5A4FD63E-DB36-4443-A8C7-8732149A0DD2,1 - DAYLIGHT,185011410,2 - REAR-END,02 - WET,1 - STRAIGHT LEVEL,"2 - BLACKTOP, BITUMINOUS, ASPHALT",N/A,D - DRIVER,4 - RAIN,45209
57XX WINTON RD,39.191418,84.524056,51-60,N/A,N/A,08/11/2018 03:28:39 PM +0000,03 - T-INTERSECTION,3 - PROPERTY DAMAGE ONLY (PDO),3,08/11/2018 03:33:50 PM +0000,SAT,F - FEMALE,1 - NO INJURY / NONE REPORTED,52E88111-1B27-41FE-AE63-CA52DA5718F9,1 - DAYLIGHT,185011177,2 - REAR-END,01 - DRY,2 - STRAIGHT GRADE,"2 - BLACKTOP, BITUMINOUS, ASPHALT",N/A,D - DRIVER,2 - CLOUDY,45232
21XX CENTRAL PY,39.119374,-84.524636,26-30,OTR,OVER-THE-RHINE,08/27/2018 12:05:00 PM +0000,01 - NOT AN INTERSECTION,3 - PROPERTY DAMAGE ONLY (PDO),3,08/27/2018 12:10:00 PM +0000,MON,F - FEMALE,1 - NO INJURY / NONE REPORTED,0F3C706F-9631-413E-9C55-37907FB14478,1 - DAYLIGHT,185011959,"7 - SIDESWIPE, SAME DIRECTION",01 - DRY,1 - STRAIGHT LEVEL,"2 - BLACKTOP, BITUMINOUS, ASPHALT",OVER-THE-RHINE,D - DRIVER,1 - CLEAR,45214