ADDRESS_X,LATITUDE_X,LONGITUDE_X,AGE,COMMUNITY_COUNCIL_NEIGHBORHOOD,CPD_NEIGHBORHOOD,CRASHDATE,CRASHLOCATION,CRASHSEVERITY,CRASHSEVERITYID,DATECRASHREPORTED,DAYOFWEEK,GENDER,INJURIES,INSTANCEID,LIGHTCONDITIONSPRIMARY,LOCALREPORTNO,MANNEROFCRASH,ROADCONDITIONSPRIMARY,ROADCONTOUR,ROADSURFACE,SNA_NEIGHBORHOOD,TYPEOFPERSON,WEATHER,ZIP
45XX GLENWAY AV,39.113181,84.589325,61-70,N/A,N/A,08/07/2018 07:39:00 PM +0000,03 - T-INTERSECTION,2 - INJURY,2,08/07/2018 07:39:00 PM +0000,TUE,M - MALE,1 - NO INJURY / NONE REPORTED,3D137D55-3FB7-4B62-B7A2-09F795426AFF,1 - DAYLIGHT,185010978,3 - HEAD-ON,01 - DRY,3 - CURVE LEVEL,"2 - BLACKTOP, BITUMINOUS, ASPHALT",N/A,D - DRIVER,1 - CLEAR,45205
3XX W MCMILLAN ST,39.128401,-84.525561,51-60,CUF - HEIGHTS,FAIRVIEW,08/26/2018 10:54:00 AM +0000,"06 - FIVE-POINT, OR MORE",3 - PROPERTY DAMAGE ONLY (PDO),3,08/26/2018 10:55:00 AM +0000,SUN,F - FEMALE,1 - NO INJURY / NONE REPORTED,39DCA070-EA1F-47D9-A5A2-F86900A9F73A,1 - DAYLIGHT,185011916,6 - ANGLE,01 - DRY,2 - STRAIGHT GRADE,"2 - BLACKTOP, BITUMINOUS, ASPHALT",CUF,D - DRIVER,1 - CLEAR,45219
15XX QUEEN CITY AV,39.126412,-84.548782,26-30,SOUTH FAIRMOUNT,SOUTH  FAIRMOUNT,08/17/2018 05:00:00 PM +0000,02 - FOUR-WAY INTERSECTION,3 - PROPERTY DAMAGE ONLY (PDO),3,08/18/2018 11:00:00 AM +0000,FRI,M - MALE,1 - NO INJURY / NONE REPORTED,D25092DC-25A3-4F8C-B65A-ED714EB0F1E1,1 - DAYLIGHT,185011539,2 - REAR-END,01 - DRY,1 - STRAIGHT LEVEL,1 - CONCRETE,SOUTH FAIRMOUNT,D - DRIVER,1 - CLEAR,45214
17XX DUCK CREEK RD,39.1426,-84.47016,31-40,EVANSTON,EVANSTON,08/24/2018 10:00:00 AM +0000,01 - NOT AN INTERSECTION,3 - PROPERTY DAMAGE ONLY (PDO),3,08/24/2018 10:00:00 AM +0000,FRI,F - FEMALE,1 - NO INJURY / NONE REPORTED,E40A20D3-7D21-462D-9EA6-1CDEAC68E2E9,1 - DAYLIGHT,185011819,5 - BACKING,01 - DRY,1 - STRAIGHT LEVEL,"2 - BLACKTOP, BITUMINOUS, ASPHALT",EVANSTON,D - DRIVER,1 - CLEAR,45207
39XX W 8TH ST,39.064141,84.347511,51-60,N/A,N/A,08/16/2018 04:10:00 PM +0000,01 - NOT AN INTERSECTION,3 - PROPERTY DAMAGE ONLY (PDO),3,08/16/2018 04:10:00 PM +0000,THU,M - MALE,1 - NO INJURY / NONE REPORTED,4D1889A4-89CD-48E0-A292-EC666F9E7B3E,1 - DAYLIGHT,185011442,2 - REAR-END,02 - WET,1 - STRAIGHT LEVEL,1 - CONCRETE,N/A,D - DRIVER,2 - CLOUDY,45205
27XX ERLENE DR,39.127879,-84.590552,18-25,WESTWOOD,WESTWOOD,08/23/2018 08:50:00 AM +0000,03 - T-INTERSECTION,3 - PROPERTY DAMAGE ONLY (PDO),3,08/24/2018 05:00:00 PM +0000,THU,F - FEMALE,1 - NO INJURY / NONE REPORTED,0FA8BF5A-7B23-434E-99D2-767F9E7701C3,1 - DAYLIGHT,185011860,"7 - SIDESWIPE, SAME DIRECTION",01 - DRY,3 - CURVE LEVEL,"2 - BLACKTOP, BITUMINOUS, ASPHALT",WESTWOOD,D - DRIVER,1 - CLEAR,45238
5XX W. MARTIN LUTHER KING DR,39.139087,-84.524589,UNKNOWN,CLIFTON,CLIFTON,08/27/2018 10:18:29 AM +0000,01 - NOT AN INTERSECTION,3 - PROPERTY DAMAGE ONLY (PDO),3,08/27/2018 10:18:38 AM +0000,MON,,1 - NO INJURY / NONE REPORTED,D168A1DD-9082-42E2-B92F-1ED95D55FA39,1 - DAYLIGHT,185011942,6 - ANGLE,01 - DRY,1 - STRAIGHT LEVEL,"2 - BLACKTOP, BITUMINOUS, ASPHALT",CLIFTON,D - DRIVER,1 - CLEAR,45219
50XX KELLOGG AV,39.083206,84.416286,31-40,N/A,N/A,08/08/2018 05:26:00 PM +0000,01 - NOT AN INTERSECTION,3 - PROPERTY DAMAGE ONLY (PDO),3,08/08/2018 05:26:00 PM +0000,WED,M - MALE,1 - NO INJURY / NONE REPORTED,CDDF7F35-CAD4-4A3E-9897-7F33E314AAC5,1 - DAYLIGHT,185011023,2 - REAR-END,10 - OTHER,1 - STRAIGHT LEVEL,"2 - BLACKTOP, BITUMINOUS, ASPHALT",N/A,D - DRIVER,1 - CLEAR,45228
50XX OBSERVATORY CR,39.135066,84.411811,18-25,N/A,N/A,08/02/2018 09:22:00 PM +0000,01 - NOT AN INTERSECTION,3 - PROPERTY DAMAGE ONLY (PDO),3,08/02/2018 09:22:00 PM +0000,THU,M - MALE,1 - NO INJURY / NONE REPORTED,0FB2BF16-E080-4401-8072-D11F9D98FF8A,4 - DARK - LIGHTED ROADWAY,185010723,5 - BACKING,01 - DRY,2 - STRAIGHT GRADE,1 - CONCRETE,N/A,D - DRIVER,1 - CLEAR,45208
1XX E 2ND ST,39.097378,84.509894,18-25,N/A,N/A,08/09/2018 06:15:00 PM +0000,02 - FOUR-WAY INTERSECTION,2 - INJURY,2,08/09/2018 06:15:00 PM +0000,THU,F - FEMALE,1 - NO INJURY / NONE REPORTED,D0F23EDC-092F-433D-BD10-84F7164A3182,1 - DAYLIGHT,185011071,1 - NOT COLLISION BETWEEN TWO MOTOR VEHICLES IN TRANSPORT,01 - DRY,1 - STRAIGHT LEVEL,1 - CONCRETE,N/A,D - DRIVER,1 - CLEAR,45202
1XX FAIRBANKS AV,39.089634,84.569418,UNDER 18,N/A,N/A,08/07/2018 07:40:00 AM +0000,01 - NOT AN INTERSECTION,2 - INJURY,2,08/07/2018 07:42:00 AM +0000,TUE,M - MALE,1 - NO INJURY / NONE REPORTED,C98D50FE-F1CC-4444-98BF-6545053B7311,1 - DAYLIGHT,185010928,2 - REAR-END,02 - WET,1 - STRAIGHT LEVEL,"2 - BLACKTOP, BITUMINOUS, ASPHALT",N/A,D - DRIVER,4 - RAIN,45204
6XX CLINTON SPRINGS AV,39.157008,-84.497906,OVER 70,AVONDALE - NORTH AVONDALE,NORTH AVONDALE,08/06/2018 08:14:00 AM +0000,01 - NOT AN INTERSECTION,3 - PROPERTY DAMAGE ONLY (PDO),3,08/06/2018 08:38:00 AM +0000,MON,M - MALE,1 - NO INJURY / NONE REPORTED,DDE198CB-CC32-496D-8385-324CF3E7B991,1 - DAYLIGHT,185010868,6 - ANGLE,01 - DRY,3 - CURVE LEVEL,"2 - BLACKTOP, BITUMINOUS, ASPHALT",AVONDALE,D - DRIVER,1 - CLEAR,45229
XX E LIBERTY ST,39.112703,-84.514473,26-30,OTR,OVER-THE-RHINE,08/11/2018 12:43:00 AM +0000,03 - T-INTERSECTION,2 - INJURY,2,08/11/2018 12:43:00 AM +0000,SAT,M - MALE,2 - POSSIBLE,FA4A210B-4B2A-45C4-8636-29404D12E3A8,4 - DARK - LIGHTED ROADWAY,185011144,6 - ANGLE,02 - WET,1 - STRAIGHT LEVEL,1 - CONCRETE,OVER-THE-RHINE,D - DRIVER,1 - CLEAR,45202
5XX W KING DR,39.138996,84.523981,26-30,N/A,N/A,08/09/2018 08:37:00 AM +0000,01 - NOT AN INTERSECTION,3 - PROPERTY DAMAGE ONLY (PDO),3,08/09/2018 08:37:00 AM +0000,THU,F - FEMALE,1 - NO INJURY / NONE REPORTED,F0519131-C6C2-40E1-ADB5-CA899DB63490,1 - DAYLIGHT,185011053,"7 - SIDESWIPE, SAME DIRECTION",01 - DRY,3 - CURVE LEVEL,"2 - BLACKTOP, BITUMINOUS, ASPHALT",N/A,D - DRIVER,1 - CLEAR,45220
INTERSTATE 71 @0.1 MM,39.100749,84.503344,18-25,N/A,N/A,08/06/2018 07:10:00 AM +0000,01 - NOT AN INTERSECTION,3 - PROPERTY DAMAGE ONLY (PDO),3,08/06/2018 09:00:00 AM +0000,MON,M - MALE,1 - NO INJURY / NONE REPORTED,7FC06840-98ED-420C-818B-228032784187,1 - DAYLIGHT,185010942,6 - ANGLE,01 - DRY,1 - STRAIGHT LEVEL,1 - CONCRETE,N/A,D - DRIVER,1 - CLEAR,45202
2XX CALHOUN ST,39.128523,-84.517496,18-25,CORRYVILLE - HEIGHTS,CLIFTON/UNIVERSITY HEIGHTS,08/24/2018 05:45:00 PM +0000,03 - T-INTERSECTION,3 - PROPERTY DAMAGE ONLY (PDO),3,08/24/2018 05:48:00 PM +0000,FRI,F - FEMALE,1 - NO INJURY / NONE REPORTED,9F86F703-17DC-489C-8CCD-241A6B570D9E,1 - DAYLIGHT,185011853,4 - REAR-TO-REAR,01 - DRY,1 - STRAIGHT LEVEL,"2 - BLACKTOP, BITUMINOUS, ASPHALT",CUF,D - DRIVER,2 - CLOUDY,45219
S I75 AT HOPPLE ST,39.134611,-84.533671,41-50,CAMP WASHINGTON,CAMP  WASHINGTON,08/26/2018 12:20:00 AM +0000,01 - NOT AN INTERSECTION,2 - INJURY,2,08/26/2018 12:20:00 AM +0000,SUN,F - FEMALE,3 - NON-INCAPACITATING,12CCD75D-CDEF-4F2C-8955-C5E70CE5C758,4 - DARK - LIGHTED ROADWAY,185011908,6 - ANGLE,01 - DRY,1 - STRAIGHT LEVEL,"2 - BLACKTOP, BITUMINOUS, ASPHALT",CAMP WASHINGTON,D - DRIVER,1 - CLEAR,45225
12XX DROTT AV,39.115706,84.568361,18-25,N/A,N/A,08/08/2018 11:20:00 PM +0000,01 - NOT AN INTERSECTION,3 - PROPERTY DAMAGE ONLY (PDO),3,08/08/2018 11:25:00 PM +0000,WED,F - FEMALE,1 - NO INJURY / NONE REPORTED,270A027D-E76C-4E50-B103-B53CA5C85110,4 - DARK - LIGHTED ROADWAY,185011047,5 - BACKING,02 - WET,1 - STRAIGHT LEVEL,"2 - BLACKTOP, BITUMINOUS, ASPHALT",N/A,D - DRIVER,1 - CLEAR,45205
36XX MONTGOMERY RD,39.143338,84.470285,51-60,N/A,N/A,08/06/2018 04:24:00 PM +0000,02 - FOUR-WAY INTERSECTION,3 - PROPERTY DAMAGE ONLY (PDO),3,08/06/2018 04:42:00 PM +0000,MON,M - MALE,1 - NO INJURY / NONE REPORTED,5EF7D628-E9B5-472B-A9D5-5BB5A9A0BA4A,1 - DAYLIGHT,185010894,6 - ANGLE,01 - DRY,1 - STRAIGHT LEVEL,"2 - BLACKTOP, BITUMINOUS, ASPHALT",N/A,D - DRIVER,1 - CLEAR,45207
4XX E 5TH ST,39.102617,84.507201,31-40,N/A,N/A,08/28/2018 01:03:45 PM +0000,02 - FOUR-WAY INTERSECTION,3 - PROPERTY DAMAGE ONLY (PDO),3,08/28/2018 01:10:49 PM +0000,TUE,F - FEMALE,1 - NO INJURY / NONE REPORTED,2AAD174B-318F-42EE-9C8C-B0E5092A8170,1 - DAYLIGHT,185012007,2 - REAR-END,01 - DRY,1 - STRAIGHT LEVEL,"2 - BLACKTOP, BITUMINOUS, ASPHALT",N/A,D - DRIVER,1 - CLEAR,45202
41XX W 8TH ST,39.107049,84.588515,18-25,N/A,N/A,08/11/2018 12:35:00 AM +0000,01 - NOT AN INTERSECTION,3 - PROPERTY DAMAGE ONLY (PDO),3,08/11/2018 12:40:00 AM +0000,SAT,M - MALE,1 - NO INJURY / NONE REPORTED,592F54E5-F770-4671-927E-738450226432,4 - DARK - LIGHTED ROADWAY,185011141,1 - NOT COLLISION BETWEEN TWO MOTOR VEHICLES IN TRANSPORT,02 - WET,1 - STRAIGHT LEVEL,"2 - BLACKTOP, BITUMINOUS, ASPHALT",N/A,D - DRIVER,1 - CLEAR,45205
6XX CENTRAL AV,39.102705,-84.520511,61-70,WEST END,C. B. D. / RIVERFRONT,08/25/2018 01:45:00 PM +0000,01 - NOT AN INTERSECTION,2 - INJURY,2,08/25/2018 01:49:00 PM +0000,SAT,F - FEMALE,3 - NON-INCAPACITATING,87B23380-9C1E-4ABF-B897-39688FA44138,1 - DAYLIGHT,185011883,6 - ANGLE,02 - WET,1 - STRAIGHT LEVEL,"2 - BLACKTOP, BITUMINOUS, ASPHALT",WEST END,D - DRIVER,2 - CLOUDY,45203
26XX HIGHLAND AV,39.131341,84.502772,18-25,N/A,N/A,08/13/2018 03:51:00 AM +0000,01 - NOT AN INTERSECTION,3 - PROPERTY DAMAGE ONLY (PDO),3,08/13/2018 03:51:00 AM +0000,MON,F - FEMALE,1 - NO INJURY / NONE REPORTED,06155816-D630-4EBA-ADDF-C3DBE453A517,4 - DARK - LIGHTED ROADWAY,185011233,1 - NOT COLLISION BETWEEN TWO MOTOR VEHICLES IN TRANSPORT,01 - DRY,1 - STRAIGHT LEVEL,"2 - BLACKTOP, BITUMINOUS, ASPHALT",N/A,D - DRIVER,1 - CLEAR,45219
60XX RIVER RD,39.06187,84.40723,51-60,N/A,N/A,08/24/2018 04:49:00 PM +0000,01 - NOT AN INTERSECTION,3 - PROPERTY DAMAGE ONLY (PDO),3,08/24/2018 05:29:00 PM +0000,FRI,M - MALE,1 - NO INJURY / NONE REPORTED,DEAC1EE6-09D5-4AE1-B05B-476AD9E3AC1F,1 - DAYLIGHT,185011849,2 - REAR-END,01 - DRY,1 - STRAIGHT LEVEL,"2 - BLACKTOP, BITUMINOUS, ASPHALT",N/A,D - DRIVER,1 - CLEAR,45233
42XX SPRING GROVE AV,39.159299,-84.531524,18-25,NORTHSIDE,NORTHSIDE,08/03/2018 01:56:00 AM +0000,01 - NOT AN INTERSECTION,3 - PROPERTY DAMAGE ONLY (PDO),3,08/03/2018 02:11:00 AM +0000,FRI,F - FEMALE,1 - NO INJURY / NONE REPORTED,015F5D7A-7C6B-4D7D-8040-2CC389FD871D,6 - DARK – UNKNOWN ROADWAY LIGHTING,185010733,3 - HEAD-ON,01 - DRY,1 - STRAIGHT LEVEL,"2 - BLACKTOP, BITUMINOUS, ASPHALT",NORTHSIDE,D - DRIVER,1 - CLEAR,45223
3XX W 3RD ST,39.097486,84.477468,18-25,N/A,N/A,08/03/2018 05:37:00 PM +0000,02 - FOUR-WAY INTERSECTION,3 - PROPERTY DAMAGE ONLY (PDO),3,08/03/2018 05:50:00 PM +0000,FRI,M - MALE,1 - NO INJURY / NONE REPORTED,8F0F96B1-BEB9-4030-9715-BB11A0C7DC6B,1 - DAYLIGHT,185010772,6 - ANGLE,01 - DRY,1 - STRAIGHT LEVEL,"2 - BLACKTOP, BITUMINOUS, ASPHALT",N/A,D - DRIVER,1 - CLEAR,45202
11XX BANK ST,39.119449,84.534005,61-70,N/A,N/A,08/19/2018 03:45:00 PM +0000,02 - FOUR-WAY INTERSECTION,3 - PROPERTY DAMAGE ONLY (PDO),3,08/19/2018 03:47:00 PM +0000,SUN,M - MALE,1 - NO INJURY / NONE REPORTED,B01C80A4-1CFD-4A8E-B221-E2E73E605791,1 - DAYLIGHT,185011594,6 - ANGLE,01 - DRY,1 - STRAIGHT LEVEL,"2 - BLACKTOP, BITUMINOUS, ASPHALT",N/A,D - DRIVER,1 - CLEAR,45214
N I75 AT 8-8 MM,39.187904,-84.481219,18-25,BOND HILL,BONDHILL,08/18/2018 12:57:00 AM +0000,01 - NOT AN INTERSECTION,3 - PROPERTY DAMAGE ONLY (PDO),3,08/20/2018 10:00:00 PM +0000,SAT,F - FEMALE,1 - NO INJURY / NONE REPORTED,77E9ECAF-5F60-4C88-8449-168F3873A3D0,4 - DARK - LIGHTED ROADWAY,185011657,6 - ANGLE,99 - UNKNOWN,1 - STRAIGHT LEVEL,"2 - BLACKTOP, BITUMINOUS, ASPHALT",ROSELAWN,O - OCCUPANT,9 - OTHER/UNKNOWN,45237
38XX BEECHMONT AV,39.139871,84.396484,31-40,N/A,N/A,08/08/2018 07:18:00 AM +0000,01 - NOT AN INTERSECTION,3 - PROPERTY DAMAGE ONLY (PDO),3,08/08/2018 04:02:25 PM +0000,WED,F - FEMALE,1 - NO INJURY / NONE REPORTED,D9EB6269-E88A-41CC-978D-E69E6CC0DB9F,1 - DAYLIGHT,185011017,2 - REAR-END,02 - WET,1 - STRAIGHT LEVEL,"2 - BLACKTOP, BITUMINOUS, ASPHALT",N/A,D - DRIVER,2 - CLOUDY,45226
81XX ANTHONY WAYNE AV,39.204871,-84.468209,UNKNOWN,HARTWELL,HARTWELL,08/15/2018 03:00:00 AM +0000,01 - NOT AN INTERSECTION,3 - PROPERTY DAMAGE ONLY (PDO),3,08/15/2018 03:43:00 AM +0000,WED,,1 - NO INJURY / NONE REPORTED,70B2D9EF-1C72-4386-8957-FA8EEB6DB3F3,5 - DARK – ROADWAY NOT LIGHTED,185011328,1 - NOT COLLISION BETWEEN TWO MOTOR VEHICLES IN TRANSPORT,01 - DRY,1 - STRAIGHT LEVEL,"2 - BLACKTOP, BITUMINOUS, ASPHALT",HARTWELL,D - DRIVER,1 - CLEAR,45216
N I75 AT 0-7 MM,39.098605,84.515629,OVER 70,N/A,N/A,08/15/2018 04:50:00 PM +0000,01 - NOT AN INTERSECTION,3 - PROPERTY DAMAGE ONLY (PDO),3,08/15/2018 05:00:00 PM +0000,WED,M - MALE,1 - NO INJURY / NONE REPORTED,C88DC5AA-F679-4F0C-B43B-815873DC74A0,1 - DAYLIGHT,185011372,6 - ANGLE,02 - WET,3 - CURVE LEVEL,"2 - BLACKTOP, BITUMINOUS, ASPHALT",N/A,D - DRIVER,2 - CLOUDY,45202
16XX WESTWOOD AV,39.125062,84.548922,26-30,N/A,N/A,08/07/2018 06:40:00 AM +0000,01 - NOT AN INTERSECTION,3 - PROPERTY DAMAGE ONLY (PDO),3,08/07/2018 06:43:00 AM +0000,TUE,M - MALE,1 - NO INJURY / NONE REPORTED,056F4522-8FAB-4081-8641-4479C9FE1874,1 - DAYLIGHT,185010926,2 - REAR-END,02 - WET,1 - STRAIGHT LEVEL,"2 - BLACKTOP, BITUMINOUS, ASPHALT",N/A,D - DRIVER,4 - RAIN,45214
9XX DALTON AV,39.105335,-84.535871,UNKNOWN,QUEENSGATE,QUEENSGATE,08/12/2018 03:31:00 AM +0000,02 - FOUR-WAY INTERSECTION,3 - PROPERTY DAMAGE ONLY (PDO),3,08/12/2018 03:31:00 AM +0000,SUN,,1 - NO INJURY / NONE REPORTED,521EAD5E-CC92-49EA-91E2-58F240753607,4 - DARK - LIGHTED ROADWAY,185011203,"7 - SIDESWIPE, SAME DIRECTION",01 - DRY,1 - STRAIGHT LEVEL,1 - CONCRETE,QUEENSGATE,D - DRIVER,1 - CLEAR,45203
9XX ENRIGHT AV,39.109216,-84.571751,51-60,EAST PRICE HILL,EAST PRICE HILL,08/17/2018 01:30:00 PM +0000,10 - DRIVEWAY/ALLEY ACCESS,2 - INJURY,2,08/17/2018 01:30:00 PM +0000,FRI,F - FEMALE,1 - NO INJURY / NONE REPORTED,2F6C4DDD-EB79-4775-A1E4-B824BAB7AA5A,1 - DAYLIGHT,185011487,1 - NOT COLLISION BETWEEN TWO MOTOR VEHICLES IN TRANSPORT,01 - DRY,1 - STRAIGHT LEVEL,"2 - BLACKTOP, BITUMINOUS, ASPHALT",EAST PRICE HILL,D - DRIVER,2 - CLOUDY,45205
25XX VICTORY PY,39.126009,84.484297,18-25,N/A,N/A,08/04/2018 12:30:00 PM +0000,02 - FOUR-WAY INTERSECTION,3 - PROPERTY DAMAGE ONLY (PDO),3,08/04/2018 12:32:00 PM +0000,SAT,F - FEMALE,1 - NO INJURY / NONE REPORTED,209539B3-A95B-4229-AA57-C7CB3D3E2625,1 - DAYLIGHT,185010810,6 - ANGLE,01 - DRY,1 - STRAIGHT LEVEL,"2 - BLACKTOP, BITUMINOUS, ASPHALT",N/A,D - DRIVER,1 - CLEAR,45206
28XX LANGDON FARM,39.179956,84.43729,UNKNOWN,N/A,N/A,08/26/2018 03:10:00 AM +0000,01 - NOT AN INTERSECTION,2 - INJURY,2,08/26/2018 03:17:00 AM +0000,SUN,F - FEMALE,1 - NO INJURY / NONE REPORTED,B611AC32-3537-46EA-BC1B-D3E816F396DD,4 - DARK - LIGHTED ROADWAY,185011912,1 - NOT COLLISION BETWEEN TWO MOTOR VEHICLES IN TRANSPORT,01 - DRY,2 - STRAIGHT GRADE,"2 - BLACKTOP, BITUMINOUS, ASPHALT",N/A,D - DRIVER,2 - CLOUDY,45212
34XX BEEKMAN ST,39.152489,84.550339,61-70,N/A,N/A,08/11/2018 06:25:00 PM +0000,10 - DRIVEWAY/ALLEY ACCESS,3 - PROPERTY DAMAGE ONLY (PDO),3,08/11/2018 06:25:00 PM +0000,SAT,M - MALE,1 - NO INJURY / NONE REPORTED,B9B55B1E-B768-4788-BC2F-091D87FB03A3,1 - DAYLIGHT,185011187,3 - HEAD-ON,02 - WET,1 - STRAIGHT LEVEL,"2 - BLACKTOP, BITUMINOUS, ASPHALT",N/A,D - DRIVER,4 - RAIN,45223
S I75 AT 6-3 MM,39.162973,-84.509538,31-40,NORTH AVONDALE,CLIFTON,08/19/2018 07:57:00 PM +0000,01 - NOT AN INTERSECTION,2 - INJURY,2,08/19/2018 07:58:00 PM +0000,SUN,F - FEMALE,4 - INCAPACITATING,75E3616D-F632-4CCC-B4A1-AA2E6953A98B,3 - DUSK,185011609,"7 - SIDESWIPE, SAME DIRECTION",01 - DRY,3 - CURVE LEVEL,"2 - BLACKTOP, BITUMINOUS, ASPHALT",CLIFTON,D - DRIVER,1 - CLEAR,45229
18XX DENHAM ST,39.135326,84.557756,31-40,N/A,N/A,08/02/2018 09:00:00 AM +0000,01 - NOT AN INTERSECTION,3 - PROPERTY DAMAGE ONLY (PDO),3,08/02/2018 09:59:00 AM +0000,THU,M - MALE,1 - NO INJURY / NONE REPORTED,CF1BE859-4216-47B6-8D47-7F2717E89026,9 - UNKNOWN,185010694,1 - NOT COLLISION BETWEEN TWO MOTOR VEHICLES IN TRANSPORT,01 - DRY,1 - STRAIGHT LEVEL,"2 - BLACKTOP, BITUMINOUS, ASPHALT",N/A,D - DRIVER,9 - OTHER/UNKNOWN,45225
36XX SPRING GROVE AV,39.152661,84.541894,18-25,N/A,N/A,08/16/2018 09:15:00 AM +0000,03 - T-INTERSECTION,2 - INJURY,2,08/16/2018 10:07:03 AM +0000,THU,F - FEMALE,2 - POSSIBLE,1B029F3E-8BC5-49C2-A145-0BE4D4804FBC,1 - DAYLIGHT,185011401,6 - ANGLE,02 - WET,1 - STRAIGHT LEVEL,"2 - BLACKTOP, BITUMINOUS, ASPHALT",N/A,D - DRIVER,4 - RAIN,45223
S I75 AT 4-1 MM,39.144861,84.536293,18-25,N/A,N/A,08/03/2018 12:03:00 PM +0000,01 - NOT AN INTERSECTION,2 - INJURY,2,08/03/2018 12:03:00 PM +0000,FRI,F - FEMALE,1 - NO INJURY / NONE REPORTED,9F1AD872-EFC1-49FF-A051-6A2DFF32EF27,1 - DAYLIGHT,185010751,2 - REAR-END,01 - DRY,3 - CURVE LEVEL,"2 - BLACKTOP, BITUMINOUS, ASPHALT",N/A,D - DRIVER,1 - CLEAR,45223
12XX WESTERN HILLS VIA,39.124537,-84.543452,UNKNOWN,CAMP WASHINGTON,CAMP  WASHINGTON,08/04/2018 01:39:00 AM +0000,04 - Y-INTERSECTION,2 - INJURY,2,08/04/2018 01:39:00 AM +0000,SAT,,1 - NO INJURY / NONE REPORTED,0D2F5AA1-A14F-4A4E-9C29-FC8C35D7DA9F,4 - DARK - LIGHTED ROADWAY,185010793,"7 - SIDESWIPE, SAME DIRECTION",01 - DRY,1 - STRAIGHT LEVEL,"2 - BLACKTOP, BITUMINOUS, ASPHALT",CAMP WASHINGTON,D - DRIVER,1 - CLEAR,45214
34XX VINE ST,39.143808,-84.509216,UNDER 18,AVONDALE,CLIFTON,08/21/2018 09:02:00 AM +0000,01 - NOT AN INTERSECTION,2 - INJURY,2,08/21/2018 09:16:00 AM +0000,TUE,M - MALE,2 - POSSIBLE,5EA7814A-4679-4580-BD94-4FD1132108E6,1 - DAYLIGHT,185011670,6 - ANGLE,01 - DRY,2 - STRAIGHT GRADE,"2 - BLACKTOP, BITUMINOUS, ASPHALT",CUF,O - OCCUPANT,1 - CLEAR,45220
16XX BRUCE AV,39.166631,84.541461,61-70,N/A,N/A,08/03/2018 04:58:46 PM +0000,01 - NOT AN INTERSECTION,3 - PROPERTY DAMAGE ONLY (PDO),3,08/03/2018 05:01:56 PM +0000,FRI,M - MALE,1 - NO INJURY / NONE REPORTED,977502E8-C00C-4E18-B005-998A3C4FC169,1 - DAYLIGHT,185010767,5 - BACKING,01 - DRY,1 - STRAIGHT LEVEL,"2 - BLACKTOP, BITUMINOUS, ASPHALT",N/A,D - DRIVER,1 - CLEAR,45223
55XX GLENWAY AV,39.132401,84.609695,UNKNOWN,N/A,N/A,08/26/2018 11:00:00 AM +0000,01 - NOT AN INTERSECTION,3 - PROPERTY DAMAGE ONLY (PDO),3,08/26/2018 05:17:30 PM +0000,SUN,,1 - NO INJURY / NONE REPORTED,4C48B9E4-2DEC-4135-9D10-993EF5FE322E,1 - DAYLIGHT,185011928,9 - UNKNOWN,01 - DRY,1 - STRAIGHT LEVEL,"2 - BLACKTOP, BITUMINOUS, ASPHALT",N/A,D - DRIVER,1 - CLEAR,45238
22XX RICE ST,39.121403,84.51458,18-25,N/A,N/A,08/02/2018 01:28:00 PM +0000,03 - T-INTERSECTION,3 - PROPERTY DAMAGE ONLY (PDO),3,08/02/2018 01:28:00 PM +0000,THU,F - FEMALE,1 - NO INJURY / NONE REPORTED,C6B9CE83-399B-44F9-B30A-5E525B22FD9F,1 - DAYLIGHT,185010703,"8 - SIDESWIPE, OPPOSITE DIRECTION",01 - DRY,4 - CURVE GRADE,"2 - BLACKTOP, BITUMINOUS, ASPHALT",N/A,D - DRIVER,2 - CLOUDY,45219
1XX CRAFT ST,39.1799,-84.51244,31-40,WINTON HILLS,WINTON HILLS,08/25/2018 04:00:00 PM +0000,01 - NOT AN INTERSECTION,3 - PROPERTY DAMAGE ONLY (PDO),3,08/25/2018 04:15:00 PM +0000,SAT,F - FEMALE,1 - NO INJURY / NONE REPORTED,D48D9FFF-AF14-48CE-9B61-A1BA5F8C18C6,1 - DAYLIGHT,185011885,"7 - SIDESWIPE, SAME DIRECTION",01 - DRY,1 - STRAIGHT LEVEL,"2 - BLACKTOP, BITUMINOUS, ASPHALT",WINTON HILLS,D - DRIVER,1 - CLEAR,45232
S I75 AT 4-1 MM,39.143271,84.536503,61-70,N/A,N/A,08/20/2018 04:35:00 PM +0000,01 - NOT AN INTERSECTION,3 - PROPERTY DAMAGE ONLY (PDO),3,08/20/2018 04:40:00 PM +0000,MON,M - MALE,1 - NO INJURY / NONE REPORTED,368C8683-B1BC-455E-83CB-BB86312E4546,1 - DAYLIGHT,185011643,2 - REAR-END,01 - DRY,1 - STRAIGHT LEVEL,"2 - BLACKTOP, BITUMINOUS, ASPHALT",N/A,D - DRIVER,1 - CLEAR,45223
N I75 AT 8-8 MM,39.187044,-84.481509,18-25,BOND HILL,BONDHILL,08/18/2018 12:57:00 AM +0000,01 - NOT AN INTERSECTION,3 - PROPERTY DAMAGE ONLY (PDO),3,08/20/2018 10:00:00 PM +0000,SAT,M - MALE,1 - NO INJURY / NONE REPORTED,77E9ECAF-5F60-4C88-8449-168F3873A3D0,4 - DARK - LIGHTED ROADWAY,185011657,6 - ANGLE,99 - UNKNOWN,1 - STRAIGHT LEVEL,"2 - BLACKTOP, BITUMINOUS, ASPHALT",ROSELAWN,D - DRIVER,9 - OTHER/UNKNOWN,45237