ADDRESS_X,LATITUDE_X,LONGITUDE_X,AGE,COMMUNITY_COUNCIL_NEIGHBORHOOD,CPD_NEIGHBORHOOD,CRASHDATE,CRASHLOCATION,CRASHSEVERITY,CRASHSEVERITYID,DATECRASHREPORTED,DAYOFWEEK,GENDER,INJURIES,INSTANCEID,LIGHTCONDITIONSPRIMARY,LOCALREPORTNO,MANNEROFCRASH,ROADCONDITIONSPRIMARY,ROADCONTOUR,ROADSURFACE,SNA_NEIGHBORHOOD,TYPEOFPERSON,WEATHER,ZIP
6XX CLINTON SPRINGS AV,39.155868,-84.497246,31-40,AVONDALE - NORTH AVONDALE,NORTH AVONDALE,08/06/2018 08:14:00 AM +0000,01 - NOT AN INTERSECTION,3 - PROPERTY DAMAGE ONLY (PDO),3,08/06/2018 08:38:00 AM +0000,MON,M - MALE,1 - NO INJURY / NONE REPORTED,DDE198CB-CC32-496D-8385-324CF3E7B991,1 - DAYLIGHT,185010868,6 - ANGLE,01 - DRY,3 - CURVE LEVEL,"2 - BLACKTOP, BITUMINOUS, ASPHALT",AVONDALE,D - DRIVER,1 - CLEAR,45229
15XX FRANKLIN AV,39.173698,-84.470711,UNKNOWN,BOND HILL,BONDHILL,08/11/2018 01:24:00 AM +0000,01 - NOT AN INTERSECTION,3 - PROPERTY DAMAGE ONLY (PDO),3,08/11/2018 02:00:00 AM +0000,SAT,,1 - NO INJURY / NONE REPORTED,A7C1B846-7AD1-4157-8DB9-F8CAB4876E82,4 - DARK - LIGHTED ROADWAY,185011145,1 - NOT COLLISION BETWEEN TWO MOTOR VEHICLES IN TRANSPORT,02 - WET,1 - STRAIGHT LEVEL,"2 - BLACKTOP, BITUMINOUS, ASPHALT",BOND HILL,D - DRIVER,4 - RAIN,45237
65XX MONTGOMERY RD,39.186791,84.416611,31-40,N/A,N/A,08/17/2018 08:00:00 PM +0000,01 - NOT AN INTERSECTION,3 - PROPERTY DAMAGE ONLY (PDO),3,08/17/2018 09:00:00 PM +0000,FRI,M - MALE,1 - NO INJURY / NONE REPORTED,11C0CAD6-6020-43F6-B84F-EC67E8FDFFBF,3 - DUSK,185011524,"7 - SIDESWIPE, SAME DIRECTION",01 - DRY,1 - STRAIGHT LEVEL,"2 - BLACKTOP, BITUMINOUS, ASPHALT",N/A,D - DRIVER,2 - CLOUDY,45213
36XX SHAW AV,39.143646,84.439077,31-40,N/A,N/A,08/13/2018 06:15:00 PM +0000,01 - NOT AN INTERSECTION,3 - PROPERTY DAMAGE ONLY (PDO),3,08/13/2018 06:16:00 PM +0000,MON,F - FEMALE,1 - NO INJURY / NONE REPORTED,4A82069C-8182-486E-A949-C4CB0E4D55C4,1 - DAYLIGHT,185011266,"7 - SIDESWIPE, SAME DIRECTION",01 - DRY,1 - STRAIGHT LEVEL,"2 - BLACKTOP, BITUMINOUS, ASPHALT",N/A,D - DRIVER,1 - CLEAR,45208
34XX HARVEY AV,39.143497,-84.498297,UNKNOWN,AVONDALE,AVONDALE,08/15/2018 04:30:00 PM +0000,03 - T-INTERSECTION,3 - PROPERTY DAMAGE ONLY (PDO),3,08/15/2018 04:40:00 PM +0000,WED,,1 - NO INJURY / NONE REPORTED,9C89F465-57DD-49BA-AD39-558957750064,1 - DAYLIGHT,185011367,6 - ANGLE,02 - WET,1 - STRAIGHT LEVEL,"2 - BLACKTOP, BITUMINOUS, ASPHALT",AVONDALE,D - DRIVER,2 - CLOUDY,45229
E I275 AT 72-0 MM,39.056109,84.391278,31-40,N/A,N/A,08/18/2018 05:24:00 PM +0000,01 - NOT AN INTERSECTION,3 - PROPERTY DAMAGE ONLY (PDO),3,08/18/2018 05:24:00 PM +0000,SAT,F - FEMALE,1 - NO INJURY / NONE REPORTED,79580239-C029-4810-ACDF-5A2A4680388E,1 - DAYLIGHT,185011556,2 - REAR-END,01 - DRY,1 - STRAIGHT LEVEL,1 - CONCRETE,N/A,D - DRIVER,1 - CLEAR,45230
33XX GLENWAY AV,39.114128,-84.563501,26-30,EAST PRICE HILL,EAST PRICE HILL,08/07/2018 11:17:00 AM +0000,02 - FOUR-WAY INTERSECTION,2 - INJURY,2,08/07/2018 11:19:00 AM +0000,TUE,F - FEMALE,2 - POSSIBLE,4431D367-824A-4621-99B8-39683784BD03,1 - DAYLIGHT,185010944,6 - ANGLE,01 - DRY,1 - STRAIGHT LEVEL,"2 - BLACKTOP, BITUMINOUS, ASPHALT",EAST PRICE HILL,D - DRIVER,1 - CLEAR,45205
2XX W MCMILLAN ST,39.128453,-84.522728,18-25,CUF - HEIGHTS,FAIRVIEW,08/14/2018 05:09:00 PM +0000,01 - NOT AN INTERSECTION,3 - PROPERTY DAMAGE ONLY (PDO),3,08/14/2018 05:11:00 PM +0000,TUE,M - MALE,1 - NO INJURY / NONE REPORTED,E46FA313-CF35-406A-A72D-6DD1DE4A2A69,1 - DAYLIGHT,185011318,"7 - SIDESWIPE, SAME DIRECTION",01 - DRY,1 - STRAIGHT LEVEL,"2 - BLACKTOP, BITUMINOUS, ASPHALT",CUF,D - DRIVER,1 - CLEAR,45219
12XX SYCAMORE ST,39.11003,-84.51073,18-25,OTR,OVER-THE-RHINE,08/22/2018 03:00:00 AM +0000,03 - T-INTERSECTION,2 - INJURY,2,08/22/2018 03:05:00 AM +0000,WED,F - FEMALE,3 - NON-INCAPACITATING,C3D678B6-BF8E-4FF5-8F40-D5A0C7C6328C,6 - DARK – UNKNOWN ROADWAY LIGHTING,185011709,6 - ANGLE,01 - DRY,1 - STRAIGHT LEVEL,1 - CONCRETE,OVER-THE-RHINE,O - OCCUPANT,1 - CLEAR,45202
10XX SYCAMORE,39.107288,-84.509836,61-70,DOWNTOWN,C. B. D. / RIVERFRONT,08/28/2018 10:03:00 AM +0000,01 - NOT AN INTERSECTION,3 - PROPERTY DAMAGE ONLY (PDO),3,08/28/2018 10:07:00 AM +0000,TUE,M - MALE,1 - NO INJURY / NONE REPORTED,7470E3F5-87D1-4575-A9BD-BCCCA8D9503B,1 - DAYLIGHT,185012000,5 - BACKING,01 - DRY,1 - STRAIGHT LEVEL,"2 - BLACKTOP, BITUMINOUS, ASPHALT",DOWNTOWN,D - DRIVER,1 - CLEAR,45202
65XX BENDER RD,39.10097,84.67013,61-70,N/A,N/A,08/28/2018 05:05:00 PM +0000,02 - FOUR-WAY INTERSECTION,3 - PROPERTY DAMAGE ONLY (PDO),3,08/28/2018 05:29:00 PM +0000,TUE,M - MALE,1 - NO INJURY / NONE REPORTED,2F797D44-7DE0-46FA-B922-7E9DF7307FD8,1 - DAYLIGHT,185012022,6 - ANGLE,01 - DRY,1 - STRAIGHT LEVEL,"2 - BLACKTOP, BITUMINOUS, ASPHALT",N/A,D - DRIVER,1 - CLEAR,45233
20XX HARRISON AV,39.134261,84.566852,18-25,N/A,N/A,08/15/2018 07:20:00 AM +0000,01 - NOT AN INTERSECTION,2 - INJURY,2,08/15/2018 07:21:00 AM +0000,WED,F - FEMALE,1 - NO INJURY / NONE REPORTED,D8582431-8C17-447C-B6B0-51B7DF49D16A,1 - DAYLIGHT,185011339,2 - REAR-END,01 - DRY,1 - STRAIGHT LEVEL,"2 - BLACKTOP, BITUMINOUS, ASPHALT",N/A,D - DRIVER,1 - CLEAR,45214
17XX QUEEN CITY AV,39.125838,84.558091,UNKNOWN,N/A,N/A,08/10/2018 01:30:00 PM +0000,01 - NOT AN INTERSECTION,3 - PROPERTY DAMAGE ONLY (PDO),3,08/10/2018 01:34:00 PM +0000,FRI,,1 - NO INJURY / NONE REPORTED,78AFE9F6-8E65-4F46-BC16-A9000D7E55F6,1 - DAYLIGHT,185011104,2 - REAR-END,01 - DRY,1 - STRAIGHT LEVEL,"2 - BLACKTOP, BITUMINOUS, ASPHALT",N/A,D - DRIVER,1 - CLEAR,45214
30XX RAMONA AV,39.143271,-84.602781,UNKNOWN,WESTWOOD,WESTWOOD,08/06/2018 05:00:00 PM +0000,01 - NOT AN INTERSECTION,3 - PROPERTY DAMAGE ONLY (PDO),3,08/06/2018 05:50:00 PM +0000,MON,,1 - NO INJURY / NONE REPORTED,3C2D0290-A9E1-44D5-A400-DB8A4DBEF287,1 - DAYLIGHT,185010897,"7 - SIDESWIPE, SAME DIRECTION",01 - DRY,2 - STRAIGHT GRADE,"2 - BLACKTOP, BITUMINOUS, ASPHALT",WESTWOOD,D - DRIVER,1 - CLEAR,45211
23XX CHICKASAW ST,39.126025,-84.521024,UNKNOWN,CUF,FAIRVIEW,08/04/2018 09:00:00 AM +0000,01 - NOT AN INTERSECTION,3 - PROPERTY DAMAGE ONLY (PDO),3,08/05/2018 11:00:00 AM +0000,SAT,,1 - NO INJURY / NONE REPORTED,9B45792A-58C0-4C7A-BF23-0B4CE170D7A1,4 - DARK - LIGHTED ROADWAY,185010864,"7 - SIDESWIPE, SAME DIRECTION",01 - DRY,1 - STRAIGHT LEVEL,"2 - BLACKTOP, BITUMINOUS, ASPHALT",CUF,D - DRIVER,1 - CLEAR,45219
S I75 AT 0-9 MM,39.103329,84.525838,31-40,N/A,N/A,08/10/2018 04:48:00 PM +0000,01 - NOT AN INTERSECTION,2 - INJURY,2,08/10/2018 04:50:00 PM +0000,FRI,M - MALE,1 - NO INJURY / NONE REPORTED,A0870A8C-601D-437A-BE2A-9C18391A5291,1 - DAYLIGHT,185011117,2 - REAR-END,01 - DRY,1 - STRAIGHT LEVEL,"2 - BLACKTOP, BITUMINOUS, ASPHALT",N/A,D - DRIVER,2 - CLOUDY,45202
X CHARLTON ST,39.130951,-84.508462,UNKNOWN,CORRYVILLE,CORRYVILLE,08/25/2018 06:45:00 PM +0000,01 - NOT AN INTERSECTION,3 - PROPERTY DAMAGE ONLY (PDO),3,08/25/2018 06:50:00 PM +0000,SAT,,1 - NO INJURY / NONE REPORTED,3BEA4505-9787-4E40-BD5D-2B2F91AD886C,3 - DUSK,185011892,1 - NOT COLLISION BETWEEN TWO MOTOR VEHICLES IN TRANSPORT,01 - DRY,2 - STRAIGHT GRADE,"2 - BLACKTOP, BITUMINOUS, ASPHALT",CORRYVILLE,P - PEDESTRIAN,1 - CLEAR,45219
N I75 AT 8-8 MM,39.186584,-84.482999,31-40,BOND HILL,BONDHILL,08/18/2018 12:57:00 AM +0000,01 - NOT AN INTERSECTION,3 - PROPERTY DAMAGE ONLY (PDO),3,08/20/2018 10:00:00 PM +0000,SAT,F - FEMALE,1 - NO INJURY / NONE REPORTED,77E9ECAF-5F60-4C88-8449-168F3873A3D0,4 - DARK - LIGHTED ROADWAY,185011657,6 - ANGLE,99 - UNKNOWN,1 - STRAIGHT LEVEL,"2 - BLACKTOP, BITUMINOUS, ASPHALT",ROSELAWN,D - DRIVER,9 - OTHER/UNKNOWN,45237
6XX CENTRAL AV,39.102175,-84.519461,61-70,WEST END,C. B. D. / RIVERFRONT,08/25/2018 01:45:00 PM +0000,01 - NOT AN INTERSECTION,2 - INJURY,2,08/25/2018 01:49:00 PM +0000,SAT,M - MALE,1 - NO INJURY / NONE REPORTED,87B23380-9C1E-4ABF-B897-39688FA44138,1 - DAYLIGHT,185011883,6 - ANGLE,02 - WET,1 - STRAIGHT LEVEL,"2 - BLACKTOP, BITUMINOUS, ASPHALT",WEST END,D - DRIVER,2 - CLOUDY,45203
16XX RACE ST,39.112674,-84.518679,41-50,OTR,OVER-THE-RHINE,08/10/2018 07:04:00 PM +0000,01 - NOT AN INTERSECTION,3 - PROPERTY DAMAGE ONLY (PDO),3,08/10/2018 07:04:00 PM +0000,FRI,M - MALE,1 - NO INJURY / NONE REPORTED,3A4EEDFA-480D-4D00-8C9A-D34E4EC077DE,1 - DAYLIGHT,185011126,6 - ANGLE,01 - DRY,1 - STRAIGHT LEVEL,"2 - BLACKTOP, BITUMINOUS, ASPHALT",OVER-THE-RHINE,D - DRIVER,1 - CLEAR,45202
31XX WOODFORD RD,39.181761,84.427641,OVER 70,N/A,N/A,08/12/2018 02:30:00 AM +0000,01 - NOT AN INTERSECTION,3 - PROPERTY DAMAGE ONLY (PDO),3,08/12/2018 02:36:00 AM +0000,SUN,M - MALE,1 - NO INJURY / NONE REPORTED,DD013C66-7C07-448F-97A3-68659E9D314A,4 - DARK - LIGHTED ROADWAY,185011201,5 - BACKING,01 - DRY,1 - STRAIGHT LEVEL,1 - CONCRETE,N/A,D - DRIVER,1 - CLEAR,45213
48XX RED BANK EX,39.162207,84.404373,41-50,N/A,N/A,08/25/2018 12:43:00 PM +0000,01 - NOT AN INTERSECTION,3 - PROPERTY DAMAGE ONLY (PDO),3,08/25/2018 12:43:00 PM +0000,SAT,M - MALE,1 - NO INJURY / NONE REPORTED,01AA9A35-2B56-43C0-BC35-43DD80F56529,1 - DAYLIGHT,185011873,2 - REAR-END,02 - WET,1 - STRAIGHT LEVEL,1 - CONCRETE,N/A,D - DRIVER,4 - RAIN,45227
51XX GLENWAY AV,39.123705,84.602401,31-40,N/A,N/A,08/23/2018 02:15:00 PM +0000,02 - FOUR-WAY INTERSECTION,3 - PROPERTY DAMAGE ONLY (PDO),3,08/23/2018 02:17:00 PM +0000,THU,F - FEMALE,1 - NO INJURY / NONE REPORTED,3AC9BBF4-93DC-4918-ADFD-765A23D24C1A,1 - DAYLIGHT,185011783,"7 - SIDESWIPE, SAME DIRECTION",01 - DRY,1 - STRAIGHT LEVEL,"2 - BLACKTOP, BITUMINOUS, ASPHALT",N/A,D - DRIVER,1 - CLEAR,45238
N I71 AT 2-3 MM,39.140801,84.412306,41-50,N/A,N/A,08/24/2018 06:29:00 AM +0000,01 - NOT AN INTERSECTION,3 - PROPERTY DAMAGE ONLY (PDO),3,08/24/2018 06:29:00 AM +0000,FRI,M - MALE,1 - NO INJURY / NONE REPORTED,F4FC08C1-7242-45E6-B192-424395DA32BD,2 - DAWN,185011831,2 - REAR-END,01 - DRY,2 - STRAIGHT GRADE,"2 - BLACKTOP, BITUMINOUS, ASPHALT",N/A,D - DRIVER,1 - CLEAR,45219
27XX MONTANA AV,39.151691,-84.587734,OVER 70,WESTWOOD,WESTWOOD,08/21/2018 03:48:00 PM +0000,01 - NOT AN INTERSECTION,3 - PROPERTY DAMAGE ONLY (PDO),3,08/21/2018 03:48:00 PM +0000,TUE,F - FEMALE,1 - NO INJURY / NONE REPORTED,573056CB-7BF0-468F-AF5C-3DBAF44681D6,1 - DAYLIGHT,185011692,2 - REAR-END,01 - DRY,1 - STRAIGHT LEVEL,"2 - BLACKTOP, BITUMINOUS, ASPHALT",WESTWOOD,D - DRIVER,1 - CLEAR,45211
S I75 AT 9-2 MM,39.191544,84.479127,18-25,N/A,N/A,08/17/2018 05:45:00 PM +0000,01 - NOT AN INTERSECTION,2 - INJURY,2,08/17/2018 05:47:00 PM +0000,FRI,M - MALE,1 - NO INJURY / NONE REPORTED,F35238FE-821B-4B32-A209-719CC0E3CF12,1 - DAYLIGHT,185011515,2 - REAR-END,01 - DRY,1 - STRAIGHT LEVEL,"2 - BLACKTOP, BITUMINOUS, ASPHALT",N/A,D - DRIVER,2 - CLOUDY,45216
46XX SPRING GROVE AV,39.165421,-84.519275,18-25,SPRING GROVE VILLAGE,SPRING GROVE VILLAGE,08/25/2018 06:50:00 PM +0000,02 - FOUR-WAY INTERSECTION,2 - INJURY,2,08/25/2018 07:00:00 PM +0000,SAT,F - FEMALE,1 - NO INJURY / NONE REPORTED,2C9E59A0-BDFB-45AA-9B37-96068A82EC3E,1 - DAYLIGHT,185011895,6 - ANGLE,02 - WET,1 - STRAIGHT LEVEL,"2 - BLACKTOP, BITUMINOUS, ASPHALT",SPRING GROVE VILLAGE,D - DRIVER,4 - RAIN,45232
16XX FIRST AV,39.117194,-84.578905,UNKNOWN,WEST PRICE HILL,WEST PRICE HILL,08/15/2018 03:39:00 PM +0000,01 - NOT AN INTERSECTION,3 - PROPERTY DAMAGE ONLY (PDO),3,08/15/2018 03:40:00 PM +0000,WED,,1 - NO INJURY / NONE REPORTED,15B13536-233B-4D42-B682-1B906BBF2E67,1 - DAYLIGHT,185011368,"7 - SIDESWIPE, SAME DIRECTION",02 - WET,1 - STRAIGHT LEVEL,"2 - BLACKTOP, BITUMINOUS, ASPHALT",WEST PRICE HILL,D - DRIVER,4 - RAIN,45205
83XX BURNS AV,39.213601,84.470794,41-50,N/A,N/A,08/03/2018 05:55:00 PM +0000,02 - FOUR-WAY INTERSECTION,3 - PROPERTY DAMAGE ONLY (PDO),3,08/03/2018 05:59:00 PM +0000,FRI,M - MALE,1 - NO INJURY / NONE REPORTED,213AB977-D6D1-4DF6-8D46-9AE516B6FD90,1 - DAYLIGHT,185010776,2 - REAR-END,01 - DRY,1 - STRAIGHT LEVEL,"2 - BLACKTOP, BITUMINOUS, ASPHALT",N/A,D - DRIVER,1 - CLEAR,45216
28XX JEFFERSON AV,39.132041,-84.512018,18-25,CORRYVILLE - HEIGHTS,CLIFTON/UNIVERSITY HEIGHTS,08/10/2018 10:59:00 PM +0000,02 - FOUR-WAY INTERSECTION,2 - INJURY,2,08/10/2018 10:59:00 PM +0000,FRI,F - FEMALE,3 - NON-INCAPACITATING,3AC9F487-D910-4B84-B501-0EAB0B025DAD,4 - DARK - LIGHTED ROADWAY,185011137,6 - ANGLE,01 - DRY,1 - STRAIGHT LEVEL,"2 - BLACKTOP, BITUMINOUS, ASPHALT",CUF,D - DRIVER,2 - CLOUDY,45221
S I75 AT 3-8 MM,39.102168,84.512721,18-25,N/A,N/A,08/15/2018 03:49:00 PM +0000,01 - NOT AN INTERSECTION,2 - INJURY,2,08/15/2018 03:50:00 PM +0000,WED,M - MALE,1 - NO INJURY / NONE REPORTED,7D587BA9-D7BA-4536-9CA5-AA597F628AD5,1 - DAYLIGHT,185011358,2 - REAR-END,02 - WET,1 - STRAIGHT LEVEL,"2 - BLACKTOP, BITUMINOUS, ASPHALT",N/A,D - DRIVER,4 - RAIN,45223
36XX MARBURG AV,39.142493,-84.423114,51-60,HYDE PARK,HYDE PARK,08/22/2018 05:54:00 PM +0000,01 - NOT AN INTERSECTION,3 - PROPERTY DAMAGE ONLY (PDO),3,08/22/2018 05:54:00 PM +0000,WED,M - MALE,1 - NO INJURY / NONE REPORTED,A0C6AC3B-6365-4AA4-BF04-5D93E715BA0D,1 - DAYLIGHT,185011753,2 - REAR-END,01 - DRY,1 - STRAIGHT LEVEL,"2 - BLACKTOP, BITUMINOUS, ASPHALT",HYDE PARK,D - DRIVER,1 - CLEAR,45208
63XX MADISON RD,39.161261,-84.387281,51-60,MADISONVILLE,MADISONVILLE,08/16/2018 03:18:00 PM +0000,03 - T-INTERSECTION,3 - PROPERTY DAMAGE ONLY (PDO),3,08/16/2018 03:19:00 PM +0000,THU,M - MALE,1 - NO INJURY / NONE REPORTED,84877F2C-21DA-4902-AA81-C8838F29BFED,1 - DAYLIGHT,185011432,1 - NOT COLLISION BETWEEN TWO MOTOR VEHICLES IN TRANSPORT,02 - WET,1 - STRAIGHT LEVEL,"2 - BLACKTOP, BITUMINOUS, ASPHALT",MADISONVILLE,D - DRIVER,4 - RAIN,45227
15XX ELM ST,39.112576,-84.51976,26-30,OTR,OVER-THE-RHINE,08/27/2018 11:19:00 AM +0000,01 - NOT AN INTERSECTION,3 - PROPERTY DAMAGE ONLY (PDO),3,08/27/2018 11:30:00 AM +0000,MON,F - FEMALE,1 - NO INJURY / NONE REPORTED,02C37175-7EB3-4176-AB87-FC9E1E402DF4,1 - DAYLIGHT,185011948,1 - NOT COLLISION BETWEEN TWO MOTOR VEHICLES IN TRANSPORT,01 - DRY,1 - STRAIGHT LEVEL,"2 - BLACKTOP, BITUMINOUS, ASPHALT",OVER-THE-RHINE,D - DRIVER,1 - CLEAR,45202
XX E 3RD ST,39.099667,-84.509922,31-40,DOWNTOWN,C. B. D. / RIVERFRONT,08/27/2018 01:10:00 PM +0000,02 - FOUR-WAY INTERSECTION,3 - PROPERTY DAMAGE ONLY (PDO),3,08/27/2018 01:10:00 PM +0000,MON,M - MALE,1 - NO INJURY / NONE REPORTED,8EC17472-F7AB-47B8-BD99-A1F0B93074A5,1 - DAYLIGHT,185011956,6 - ANGLE,01 - DRY,2 - STRAIGHT GRADE,1 - CONCRETE,DOWNTOWN,D - DRIVER,1 - CLEAR,45202
75XX READING RD,39.196611,-84.446551,26-30,N/A,N/A,08/08/2018 12:00:00 PM +0000,02 - FOUR-WAY INTERSECTION,3 - PROPERTY DAMAGE ONLY (PDO),3,08/08/2018 12:15:00 PM +0000,WED,M - MALE,1 - NO INJURY / NONE REPORTED,CACB829C-9223-4764-9886-FCC1A90CBB39,1 - DAYLIGHT,185011010,2 - REAR-END,01 - DRY,1 - STRAIGHT LEVEL,"2 - BLACKTOP, BITUMINOUS, ASPHALT",N/A,D - DRIVER,2 - CLOUDY,45237
66XX DALY RD,39.208871,84.532723,41-50,N/A,N/A,08/28/2018 03:46:00 PM +0000,01 - NOT AN INTERSECTION,3 - PROPERTY DAMAGE ONLY (PDO),3,08/28/2018 04:10:00 PM +0000,TUE,M - MALE,1 - NO INJURY / NONE REPORTED,6B755655-267E-4A6C-B906-DC533059C743,1 - DAYLIGHT,185012012,2 - REAR-END,01 - DRY,1 - STRAIGHT LEVEL,"2 - BLACKTOP, BITUMINOUS, ASPHALT",N/A,D - DRIVER,1 - CLEAR,45231
17XX SUTTER AV,39.136751,-84.554301,UNKNOWN,NORTH FAIRMOUNT,NORTH FAIRMOUNT,08/19/2018 08:25:00 AM +0000,01 - NOT AN INTERSECTION,3 - PROPERTY DAMAGE ONLY (PDO),3,08/19/2018 08:26:00 AM +0000,SUN,F - FEMALE,1 - NO INJURY / NONE REPORTED,A58897AF-BABB-474F-9C93-D7AB0BA5D531,1 - DAYLIGHT,185011582,"8 - SIDESWIPE, OPPOSITE DIRECTION",01 - DRY,2 - STRAIGHT GRADE,1 - CONCRETE,NORTH FAIRMOUNT,D - DRIVER,1 - CLEAR,45225
16XX HARRISON AV,39.128256,84.553006,41-50,N/A,N/A,08/20/2018 03:28:00 PM +0000,03 - T-INTERSECTION,3 - PROPERTY DAMAGE ONLY (PDO),3,08/20/2018 03:28:00 PM +0000,MON,F - FEMALE,1 - NO INJURY / NONE REPORTED,BBA19655-B0F0-463B-94E4-FA4E5277B1D4,1 - DAYLIGHT,185011650,2 - REAR-END,02 - WET,4 - CURVE GRADE,"2 - BLACKTOP, BITUMINOUS, ASPHALT",N/A,D - DRIVER,2 - CLOUDY,45214
48XX GRAY RD,39.181263,-84.526806,26-30,SPRING GROVE - WINTON HILLS,WINTON HILLS,08/25/2018 06:07:00 AM +0000,01 - NOT AN INTERSECTION,3 - PROPERTY DAMAGE ONLY (PDO),3,08/25/2018 06:28:00 AM +0000,SAT,M - MALE,1 - NO INJURY / NONE REPORTED,54EF425E-FF78-4440-81BB-0691D3FAD495,2 - DAWN,185011865,9 - UNKNOWN,01 - DRY,1 - STRAIGHT LEVEL,"2 - BLACKTOP, BITUMINOUS, ASPHALT",COLLEGE HILL,D - DRIVER,2 - CLOUDY,45232
18XX QUEEN CITY AV,39.125915,-84.557508,UNDER 18,SOUTH FAIRMOUNT,SOUTH  FAIRMOUNT,08/11/2018 10:48:00 PM +0000,01 - NOT AN INTERSECTION,3 - PROPERTY DAMAGE ONLY (PDO),3,08/11/2018 10:49:00 PM +0000,SAT,F - FEMALE,1 - NO INJURY / NONE REPORTED,85B18C33-EB1C-4E7A-B048-1982D9F66BDF,4 - DARK - LIGHTED ROADWAY,185011199,1 - NOT COLLISION BETWEEN TWO MOTOR VEHICLES IN TRANSPORT,02 - WET,1 - STRAIGHT LEVEL,"2 - BLACKTOP, BITUMINOUS, ASPHALT",SOUTH FAIRMOUNT,O - OCCUPANT,2 - CLOUDY,45214
1XX CLINTON SPRINGS AV,39.157366,-84.501046,31-40,AVONDALE - NORTH AVONDALE,NORTH AVONDALE,08/21/2018 12:45:00 PM +0000,01 - NOT AN INTERSECTION,2 - INJURY,2,08/21/2018 12:50:00 PM +0000,TUE,M - MALE,3 - NON-INCAPACITATING,DB8E1A23-8E8D-451A-B4AB-C51C509A4EFC,1 - DAYLIGHT,185011681,1 - NOT COLLISION BETWEEN TWO MOTOR VEHICLES IN TRANSPORT,01 - DRY,4 - CURVE GRADE,"2 - BLACKTOP, BITUMINOUS, ASPHALT",AVONDALE,D - DRIVER,2 - CLOUDY,45217
1XX E COURT ST,39.107065,-84.512801,31-40,DOWNTOWN,C. B. D. / RIVERFRONT,08/16/2018 09:40:00 AM +0000,01 - NOT AN INTERSECTION,3 - PROPERTY DAMAGE ONLY (PDO),3,08/16/2018 09:43:00 AM +0000,THU,M - MALE,1 - NO INJURY / NONE REPORTED,B740B9B1-62E7-4F92-BC33-153CD2474A9F,1 - DAYLIGHT,185011406,5 - BACKING,02 - WET,1 - STRAIGHT LEVEL,3 - BRICK/BLOCK,DOWNTOWN,D - DRIVER,4 - RAIN,45202
18XX WYOMING AV,39.120831,-84.574913,UNKNOWN,WEST PRICE HILL,WEST PRICE HILL,08/04/2018 09:00:00 PM +0000,01 - NOT AN INTERSECTION,3 - PROPERTY DAMAGE ONLY (PDO),3,08/04/2018 09:27:00 PM +0000,SAT,,1 - NO INJURY / NONE REPORTED,4FC548E1-934B-4293-906A-8A10B26027E8,4 - DARK - LIGHTED ROADWAY,185010837,1 - NOT COLLISION BETWEEN TWO MOTOR VEHICLES IN TRANSPORT,01 - DRY,2 - STRAIGHT GRADE,"2 - BLACKTOP, BITUMINOUS, ASPHALT",EAST PRICE HILL,D - DRIVER,1 - CLEAR,45205
37XX PAXTON AV,39.146604,84.424199,31-40,N/A,N/A,08/04/2018 11:00:00 AM +0000,01 - NOT AN INTERSECTION,3 - PROPERTY DAMAGE ONLY (PDO),3,08/04/2018 11:00:00 AM +0000,SAT,F - FEMALE,1 - NO INJURY / NONE REPORTED,D89B46A0-ECB6-4B95-907C-B6BE0EA7F88F,1 - DAYLIGHT,185010805,6 - ANGLE,01 - DRY,1 - STRAIGHT LEVEL,"2 - BLACKTOP, BITUMINOUS, ASPHALT",N/A,D - DRIVER,1 - CLEAR,45209
26XX WESTWOOD NORTHERN BV,39.150241,-84.589361,41-50,WESTWOOD,WESTWOOD,08/21/2018 07:54:00 AM +0000,02 - FOUR-WAY INTERSECTION,3 - PROPERTY DAMAGE ONLY (PDO),3,08/21/2018 07:54:00 AM +0000,TUE,M - MALE,1 - NO INJURY / NONE REPORTED,D0D82CE3-D72F-4A6D-9DE4-5E749EC3D48E,1 - DAYLIGHT,185011666,6 - ANGLE,01 - DRY,1 - STRAIGHT LEVEL,"2 - BLACKTOP, BITUMINOUS, ASPHALT",WESTWOOD,D - DRIVER,2 - CLOUDY,45211
42XX VINE ST,39.160354,-84.504314,61-70,NORTH AVONDALE,CLIFTON,08/11/2018 01:18:00 PM +0000,02 - FOUR-WAY INTERSECTION,3 - PROPERTY DAMAGE ONLY (PDO),3,08/11/2018 01:24:00 PM +0000,SAT,F - FEMALE,1 - NO INJURY / NONE REPORTED,1FC4D274-E6F9-4712-9CE0-ED12A2BC6388,1 - DAYLIGHT,185011171,"7 - SIDESWIPE, SAME DIRECTION",02 - WET,1 - STRAIGHT LEVEL,"2 - BLACKTOP, BITUMINOUS, ASPHALT",CLIFTON,D - DRIVER,2 - CLOUDY,45217