ADDRESS_X,LATITUDE_X,LONGITUDE_X,AGE,COMMUNITY_COUNCIL_NEIGHBORHOOD,CPD_NEIGHBORHOOD,CRASHDATE,CRASHLOCATION,CRASHSEVERITY,CRASHSEVERITYID,DATECRASHREPORTED,DAYOFWEEK,GENDER,INJURIES,INSTANCEID,LIGHTCONDITIONSPRIMARY,LOCALREPORTNO,MANNEROFCRASH,ROADCONDITIONSPRIMARY,ROADCONTOUR,ROADSURFACE,SNA_NEIGHBORHOOD,TYPEOFPERSON,WEATHER,ZIP
36XX MONTGOMERY RD,39.146881,84.467844,18-25,N/A,N/A,08/03/2018 06:18:00 PM +0000,01 - NOT AN INTERSECTION,3 - PROPERTY DAMAGE ONLY (PDO),3,08/03/2018 06:18:00 PM +0000,FRI,M - MALE,1 - NO INJURY / NONE REPORTED,097BD2C8-A657-4969-971C-28E4C022D7B4,1 - DAYLIGHT,185010777,"8 - SIDESWIPE, OPPOSITE DIRECTION",01 - DRY,1 - STRAIGHT LEVEL,1 - CONCRETE,N/A,D - DRIVER,1 - CLEAR,45207
3XX W 3RD ST,39.099064,84.517307,41-50,N/A,N/A,08/03/2018 11:28:00 AM +0000,01 - NOT AN INTERSECTION,3 - PROPERTY DAMAGE ONLY (PDO),3,08/03/2018 11:30:00 AM +0000,FRI,M - MALE,1 - NO INJURY / NONE REPORTED,E526A2A0-3356-4559-BEFC-AFABE6FD6503,1 - DAYLIGHT,185010748,2 - REAR-END,01 - DRY,1 - STRAIGHT LEVEL,"2 - BLACKTOP, BITUMINOUS, ASPHALT",N/A,D - DRIVER,1 - CLEAR,45202
33XX GLENWAY AV,39.113626,84.564006,OVER 70,N/A,N/A,08/16/2018 01:05:00 PM +0000,02 - FOUR-WAY INTERSECTION,3 - PROPERTY DAMAGE ONLY (PDO),3,08/16/2018 01:12:00 PM +0000,THU,M - MALE,1 - NO INJURY / NONE REPORTED,DAAC23B6-B7E3-4954-BDF5-F2623E3AD030,1 - DAYLIGHT,185011421,"7 - SIDESWIPE, SAME DIRECTION",02 - WET,1 - STRAIGHT LEVEL,"2 - BLACKTOP, BITUMINOUS, ASPHALT",N/A,D - DRIVER,4 - RAIN,45205
E I74 AT 19-2 MM,39.151701,-84.539146,18-25,CAMP WASHINGTON,CAMP  WASHINGTON,08/14/2018 05:40:00 PM +0000,08 - OFF RAMP,3 - PROPERTY DAMAGE ONLY (PDO),3,08/14/2018 05:41:00 PM +0000,TUE,F - FEMALE,1 - NO INJURY / NONE REPORTED,3E5D79C5-F813-4DC3-8AD8-0BCBEB08A430,1 - DAYLIGHT,185011309,1 - NOT COLLISION BETWEEN TWO MOTOR VEHICLES IN TRANSPORT,01 - DRY,3 - CURVE LEVEL,"2 - BLACKTOP, BITUMINOUS, ASPHALT",CAMP WASHINGTON,D - DRIVER,2 - CLOUDY,45211
33XX GLENWAY AV,39.113286,84.564476,UNDER 18,N/A,N/A,08/16/2018 01:05:00 PM +0000,02 - FOUR-WAY INTERSECTION,3 - PROPERTY DAMAGE ONLY (PDO),3,08/16/2018 01:12:00 PM +0000,THU,F - FEMALE,1 - NO INJURY / NONE REPORTED,DAAC23B6-B7E3-4954-BDF5-F2623E3AD030,1 - DAYLIGHT,185011421,"7 - SIDESWIPE, SAME DIRECTION",02 - WET,1 - STRAIGHT LEVEL,"2 - BLACKTOP, BITUMINOUS, ASPHALT",N/A,D - DRIVER,4 - RAIN,45205
S I71 AT 3-9 MM,39.136828,-84.489392,18-25,AVONDALE,AVONDALE,08/10/2018 10:50:00 PM +0000,01 - NOT AN INTERSECTION,2 - INJURY,2,08/10/2018 11:06:00 PM +0000,FRI,F - FEMALE,3 - NON-INCAPACITATING,C968778E-328B-4790-B1C8-1D399933B1DF,4 - DARK - LIGHTED ROADWAY,185011140,1 - NOT COLLISION BETWEEN TWO MOTOR VEHICLES IN TRANSPORT,01 - DRY,1 - STRAIGHT LEVEL,"2 - BLACKTOP, BITUMINOUS, ASPHALT",AVONDALE,O - OCCUPANT,1 - CLEAR,45229
7XX BENT DR,39.113132,-84.525902,18-25,WEST END,WEST  END,08/23/2018 11:15:00 PM +0000,01 - NOT AN INTERSECTION,2 - INJURY,2,08/23/2018 11:23:00 PM +0000,THU,F - FEMALE,3 - NON-INCAPACITATING,B6C762DD-192F-4C4C-B025-22FB80FED937,4 - DARK - LIGHTED ROADWAY,185011811,6 - ANGLE,01 - DRY,1 - STRAIGHT LEVEL,"2 - BLACKTOP, BITUMINOUS, ASPHALT",WEST END,O - OCCUPANT,1 - CLEAR,45214
66XX DALY RD,39.207701,84.531963,UNKNOWN,N/A,N/A,08/28/2018 03:46:00 PM +0000,01 - NOT AN INTERSECTION,3 - PROPERTY DAMAGE ONLY (PDO),3,08/28/2018 04:10:00 PM +0000,TUE,M - MALE,1 - NO INJURY / NONE REPORTED,6B755655-267E-4A6C-B906-DC533059C743,1 - DAYLIGHT,185012012,2 - REAR-END,01 - DRY,1 - STRAIGHT LEVEL,"2 - BLACKTOP, BITUMINOUS, ASPHALT",N/A,D - DRIVER,1 - CLEAR,45231
65XX MONTGOMERY RD,39.18714,84.4171,26-30,N/A,N/A,08/24/2018 10:35:00 AM +0000,03 - T-INTERSECTION,3 - PROPERTY DAMAGE ONLY (PDO),3,08/24/2018 10:40:00 AM +0000,FRI,F - FEMALE,1 - NO INJURY / NONE REPORTED,1D24970B-7DFA-4A01-9EC5-12655A416F96,1 - DAYLIGHT,185011825,6 - ANGLE,01 - DRY,1 - STRAIGHT LEVEL,"2 - BLACKTOP, BITUMINOUS, ASPHALT",N/A,D - DRIVER,1 - CLEAR,45213
16XX QUEEN CITY,39.125668,84.549309,31-40,N/A,N/A,08/26/2018 02:35:00 PM +0000,01 - NOT AN INTERSECTION,3 - PROPERTY DAMAGE ONLY (PDO),3,08/26/2018 02:40:00 PM +0000,SUN,M - MALE,1 - NO INJURY / NONE REPORTED,04168F95-6113-42FA-9A47-8B9815D469CF,1 - DAYLIGHT,185011929,"7 - SIDESWIPE, SAME DIRECTION",01 - DRY,1 - STRAIGHT LEVEL,"2 - BLACKTOP, BITUMINOUS, ASPHALT",N/A,D - DRIVER,1 - CLEAR,45214
XX W KING DR,39.135451,84.508956,31-40,N/A,N/A,08/26/2018 01:57:00 PM +0000,02 - FOUR-WAY INTERSECTION,3 - PROPERTY DAMAGE ONLY (PDO),3,08/26/2018 02:10:00 PM +0000,SUN,M - MALE,1 - NO INJURY / NONE REPORTED,5063B910-B261-41A8-97AD-4E709E6245F1,1 - DAYLIGHT,185011919,6 - ANGLE,01 - DRY,2 - STRAIGHT GRADE,"2 - BLACKTOP, BITUMINOUS, ASPHALT",N/A,D - DRIVER,1 - CLEAR,45220
72XX EASTLAWN DR,39.19376,-84.455723,41-50,ROSELAWN,ROSELAWN,08/23/2018 03:30:00 PM +0000,03 - T-INTERSECTION,2 - INJURY,2,08/23/2018 08:00:00 PM +0000,THU,F - FEMALE,3 - NON-INCAPACITATING,EEFC30CD-821B-4F5C-B470-43542245EC2C,1 - DAYLIGHT,185011807,1 - NOT COLLISION BETWEEN TWO MOTOR VEHICLES IN TRANSPORT,01 - DRY,1 - STRAIGHT LEVEL,"2 - BLACKTOP, BITUMINOUS, ASPHALT",ROSELAWN,O - OCCUPANT,1 - CLEAR,45237
26XX BELLEVUE AV,39.132613,-84.501913,18-25,CORRYVILLE,CORRYVILLE,08/09/2018 05:47:00 PM +0000,02 - FOUR-WAY INTERSECTION,3 - PROPERTY DAMAGE ONLY (PDO),3,08/09/2018 05:47:00 PM +0000,THU,M - MALE,1 - NO INJURY / NONE REPORTED,C20010C8-E337-49B9-B055-92CFA154294F,1 - DAYLIGHT,185011078,1 - NOT COLLISION BETWEEN TWO MOTOR VEHICLES IN TRANSPORT,01 - DRY,1 - STRAIGHT LEVEL,"2 - BLACKTOP, BITUMINOUS, ASPHALT",CORRYVILLE,D - DRIVER,1 - CLEAR,45219
54XX BEECHMONT AV,39.105338,84.393549,41-50,N/A,N/A,08/03/2018 08:55:00 AM +0000,01 - NOT AN INTERSECTION,2 - INJURY,2,08/03/2018 08:55:00 AM +0000,FRI,F - FEMALE,1 - NO INJURY / NONE REPORTED,C3A7581C-BB26-44FC-AD90-89753049A24D,1 - DAYLIGHT,185010743,3 - HEAD-ON,01 - DRY,4 - CURVE GRADE,"2 - BLACKTOP, BITUMINOUS, ASPHALT",N/A,D - DRIVER,1 - CLEAR,45230
5XX E 3RD ST,39.100885,84.502271,18-25,N/A,N/A,08/02/2018 06:55:00 PM +0000,08 - OFF RAMP,3 - PROPERTY DAMAGE ONLY (PDO),3,08/02/2018 06:56:00 PM +0000,THU,F - FEMALE,1 - NO INJURY / NONE REPORTED,03379BA8-467D-4334-87AE-6CE90FD2BCEE,1 - DAYLIGHT,185010721,1 - NOT COLLISION BETWEEN TWO MOTOR VEHICLES IN TRANSPORT,01 - DRY,4 - CURVE GRADE,1 - CONCRETE,N/A,D - DRIVER,1 - CLEAR,45202
30XX QUEEN CITY AV,39.116482,-84.597317,18-25,WEST PRICE HILL,WEST PRICE HILL,08/02/2018 05:40:00 AM +0000,01 - NOT AN INTERSECTION,2 - INJURY,2,08/02/2018 05:42:00 AM +0000,THU,M - MALE,1 - NO INJURY / NONE REPORTED,C6A11793-43B5-4757-AA86-1A20D1B34DA6,4 - DARK - LIGHTED ROADWAY,185010690,6 - ANGLE,01 - DRY,1 - STRAIGHT LEVEL,"2 - BLACKTOP, BITUMINOUS, ASPHALT",WEST PRICE HILL,D - DRIVER,1 - CLEAR,45238
20XX QUEEN CITY AV,39.128633,-84.567153,31-40,SOUTH FAIRMOUNT,SOUTH  FAIRMOUNT,08/22/2018 04:55:00 PM +0000,01 - NOT AN INTERSECTION,2 - INJURY,2,08/22/2018 05:01:00 PM +0000,WED,F - FEMALE,2 - POSSIBLE,F83F9016-38F1-4CA4-A41E-2DF43FC5BCC6,1 - DAYLIGHT,185011748,2 - REAR-END,01 - DRY,2 - STRAIGHT GRADE,"2 - BLACKTOP, BITUMINOUS, ASPHALT",EAST PRICE HILL,D - DRIVER,2 - CLOUDY,45214
XX E LIBERTY ST,39.112211,-84.514805,41-50,OTR,OVER-THE-RHINE,08/04/2018 08:56:00 AM +0000,02 - FOUR-WAY INTERSECTION,2 - INJURY,2,08/04/2018 09:10:00 AM +0000,SAT,M - MALE,4 - INCAPACITATING,B08AD2F6-FE30-42CF-B565-E67C0926DE19,1 - DAYLIGHT,185010803,6 - ANGLE,01 - DRY,1 - STRAIGHT LEVEL,"2 - BLACKTOP, BITUMINOUS, ASPHALT",OVER-THE-RHINE,O - OCCUPANT,2 - CLOUDY,45202
N I75 AT 4-4 MM,39.152165,-84.539407,41-50,NORTHSIDE,CAMP  WASHINGTON,08/07/2018 04:00:00 AM +0000,01 - NOT AN INTERSECTION,3 - PROPERTY DAMAGE ONLY (PDO),3,08/07/2018 04:11:00 AM +0000,TUE,M - MALE,1 - NO INJURY / NONE REPORTED,1A02E363-B7B7-4A98-91B9-51E03383441C,4 - DARK - LIGHTED ROADWAY,185010922,6 - ANGLE,02 - WET,3 - CURVE LEVEL,1 - CONCRETE,CAMP WASHINGTON,D - DRIVER,4 - RAIN,45211
W SR 562 AT 0-1,39.175316,84.474193,26-30,N/A,N/A,08/06/2018 02:37:48 PM +0000,01 - NOT AN INTERSECTION,3 - PROPERTY DAMAGE ONLY (PDO),3,08/06/2018 02:38:48 PM +0000,MON,M - MALE,1 - NO INJURY / NONE REPORTED,09F7939B-7DE0-4E63-AC4A-13EEDCF653FE,1 - DAYLIGHT,185010896,2 - REAR-END,02 - WET,1 - STRAIGHT LEVEL,1 - CONCRETE,N/A,D - DRIVER,4 - RAIN,45237
21XX CENTRAL PY,39.119977,84.526538,OVER 70,N/A,N/A,08/27/2018 12:20:00 PM +0000,03 - T-INTERSECTION,3 - PROPERTY DAMAGE ONLY (PDO),3,08/27/2018 12:25:00 PM +0000,MON,F - FEMALE,1 - NO INJURY / NONE REPORTED,F2C102E7-942F-4092-B355-BC02B731829B,1 - DAYLIGHT,185011953,6 - ANGLE,01 - DRY,1 - STRAIGHT LEVEL,"2 - BLACKTOP, BITUMINOUS, ASPHALT",N/A,D - DRIVER,1 - CLEAR,45214
43XX RIVER RD,39.078028,-84.622783,31-40,RIVERSIDE,RIVERSIDE,08/27/2018 04:00:00 PM +0000,02 - FOUR-WAY INTERSECTION,2 - INJURY,2,08/27/2018 04:15:00 PM +0000,MON,M - MALE,3 - NON-INCAPACITATING,DD236483-64EF-4AEC-B33E-3B739BBDF970,1 - DAYLIGHT,185011969,6 - ANGLE,01 - DRY,1 - STRAIGHT LEVEL,"2 - BLACKTOP, BITUMINOUS, ASPHALT",RIVERSIDE,D - DRIVER,1 - CLEAR,45204
57XX WINTON RD,39.193708,84.524595,41-50,N/A,N/A,08/15/2018 05:29:35 PM +0000,01 - NOT AN INTERSECTION,3 - PROPERTY DAMAGE ONLY (PDO),3,08/15/2018 05:35:42 PM +0000,WED,M - MALE,1 - NO INJURY / NONE REPORTED,3F344C4F-E947-4F88-B1D9-52202D9652F1,1 - DAYLIGHT,185011374,"7 - SIDESWIPE, SAME DIRECTION",02 - WET,2 - STRAIGHT GRADE,"2 - BLACKTOP, BITUMINOUS, ASPHALT",N/A,D - DRIVER,4 - RAIN,45232
19XX WESTWOOD AV,39.127016,-84.563538,26-30,SOUTH FAIRMOUNT,SOUTH  FAIRMOUNT,08/15/2018 03:30:00 PM +0000,03 - T-INTERSECTION,2 - INJURY,2,08/15/2018 03:32:00 PM +0000,WED,F - FEMALE,2 - POSSIBLE,1ADB90B1-4FDD-4CE2-B54F-9C3902FF0875,1 - DAYLIGHT,185011353,5 - BACKING,02 - WET,2 - STRAIGHT GRADE,1 - CONCRETE,SOUTH FAIRMOUNT,D - DRIVER,4 - RAIN,45214
16XX LINN ST,39.11513,-84.52712,UNKNOWN,WEST END,WEST  END,08/23/2018 12:00:00 AM +0000,01 - NOT AN INTERSECTION,3 - PROPERTY DAMAGE ONLY (PDO),3,,THU,,,B9048471-D8D4-486E-BF06-7958C3739ECA,1 - DAYLIGHT,185011794,"7 - SIDESWIPE, SAME DIRECTION",01 - DRY,1 - STRAIGHT LEVEL,"2 - BLACKTOP, BITUMINOUS, ASPHALT",WEST END,,1 - CLEAR,45214
4XX E KING DR,39.135676,-84.49914,31-40,AVONDALE,AVONDALE,08/09/2018 10:45:00 AM +0000,01 - NOT AN INTERSECTION,3 - PROPERTY DAMAGE ONLY (PDO),3,08/09/2018 10:50:00 AM +0000,THU,M - MALE,1 - NO INJURY / NONE REPORTED,0654E99B-F990-4BD9-A84E-EC4963B3D761,1 - DAYLIGHT,185011057,6 - ANGLE,01 - DRY,2 - STRAIGHT GRADE,1 - CONCRETE,AVONDALE,D - DRIVER,1 - CLEAR,45229
53XX GLENWAY AV,39.126903,84.605196,UNKNOWN,N/A,N/A,08/02/2018 08:00:00 AM +0000,01 - NOT AN INTERSECTION,3 - PROPERTY DAMAGE ONLY (PDO),3,08/02/2018 11:30:00 AM +0000,THU,F - FEMALE,1 - NO INJURY / NONE REPORTED,ABA91DD8-0AA6-425E-A08C-E12C47DDC339,1 - DAYLIGHT,185010695,6 - ANGLE,01 - DRY,1 - STRAIGHT LEVEL,1 - CONCRETE,N/A,D - DRIVER,1 - CLEAR,45238
20XX HARRISON AV,39.133781,-84.569163,41-50,SOUTH FAIRMOUNT,SOUTH  FAIRMOUNT,08/11/2018 01:53:00 PM +0000,01 - NOT AN INTERSECTION,2 - INJURY,2,08/11/2018 03:48:06 PM +0000,SAT,M - MALE,1 - NO INJURY / NONE REPORTED,7F819459-2E83-4050-8444-C18476FC1298,1 - DAYLIGHT,185011174,2 - REAR-END,02 - WET,2 - STRAIGHT GRADE,"2 - BLACKTOP, BITUMINOUS, ASPHALT",NORTH FAIRMOUNT,D - DRIVER,4 - RAIN,45214
40XX ERIE AV,39.150129,84.404755,31-40,N/A,N/A,08/22/2018 12:10:52 PM +0000,01 - NOT AN INTERSECTION,3 - PROPERTY DAMAGE ONLY (PDO),3,08/22/2018 12:10:53 PM +0000,WED,M - MALE,1 - NO INJURY / NONE REPORTED,DF9E1F0C-A79B-41A9-A11B-173685BCFA92,1 - DAYLIGHT,185011722,"7 - SIDESWIPE, SAME DIRECTION",01 - DRY,3 - CURVE LEVEL,"2 - BLACKTOP, BITUMINOUS, ASPHALT",N/A,D - DRIVER,1 - CLEAR,45209
33XX BOUDINOT,39.147707,-84.602771,51-60,WESTWOOD,WESTWOOD,08/25/2018 09:38:00 PM +0000,02 - FOUR-WAY INTERSECTION,3 - PROPERTY DAMAGE ONLY (PDO),3,08/25/2018 09:40:00 PM +0000,SAT,F - FEMALE,1 - NO INJURY / NONE REPORTED,0FEBF199-4130-41EE-AC89-8BC67D792694,4 - DARK - LIGHTED ROADWAY,185011903,6 - ANGLE,01 - DRY,1 - STRAIGHT LEVEL,"2 - BLACKTOP, BITUMINOUS, ASPHALT",WESTWOOD,D - DRIVER,2 - CLOUDY,45211
2XX E 2ND ST,39.098702,84.507916,26-30,N/A,N/A,08/11/2018 04:25:00 PM +0000,02 - FOUR-WAY INTERSECTION,2 - INJURY,2,08/11/2018 04:27:00 PM +0000,SAT,F - FEMALE,2 - POSSIBLE,0A768075-65DE-4B1B-96E9-D02CBAA7CA8B,4 - DARK - LIGHTED ROADWAY,185011150,6 - ANGLE,01 - DRY,2 - STRAIGHT GRADE,1 - CONCRETE,N/A,D - DRIVER,2 - CLOUDY,45202
7XX W KING DR,39.139233,-84.52985,51-60,CLIFTON,CLIFTON,08/15/2018 08:30:00 AM +0000,10 - DRIVEWAY/ALLEY ACCESS,2 - INJURY,2,08/15/2018 08:35:00 AM +0000,WED,F - FEMALE,2 - POSSIBLE,D84ADB6B-138C-4F36-8CFE-1065A220FCDB,1 - DAYLIGHT,185011332,6 - ANGLE,01 - DRY,4 - CURVE GRADE,"2 - BLACKTOP, BITUMINOUS, ASPHALT",CLIFTON,D - DRIVER,1 - CLEAR,45220
58XX PEABODY AV,39.161979,-84.396209,41-50,MADISONVILLE,MADISONVILLE,08/26/2018 02:50:00 PM +0000,01 - NOT AN INTERSECTION,2 - INJURY,2,08/26/2018 02:52:00 PM +0000,SUN,M - MALE,1 - NO INJURY / NONE REPORTED,B94B8AD9-1BE2-4BB7-9A85-CBAB4A466D82,1 - DAYLIGHT,185011934,1 - NOT COLLISION BETWEEN TWO MOTOR VEHICLES IN TRANSPORT,01 - DRY,1 - STRAIGHT LEVEL,"2 - BLACKTOP, BITUMINOUS, ASPHALT",MADISONVILLE,D - DRIVER,1 - CLEAR,45227
34XX VINE ST,39.143138,84.510383,41-50,N/A,N/A,08/25/2018 12:00:00 PM +0000,01 - NOT AN INTERSECTION,3 - PROPERTY DAMAGE ONLY (PDO),3,08/25/2018 04:07:00 PM +0000,SAT,M - MALE,1 - NO INJURY / NONE REPORTED,80F322B0-8694-4A0C-AE99-F43D2ACEFB02,1 - DAYLIGHT,185011886,5 - BACKING,01 - DRY,1 - STRAIGHT LEVEL,"2 - BLACKTOP, BITUMINOUS, ASPHALT",N/A,D - DRIVER,1 - CLEAR,45220
4XX FOREST AV,39.145527,-84.498855,61-70,AVONDALE,AVONDALE,08/03/2018 06:30:00 AM +0000,03 - T-INTERSECTION,3 - PROPERTY DAMAGE ONLY (PDO),3,08/03/2018 07:00:00 AM +0000,FRI,F - FEMALE,1 - NO INJURY / NONE REPORTED,92570FE0-141B-46CB-A076-787D15D12A13,2 - DAWN,185010738,6 - ANGLE,01 - DRY,1 - STRAIGHT LEVEL,"2 - BLACKTOP, BITUMINOUS, ASPHALT",AVONDALE,D - DRIVER,1 - CLEAR,45229
4XX W CENTRAL PARKWAY,39.105795,84.518773,61-70,N/A,N/A,08/11/2018 08:07:00 AM +0000,01 - NOT AN INTERSECTION,2 - INJURY,2,08/11/2018 08:07:00 AM +0000,SAT,M - MALE,1 - NO INJURY / NONE REPORTED,C522FC53-C992-4E5D-B871-CB0E62056313,1 - DAYLIGHT,185011158,1 - NOT COLLISION BETWEEN TWO MOTOR VEHICLES IN TRANSPORT,01 - DRY,1 - STRAIGHT LEVEL,"2 - BLACKTOP, BITUMINOUS, ASPHALT",N/A,D - DRIVER,1 - CLEAR,45214
24XX VINE ST,39.125783,-84.51241,61-70,CUF,FAIRVIEW,08/10/2018 04:16:00 PM +0000,01 - NOT AN INTERSECTION,3 - PROPERTY DAMAGE ONLY (PDO),3,08/10/2018 04:19:00 PM +0000,FRI,F - FEMALE,1 - NO INJURY / NONE REPORTED,E102724A-205E-4206-8220-A8B8EE87E2B9,1 - DAYLIGHT,185011118,2 - REAR-END,01 - DRY,2 - STRAIGHT GRADE,"2 - BLACKTOP, BITUMINOUS, ASPHALT",CUF,O - OCCUPANT,1 - CLEAR,45219
24XX HIGHLAND AV,39.123711,-84.504091,UNKNOWN,MOUNT AUBURN,MOUNT  AUBURN,08/06/2018 10:30:00 PM +0000,01 - NOT AN INTERSECTION,3 - PROPERTY DAMAGE ONLY (PDO),3,08/06/2018 10:55:00 PM +0000,MON,,1 - NO INJURY / NONE REPORTED,80EF04D1-7D58-4702-B279-A2550A05C8AD,4 - DARK - LIGHTED ROADWAY,185010910,"7 - SIDESWIPE, SAME DIRECTION",01 - DRY,2 - STRAIGHT GRADE,"2 - BLACKTOP, BITUMINOUS, ASPHALT",MT. AUBURN,D - DRIVER,1 - CLEAR,45219
30XX VICTORY PY,39.133321,84.477291,UNKNOWN,N/A,N/A,08/07/2018 05:00:00 PM +0000,01 - NOT AN INTERSECTION,3 - PROPERTY DAMAGE ONLY (PDO),3,08/08/2018 07:34:00 AM +0000,TUE,,1 - NO INJURY / NONE REPORTED,60FEF161-23AD-4D3D-9054-5CEE3AA74313,1 - DAYLIGHT,185010999,1 - NOT COLLISION BETWEEN TWO MOTOR VEHICLES IN TRANSPORT,02 - WET,4 - CURVE GRADE,"2 - BLACKTOP, BITUMINOUS, ASPHALT",N/A,D - DRIVER,4 - RAIN,45206
25XX HIGHLAND AV,39.128176,-84.502621,UNKNOWN,MOUNT AUBURN,CORRYVILLE,08/24/2018 02:20:00 PM +0000,01 - NOT AN INTERSECTION,3 - PROPERTY DAMAGE ONLY (PDO),3,08/24/2018 02:20:00 PM +0000,FRI,,1 - NO INJURY / NONE REPORTED,E8644CCE-A5FF-46A3-BC30-1C00C08E3769,1 - DAYLIGHT,185011838,"7 - SIDESWIPE, SAME DIRECTION",01 - DRY,2 - STRAIGHT GRADE,"2 - BLACKTOP, BITUMINOUS, ASPHALT",CORRYVILLE,D - DRIVER,1 - CLEAR,45219
8XX FREEMAN AV,39.104061,-84.533331,18-25,QUEENSGATE,QUEENSGATE,08/03/2018 07:57:00 PM +0000,02 - FOUR-WAY INTERSECTION,3 - PROPERTY DAMAGE ONLY (PDO),3,08/03/2018 07:57:00 PM +0000,FRI,M - MALE,1 - NO INJURY / NONE REPORTED,A3695D38-5B8D-4E00-AF22-B44DAA34DC2D,3 - DUSK,185010784,6 - ANGLE,01 - DRY,1 - STRAIGHT LEVEL,"2 - BLACKTOP, BITUMINOUS, ASPHALT",QUEENSGATE,D - DRIVER,1 - CLEAR,45203
N I75 AT 3-1 MM,39.135494,84.532987,18-25,N/A,N/A,08/28/2018 04:18:00 PM +0000,01 - NOT AN INTERSECTION,2 - INJURY,2,08/28/2018 04:20:00 PM +0000,TUE,M - MALE,3 - NON-INCAPACITATING,2F3437BA-CFC7-4A5C-A62B-8E92096B18EC,1 - DAYLIGHT,185012016,2 - REAR-END,01 - DRY,1 - STRAIGHT LEVEL,"2 - BLACKTOP, BITUMINOUS, ASPHALT",N/A,D - DRIVER,1 - CLEAR,45225
31XX HARVEY AV,39.137299,-84.499494,UNKNOWN,AVONDALE,AVONDALE,08/15/2018 12:35:00 PM +0000,10 - DRIVEWAY/ALLEY ACCESS,3 - PROPERTY DAMAGE ONLY (PDO),3,08/15/2018 12:35:00 PM +0000,WED,F - FEMALE,1 - NO INJURY / NONE REPORTED,821298F2-719F-4CCF-BB41-E5B015F7448C,1 - DAYLIGHT,185011347,6 - ANGLE,01 - DRY,1 - STRAIGHT LEVEL,"2 - BLACKTOP, BITUMINOUS, ASPHALT",AVONDALE,O - OCCUPANT,2 - CLOUDY,45229
2XX CALHOUN ST,39.129473,-84.517296,18-25,CORRYVILLE - HEIGHTS,CLIFTON/UNIVERSITY HEIGHTS,08/24/2018 05:45:00 PM +0000,03 - T-INTERSECTION,3 - PROPERTY DAMAGE ONLY (PDO),3,08/24/2018 05:48:00 PM +0000,FRI,F - FEMALE,1 - NO INJURY / NONE REPORTED,9F86F703-17DC-489C-8CCD-241A6B570D9E,1 - DAYLIGHT,185011853,4 - REAR-TO-REAR,01 - DRY,1 - STRAIGHT LEVEL,"2 - BLACKTOP, BITUMINOUS, ASPHALT",CUF,D - DRIVER,2 - CLOUDY,45219
36XX GLENWAY AV,39.113496,-84.572445,UNDER 18,EAST PRICE HILL,EAST PRICE HILL,08/08/2018 09:50:00 PM +0000,01 - NOT AN INTERSECTION,3 - PROPERTY DAMAGE ONLY (PDO),3,08/08/2018 09:51:00 PM +0000,WED,M - MALE,1 - NO INJURY / NONE REPORTED,F0945E8B-8324-40B4-AE2C-2BD1EE6CE61F,4 - DARK - LIGHTED ROADWAY,185011043,5 - BACKING,02 - WET,2 - STRAIGHT GRADE,"2 - BLACKTOP, BITUMINOUS, ASPHALT",EAST PRICE HILL,D - DRIVER,4 - RAIN,45205
28XX VICTORY PY,39.129271,84.480759,31-40,N/A,N/A,08/25/2018 03:15:00 PM +0000,02 - FOUR-WAY INTERSECTION,3 - PROPERTY DAMAGE ONLY (PDO),3,08/25/2018 03:30:00 PM +0000,SAT,M - MALE,1 - NO INJURY / NONE REPORTED,1DED7FEF-044D-4292-9C67-DA23F40B85E7,1 - DAYLIGHT,185011884,6 - ANGLE,01 - DRY,1 - STRAIGHT LEVEL,"2 - BLACKTOP, BITUMINOUS, ASPHALT",N/A,D - DRIVER,2 - CLOUDY,45206
33XX MCHENRY AV,39.146448,84.571931,31-40,N/A,N/A,08/03/2018 07:50:00 AM +0000,02 - FOUR-WAY INTERSECTION,3 - PROPERTY DAMAGE ONLY (PDO),3,08/03/2018 07:50:00 AM +0000,FRI,F - FEMALE,1 - NO INJURY / NONE REPORTED,ECA2BA9C-5836-4B18-BEC9-C8418516A01D,1 - DAYLIGHT,185010741,2 - REAR-END,01 - DRY,1 - STRAIGHT LEVEL,"2 - BLACKTOP, BITUMINOUS, ASPHALT",N/A,D - DRIVER,1 - CLEAR,45211
56XX HAMILTON AVENUE,39.193421,84.555891,51-60,N/A,N/A,08/16/2018 02:45:00 PM +0000,01 - NOT AN INTERSECTION,3 - PROPERTY DAMAGE ONLY (PDO),3,08/16/2018 02:54:00 PM +0000,THU,M - MALE,1 - NO INJURY / NONE REPORTED,5084CBB7-F327-449E-B225-D0A52243E502,1 - DAYLIGHT,185011426,2 - REAR-END,02 - WET,2 - STRAIGHT GRADE,"2 - BLACKTOP, BITUMINOUS, ASPHALT",N/A,D - DRIVER,4 - RAIN,45224
10XX DELTA AV,39.130949,84.430758,26-30,N/A,N/A,08/19/2018 12:45:00 AM +0000,03 - T-INTERSECTION,3 - PROPERTY DAMAGE ONLY (PDO),3,08/19/2018 12:47:00 AM +0000,SUN,F - FEMALE,1 - NO INJURY / NONE REPORTED,65C06307-8F60-472D-A618-AFEAB8FE5528,4 - DARK - LIGHTED ROADWAY,185011572,6 - ANGLE,01 - DRY,1 - STRAIGHT LEVEL,"2 - BLACKTOP, BITUMINOUS, ASPHALT",N/A,D - DRIVER,1 - CLEAR,45208