ADDRESS_X,LATITUDE_X,LONGITUDE_X,AGE,COMMUNITY_COUNCIL_NEIGHBORHOOD,CPD_NEIGHBORHOOD,CRASHDATE,CRASHLOCATION,CRASHSEVERITY,CRASHSEVERITYID,DATECRASHREPORTED,DAYOFWEEK,GENDER,INJURIES,INSTANCEID,LIGHTCONDITIONSPRIMARY,LOCALREPORTNO,MANNEROFCRASH,ROADCONDITIONSPRIMARY,ROADCONTOUR,ROADSURFACE,SNA_NEIGHBORHOOD,TYPEOFPERSON,WEATHER,ZIP
17XX DENHAM ST,39.134721,-84.552891,UNKNOWN,NORTH FAIRMOUNT,NORTH FAIRMOUNT,08/17/2018 02:25:00 PM +0000,01 - NOT AN INTERSECTION,3 - PROPERTY DAMAGE ONLY (PDO),3,08/17/2018 02:26:00 PM +0000,FRI,,1 - NO INJURY / NONE REPORTED,088CA48F-1400-4B75-83ED-788CE66FC980,1 - DAYLIGHT,185011490,9 - UNKNOWN,01 - DRY,2 - STRAIGHT GRADE,1 - CONCRETE,NORTH FAIRMOUNT,D - DRIVER,2 - CLOUDY,45225
S I75 AT 9-4MM,39.194403,84.475666,UNDER 18,N/A,N/A,08/13/2018 12:32:00 PM +0000,07 - ON RAMP,2 - INJURY,2,08/13/2018 12:33:00 PM +0000,MON,F - FEMALE,3 - NON-INCAPACITATING,B5C9A356-B798-4AE3-B9E5-1D77E9B95B6B,1 - DAYLIGHT,185011248,2 - REAR-END,01 - DRY,4 - CURVE GRADE,"2 - BLACKTOP, BITUMINOUS, ASPHALT",N/A,O - OCCUPANT,1 - CLEAR,45229
1XX FAIRBANKS AV,39.088896,84.569753,18-25,N/A,N/A,08/17/2018 07:40:00 AM +0000,03 - T-INTERSECTION,3 - PROPERTY DAMAGE ONLY (PDO),3,08/17/2018 02:00:00 PM +0000,FRI,M - MALE,1 - NO INJURY / NONE REPORTED,AD7FB848-0317-4381-A318-E4EF42ACEAB6,1 - DAYLIGHT,185011489,2 - REAR-END,02 - WET,1 - STRAIGHT LEVEL,"2 - BLACKTOP, BITUMINOUS, ASPHALT",N/A,D - DRIVER,2 - CLOUDY,45204
S I75 AT 3-6 MM,39.138658,-84.536259,31-40,CAMP WASHINGTON,CAMP  WASHINGTON,08/06/2018 02:30:00 PM +0000,01 - NOT AN INTERSECTION,3 - PROPERTY DAMAGE ONLY (PDO),3,08/06/2018 02:40:00 PM +0000,MON,F - FEMALE,1 - NO INJURY / NONE REPORTED,6A1D77DA-B2A3-4C06-9331-48F44F405BCA,1 - DAYLIGHT,185010904,2 - REAR-END,01 - DRY,1 - STRAIGHT LEVEL,"2 - BLACKTOP, BITUMINOUS, ASPHALT",CAMP WASHINGTON,D - DRIVER,1 - CLEAR,45214
15XX GROESBECK RD,39.195211,84.545881,41-50,N/A,N/A,08/16/2018 11:00:00 PM +0000,01 - NOT AN INTERSECTION,2 - INJURY,2,08/16/2018 11:00:00 PM +0000,THU,M - MALE,4 - INCAPACITATING,BF1AA3EB-33C0-4BF8-A101-96B284A366B7,4 - DARK - LIGHTED ROADWAY,185011464,1 - NOT COLLISION BETWEEN TWO MOTOR VEHICLES IN TRANSPORT,02 - WET,1 - STRAIGHT LEVEL,"2 - BLACKTOP, BITUMINOUS, ASPHALT",N/A,D - DRIVER,4 - RAIN,45224
38XX VINE ST,39.155001,-84.505483,51-60,AVONDALE,AVONDALE,08/10/2018 01:45:00 PM +0000,01 - NOT AN INTERSECTION,2 - INJURY,2,08/10/2018 01:48:00 PM +0000,FRI,M - MALE,1 - NO INJURY / NONE REPORTED,F9E66CF7-5D6B-4871-BF34-17FA1358D9ED,1 - DAYLIGHT,185011105,2 - REAR-END,01 - DRY,2 - STRAIGHT GRADE,"2 - BLACKTOP, BITUMINOUS, ASPHALT",AVONDALE,D - DRIVER,1 - CLEAR,45220
56XX RIDGE AV,39.173481,84.427412,41-50,N/A,N/A,08/16/2018 08:00:00 AM +0000,11 - RAILWAY GRADE CROSSING,3 - PROPERTY DAMAGE ONLY (PDO),3,08/16/2018 10:00:00 AM +0000,THU,M - MALE,1 - NO INJURY / NONE REPORTED,85363AB2-88EE-49CB-9D4B-39069757C562,1 - DAYLIGHT,185011405,2 - REAR-END,02 - WET,2 - STRAIGHT GRADE,"2 - BLACKTOP, BITUMINOUS, ASPHALT",N/A,D - DRIVER,4 - RAIN,45213
1XX W KING DR,39.135945,84.5104,31-40,N/A,N/A,08/27/2018 05:40:00 PM +0000,01 - NOT AN INTERSECTION,3 - PROPERTY DAMAGE ONLY (PDO),3,08/27/2018 05:58:00 PM +0000,MON,M - MALE,1 - NO INJURY / NONE REPORTED,98EE91C9-FDA2-40E8-90BE-2409B2396A0B,1 - DAYLIGHT,185011973,2 - REAR-END,01 - DRY,2 - STRAIGHT GRADE,"2 - BLACKTOP, BITUMINOUS, ASPHALT",N/A,D - DRIVER,1 - CLEAR,45221
2XX W MCMILLAN ST,39.128623,-84.523048,41-50,CUF - HEIGHTS,FAIRVIEW,08/14/2018 05:09:00 PM +0000,01 - NOT AN INTERSECTION,3 - PROPERTY DAMAGE ONLY (PDO),3,08/14/2018 05:11:00 PM +0000,TUE,M - MALE,1 - NO INJURY / NONE REPORTED,E46FA313-CF35-406A-A72D-6DD1DE4A2A69,1 - DAYLIGHT,185011318,"7 - SIDESWIPE, SAME DIRECTION",01 - DRY,1 - STRAIGHT LEVEL,"2 - BLACKTOP, BITUMINOUS, ASPHALT",CUF,D - DRIVER,1 - CLEAR,45219
45XX READING RD,39.166221,-84.469991,OVER 70,PADDOCK HILLS,PADDOCK  HILLS,08/16/2018 08:30:00 PM +0000,01 - NOT AN INTERSECTION,3 - PROPERTY DAMAGE ONLY (PDO),3,08/16/2018 08:35:00 PM +0000,THU,F - FEMALE,1 - NO INJURY / NONE REPORTED,658E5A7A-1C7B-44B6-BB09-3ED4E36C1BA0,3 - DUSK,185011450,5 - BACKING,02 - WET,1 - STRAIGHT LEVEL,1 - CONCRETE,NORTH AVONDALE - PADDOCK HILLS,O - OCCUPANT,4 - RAIN,45229
39XX VINE ST,39.158234,-84.504935,61-70,CLIFTON,CLIFTON,08/08/2018 09:03:00 PM +0000,02 - FOUR-WAY INTERSECTION,3 - PROPERTY DAMAGE ONLY (PDO),3,08/08/2018 09:08:00 PM +0000,WED,M - MALE,1 - NO INJURY / NONE REPORTED,EDDA17B7-0EC8-4420-83F2-14F83BB86B2A,4 - DARK - LIGHTED ROADWAY,185011042,6 - ANGLE,02 - WET,1 - STRAIGHT LEVEL,"2 - BLACKTOP, BITUMINOUS, ASPHALT",CLIFTON,D - DRIVER,4 - RAIN,45217
46XX RIDGE AV,39.159111,84.421441,18-25,N/A,N/A,08/11/2018 03:18:00 PM +0000,01 - NOT AN INTERSECTION,3 - PROPERTY DAMAGE ONLY (PDO),3,08/11/2018 03:18:00 PM +0000,SAT,M - MALE,1 - NO INJURY / NONE REPORTED,EBA00C60-1EBE-4537-8DD2-1C8E974289A8,1 - DAYLIGHT,185011175,6 - ANGLE,01 - DRY,1 - STRAIGHT LEVEL,1 - CONCRETE,N/A,D - DRIVER,1 - CLEAR,45209
25XX FERGUSON RD,39.133849,-84.600637,18-25,WESTWOOD,WESTWOOD,08/10/2018 05:47:19 PM +0000,01 - NOT AN INTERSECTION,2 - INJURY,2,08/10/2018 05:47:34 PM +0000,FRI,F - FEMALE,1 - NO INJURY / NONE REPORTED,7FC172B9-EE21-4E41-844D-7BE72DE0BB6C,1 - DAYLIGHT,185011123,2 - REAR-END,01 - DRY,1 - STRAIGHT LEVEL,"2 - BLACKTOP, BITUMINOUS, ASPHALT",WESTWOOD,D - DRIVER,1 - CLEAR,45238
31XX BURNET AV,39.136166,84.502156,26-30,N/A,N/A,08/27/2018 05:20:00 PM +0000,01 - NOT AN INTERSECTION,3 - PROPERTY DAMAGE ONLY (PDO),3,08/27/2018 05:25:00 PM +0000,MON,F - FEMALE,1 - NO INJURY / NONE REPORTED,384099A6-8AC9-4725-AAE6-BA2C3BE26887,1 - DAYLIGHT,185011975,2 - REAR-END,01 - DRY,1 - STRAIGHT LEVEL,1 - CONCRETE,N/A,D - DRIVER,1 - CLEAR,45229
30XX MADISON RD,39.152031,84.431388,OVER 70,N/A,N/A,08/24/2018 10:00:00 AM +0000,10 - DRIVEWAY/ALLEY ACCESS,3 - PROPERTY DAMAGE ONLY (PDO),3,08/27/2018 11:30:00 AM +0000,FRI,F - FEMALE,1 - NO INJURY / NONE REPORTED,7FEE54BC-DBA4-42D3-96D8-3FE690B1C299,1 - DAYLIGHT,185011946,5 - BACKING,01 - DRY,1 - STRAIGHT LEVEL,"2 - BLACKTOP, BITUMINOUS, ASPHALT",N/A,D - DRIVER,1 - CLEAR,45209
27XX BEEKMAN ST,39.134236,84.547005,41-50,N/A,N/A,08/10/2018 02:53:00 PM +0000,02 - FOUR-WAY INTERSECTION,3 - PROPERTY DAMAGE ONLY (PDO),3,08/10/2018 02:55:00 PM +0000,FRI,M - MALE,1 - NO INJURY / NONE REPORTED,4D73D97C-9C1D-4654-86F6-1C3EC16715E9,1 - DAYLIGHT,185011109,"7 - SIDESWIPE, SAME DIRECTION",01 - DRY,3 - CURVE LEVEL,"2 - BLACKTOP, BITUMINOUS, ASPHALT",N/A,D - DRIVER,1 - CLEAR,45225
17XX ELMORE ST,39.155964,-84.544224,41-50,NORTHSIDE -SOUTH CUMMINSVILLE,NORTHSIDE,08/24/2018 08:30:00 AM +0000,01 - NOT AN INTERSECTION,3 - PROPERTY DAMAGE ONLY (PDO),3,08/24/2018 08:55:00 AM +0000,FRI,M - MALE,1 - NO INJURY / NONE REPORTED,7A4D32B1-7AC1-4463-9C6C-4908B65B8B59,1 - DAYLIGHT,185011824,"7 - SIDESWIPE, SAME DIRECTION",01 - DRY,1 - STRAIGHT LEVEL,"2 - BLACKTOP, BITUMINOUS, ASPHALT",NORTHSIDE,D - DRIVER,1 - CLEAR,45223
61XX GLENWAY AV,39.144713,84.620601,26-30,N/A,N/A,08/08/2018 01:00:00 PM +0000,01 - NOT AN INTERSECTION,3 - PROPERTY DAMAGE ONLY (PDO),3,08/08/2018 01:34:00 PM +0000,WED,F - FEMALE,1 - NO INJURY / NONE REPORTED,4C8E4A40-9939-4E88-8DA9-91D40E68221C,1 - DAYLIGHT,185011011,5 - BACKING,01 - DRY,1 - STRAIGHT LEVEL,"2 - BLACKTOP, BITUMINOUS, ASPHALT",N/A,D - DRIVER,1 - CLEAR,45211
23XX RIVER RD,39.100348,84.555588,18-25,N/A,N/A,08/03/2018 10:49:00 AM +0000,01 - NOT AN INTERSECTION,3 - PROPERTY DAMAGE ONLY (PDO),3,08/03/2018 10:49:00 AM +0000,FRI,F - FEMALE,1 - NO INJURY / NONE REPORTED,C7F3978E-2D0E-47CE-957E-66F6980EEC1A,1 - DAYLIGHT,185010747,2 - REAR-END,01 - DRY,1 - STRAIGHT LEVEL,"2 - BLACKTOP, BITUMINOUS, ASPHALT",N/A,D - DRIVER,1 - CLEAR,45204
30XX JEFFERSONAV,39.134146,-84.510167,61-70,CORRYVILLE - HEIGHTS,CLIFTON/UNIVERSITY HEIGHTS,08/03/2018 11:44:00 AM +0000,02 - FOUR-WAY INTERSECTION,3 - PROPERTY DAMAGE ONLY (PDO),3,08/03/2018 11:46:00 AM +0000,FRI,F - FEMALE,1 - NO INJURY / NONE REPORTED,8E914F84-4BB5-41C9-B98E-B7B16F2727B8,1 - DAYLIGHT,185010753,"7 - SIDESWIPE, SAME DIRECTION",01 - DRY,2 - STRAIGHT GRADE,"2 - BLACKTOP, BITUMINOUS, ASPHALT",CUF,D - DRIVER,2 - CLOUDY,45219
13XX TENNESSEE AV,39.167074,84.471322,41-50,N/A,N/A,08/07/2018 01:30:00 PM +0000,02 - FOUR-WAY INTERSECTION,2 - INJURY,2,08/07/2018 01:40:00 PM +0000,TUE,M - MALE,1 - NO INJURY / NONE REPORTED,E7113308-9C84-46EA-A537-7BAE58424E12,1 - DAYLIGHT,185010956,2 - REAR-END,01 - DRY,1 - STRAIGHT LEVEL,"2 - BLACKTOP, BITUMINOUS, ASPHALT",N/A,O - OCCUPANT,2 - CLOUDY,45229
60XX PAWNEE DR,39.203607,84.55548,26-30,N/A,N/A,08/24/2018 07:20:00 AM +0000,01 - NOT AN INTERSECTION,2 - INJURY,2,08/24/2018 07:25:00 AM +0000,FRI,F - FEMALE,1 - NO INJURY / NONE REPORTED,481BEF1A-8F03-4FEC-B3B5-A9E5D53F93E9,1 - DAYLIGHT,185011817,6 - ANGLE,01 - DRY,1 - STRAIGHT LEVEL,"2 - BLACKTOP, BITUMINOUS, ASPHALT",N/A,D - DRIVER,1 - CLEAR,45224
21XX MONTANA AV,39.159159,-84.566201,26-30,NORTHSIDE,NORTHSIDE,08/18/2018 10:15:00 PM +0000,01 - NOT AN INTERSECTION,2 - INJURY,2,08/18/2018 10:20:00 PM +0000,SAT,F - FEMALE,2 - POSSIBLE,019104CC-2B68-471E-8CB4-F6435D13F095,4 - DARK - LIGHTED ROADWAY,185011568,2 - REAR-END,01 - DRY,1 - STRAIGHT LEVEL,"2 - BLACKTOP, BITUMINOUS, ASPHALT",VILLAGES AT ROLL HILL,D - DRIVER,1 - CLEAR,45211
13XX KNOWLTON ST,39.162096,84.532106,18-25,N/A,N/A,08/02/2018 12:48:00 PM +0000,02 - FOUR-WAY INTERSECTION,3 - PROPERTY DAMAGE ONLY (PDO),3,08/02/2018 12:49:00 PM +0000,THU,M - MALE,1 - NO INJURY / NONE REPORTED,6DADAA1C-EE71-41C7-BB55-C68C1FACD6D9,1 - DAYLIGHT,185010699,5 - BACKING,01 - DRY,1 - STRAIGHT LEVEL,"2 - BLACKTOP, BITUMINOUS, ASPHALT",N/A,D - DRIVER,1 - CLEAR,45223
3XX W MCMILLAN ST,39.12797,84.52348,UNKNOWN,N/A,N/A,08/23/2018 03:00:00 PM +0000,01 - NOT AN INTERSECTION,3 - PROPERTY DAMAGE ONLY (PDO),3,08/24/2018 05:36:00 PM +0000,THU,,1 - NO INJURY / NONE REPORTED,C3D2822B-6EDF-4CEA-A67A-29FA1E620782,1 - DAYLIGHT,185011851,9 - UNKNOWN,01 - DRY,1 - STRAIGHT LEVEL,"2 - BLACKTOP, BITUMINOUS, ASPHALT",N/A,D - DRIVER,1 - CLEAR,45219
23XX BEEKMAN ST,39.126218,84.546115,26-30,N/A,N/A,08/17/2018 05:55:00 PM +0000,01 - NOT AN INTERSECTION,3 - PROPERTY DAMAGE ONLY (PDO),3,08/17/2018 05:59:00 PM +0000,FRI,F - FEMALE,1 - NO INJURY / NONE REPORTED,C58A3483-883D-40B1-A018-D4F778475E95,3 - DUSK,185011516,"7 - SIDESWIPE, SAME DIRECTION",01 - DRY,4 - CURVE GRADE,"2 - BLACKTOP, BITUMINOUS, ASPHALT",N/A,D - DRIVER,1 - CLEAR,45214
24XX COLUMBIA PY,39.124671,84.463445,UNKNOWN,N/A,N/A,08/28/2018 08:09:00 PM +0000,02 - FOUR-WAY INTERSECTION,2 - INJURY,2,08/28/2018 08:09:00 PM +0000,TUE,,1 - NO INJURY / NONE REPORTED,3646EFAF-4308-4B1C-97CA-E62C6C98AC8D,4 - DARK - LIGHTED ROADWAY,185012033,6 - ANGLE,01 - DRY,1 - STRAIGHT LEVEL,1 - CONCRETE,N/A,D - DRIVER,1 - CLEAR,45202
19XX ANDINA AV,39.173859,-84.46274,51-60,BOND HILL,BONDHILL,08/06/2018 04:42:00 PM +0000,01 - NOT AN INTERSECTION,3 - PROPERTY DAMAGE ONLY (PDO),3,08/06/2018 04:43:00 PM +0000,MON,F - FEMALE,1 - NO INJURY / NONE REPORTED,EAD3DCA6-8B63-477D-A2B5-4C9D3FD2D05E,1 - DAYLIGHT,185010895,"7 - SIDESWIPE, SAME DIRECTION",01 - DRY,1 - STRAIGHT LEVEL,"2 - BLACKTOP, BITUMINOUS, ASPHALT",BOND HILL,O - OCCUPANT,1 - CLEAR,45237
1XX W MITCHELL AV,39.161928,84.507038,26-30,N/A,N/A,08/23/2018 07:20:00 AM +0000,01 - NOT AN INTERSECTION,3 - PROPERTY DAMAGE ONLY (PDO),3,08/23/2018 07:27:00 AM +0000,THU,M - MALE,1 - NO INJURY / NONE REPORTED,C192D0DA-2A8A-4C3C-B4DA-8832EB6169C3,1 - DAYLIGHT,185011786,"7 - SIDESWIPE, SAME DIRECTION",01 - DRY,1 - STRAIGHT LEVEL,"2 - BLACKTOP, BITUMINOUS, ASPHALT",N/A,D - DRIVER,1 - CLEAR,45217
58XX MONFORT HILLS AV,39.200835,84.576795,26-30,N/A,N/A,08/13/2018 07:21:32 PM +0000,01 - NOT AN INTERSECTION,3 - PROPERTY DAMAGE ONLY (PDO),3,08/13/2018 07:24:44 PM +0000,MON,F - FEMALE,1 - NO INJURY / NONE REPORTED,2E1392C3-A18D-4D83-B5A7-CFAA81C318F2,1 - DAYLIGHT,185011268,1 - NOT COLLISION BETWEEN TWO MOTOR VEHICLES IN TRANSPORT,01 - DRY,1 - STRAIGHT LEVEL,"2 - BLACKTOP, BITUMINOUS, ASPHALT",N/A,D - DRIVER,1 - CLEAR,45239
7XX SYCAMORE ST,39.104785,84.508411,26-30,N/A,N/A,08/11/2018 10:25:00 AM +0000,02 - FOUR-WAY INTERSECTION,2 - INJURY,2,08/11/2018 10:25:00 AM +0000,SAT,M - MALE,1 - NO INJURY / NONE REPORTED,FBA9B6BB-B5BC-4AF0-AD85-063118C4B1A8,1 - DAYLIGHT,185011166,6 - ANGLE,01 - DRY,1 - STRAIGHT LEVEL,"2 - BLACKTOP, BITUMINOUS, ASPHALT",N/A,D - DRIVER,1 - CLEAR,45202
56XX COLERAIN AV,39.195351,84.574462,41-50,N/A,N/A,08/24/2018 02:45:35 PM +0000,03 - T-INTERSECTION,3 - PROPERTY DAMAGE ONLY (PDO),3,08/24/2018 02:47:58 PM +0000,FRI,M - MALE,1 - NO INJURY / NONE REPORTED,1D03618F-134F-477C-B8D3-EEC34AC985F8,1 - DAYLIGHT,185011996,2 - REAR-END,01 - DRY,1 - STRAIGHT LEVEL,1 - CONCRETE,N/A,D - DRIVER,1 - CLEAR,45239
16XX LINN ST,39.113781,84.527166,UNDER 18,N/A,N/A,08/09/2018 12:15:00 PM +0000,02 - FOUR-WAY INTERSECTION,3 - PROPERTY DAMAGE ONLY (PDO),3,08/09/2018 12:15:00 PM +0000,THU,M - MALE,1 - NO INJURY / NONE REPORTED,10735198-ABDC-481B-9A59-0476D08B333C,1 - DAYLIGHT,185011261,6 - ANGLE,01 - DRY,1 - STRAIGHT LEVEL,"2 - BLACKTOP, BITUMINOUS, ASPHALT",N/A,D - DRIVER,1 - CLEAR,45214
32XX MONTANA,39.148483,84.608109,41-50,N/A,N/A,08/23/2018 10:05:00 AM +0000,01 - NOT AN INTERSECTION,2 - INJURY,2,08/23/2018 10:07:00 AM +0000,THU,F - FEMALE,2 - POSSIBLE,5C0E9076-35B3-4A63-9E72-6BEBFA55F44B,1 - DAYLIGHT,185011768,2 - REAR-END,01 - DRY,1 - STRAIGHT LEVEL,"2 - BLACKTOP, BITUMINOUS, ASPHALT",N/A,D - DRIVER,1 - CLEAR,45211
2XX CALHOUN ST,39.128331,84.517107,31-40,N/A,N/A,08/16/2018 04:03:37 PM +0000,01 - NOT AN INTERSECTION,2 - INJURY,2,08/16/2018 04:45:48 PM +0000,THU,F - FEMALE,3 - NON-INCAPACITATING,9B41AE16-83BE-45EA-AD86-6155EA4A837F,1 - DAYLIGHT,185011433,2 - REAR-END,02 - WET,1 - STRAIGHT LEVEL,"2 - BLACKTOP, BITUMINOUS, ASPHALT",N/A,D - DRIVER,4 - RAIN,45221
17XX HARRISON AV,39.126649,84.556247,41-50,N/A,N/A,08/16/2018 08:07:00 AM +0000,01 - NOT AN INTERSECTION,3 - PROPERTY DAMAGE ONLY (PDO),3,08/16/2018 08:08:00 AM +0000,THU,M - MALE,1 - NO INJURY / NONE REPORTED,194B87AE-A6EC-4251-A874-5F41C131FE62,1 - DAYLIGHT,185011400,"7 - SIDESWIPE, SAME DIRECTION",02 - WET,2 - STRAIGHT GRADE,"2 - BLACKTOP, BITUMINOUS, ASPHALT",N/A,D - DRIVER,4 - RAIN,45214
15XX HARRISON AV,39.125425,-84.547067,61-70,SOUTH FAIRMOUNT,SOUTH  FAIRMOUNT,08/14/2018 07:40:00 PM +0000,01 - NOT AN INTERSECTION,3 - PROPERTY DAMAGE ONLY (PDO),3,08/15/2018 09:01:04 PM +0000,TUE,F - FEMALE,1 - NO INJURY / NONE REPORTED,C0F57DFE-DAF2-427C-A54B-87712F97E2E7,1 - DAYLIGHT,185011381,"7 - SIDESWIPE, SAME DIRECTION",01 - DRY,3 - CURVE LEVEL,"2 - BLACKTOP, BITUMINOUS, ASPHALT",SOUTH FAIRMOUNT,D - DRIVER,1 - CLEAR,45214
N I75 AT 5-1 MM,39.155553,84.537462,UNKNOWN,N/A,N/A,08/15/2018 12:39:00 PM +0000,01 - NOT AN INTERSECTION,2 - INJURY,2,08/15/2018 12:40:00 PM +0000,WED,,1 - NO INJURY / NONE REPORTED,B65CAC9E-FF48-4872-B7F4-EB7ED795A3D9,1 - DAYLIGHT,185011343,2 - REAR-END,01 - DRY,3 - CURVE LEVEL,"2 - BLACKTOP, BITUMINOUS, ASPHALT",N/A,D - DRIVER,2 - CLOUDY,45225
47XX PADDOCK RD,39.172005,-84.475965,26-30,PADDOCK HILLS,BONDHILL,08/21/2018 08:25:00 PM +0000,01 - NOT AN INTERSECTION,3 - PROPERTY DAMAGE ONLY (PDO),3,08/21/2018 08:26:00 PM +0000,TUE,M - MALE,1 - NO INJURY / NONE REPORTED,DF89BEB6-F3C2-447B-9102-F282C14CEBB0,1 - DAYLIGHT,185011698,6 - ANGLE,01 - DRY,1 - STRAIGHT LEVEL,"2 - BLACKTOP, BITUMINOUS, ASPHALT",BOND HILL,D - DRIVER,1 - CLEAR,45229
29XX MARSHALL AV,39.134171,84.527381,18-25,N/A,N/A,08/16/2018 07:46:00 AM +0000,02 - FOUR-WAY INTERSECTION,2 - INJURY,2,08/16/2018 07:46:00 AM +0000,THU,F - FEMALE,1 - NO INJURY / NONE REPORTED,DB78CC54-9151-49E5-BAB8-7D1F4DEED391,1 - DAYLIGHT,185011394,6 - ANGLE,02 - WET,2 - STRAIGHT GRADE,"2 - BLACKTOP, BITUMINOUS, ASPHALT",N/A,D - DRIVER,2 - CLOUDY,45220
50XX PADDOCK RD,39.177161,-84.477581,41-50,BOND HILL,BONDHILL,08/15/2018 04:51:00 PM +0000,02 - FOUR-WAY INTERSECTION,3 - PROPERTY DAMAGE ONLY (PDO),3,08/15/2018 04:51:00 PM +0000,WED,M - MALE,1 - NO INJURY / NONE REPORTED,09F9F826-8D56-4B4B-8C95-BEF23E7D62B5,1 - DAYLIGHT,185011384,"7 - SIDESWIPE, SAME DIRECTION",02 - WET,1 - STRAIGHT LEVEL,"2 - BLACKTOP, BITUMINOUS, ASPHALT",BOND HILL,D - DRIVER,4 - RAIN,45237
17XX CENTRAL AV #1,39.115678,-84.523887,41-50,WEST END,WEST  END,08/06/2018 02:50:00 PM +0000,02 - FOUR-WAY INTERSECTION,3 - PROPERTY DAMAGE ONLY (PDO),3,08/06/2018 02:55:00 PM +0000,MON,M - MALE,1 - NO INJURY / NONE REPORTED,AE40B405-F7AD-4504-BA20-1899174EB57F,1 - DAYLIGHT,185010902,1 - NOT COLLISION BETWEEN TWO MOTOR VEHICLES IN TRANSPORT,01 - DRY,1 - STRAIGHT LEVEL,"2 - BLACKTOP, BITUMINOUS, ASPHALT",WEST END,D - DRIVER,1 - CLEAR,45214
28XX HARRISON AV,39.138162,-84.576934,18-25,SOUTH FAIRMOUNT - WESTWOOD,WESTWOOD,08/24/2018 12:56:00 PM +0000,01 - NOT AN INTERSECTION,3 - PROPERTY DAMAGE ONLY (PDO),3,08/24/2018 12:57:00 PM +0000,FRI,F - FEMALE,1 - NO INJURY / NONE REPORTED,87EC082C-DF26-462D-80CE-312F5653E7CE,1 - DAYLIGHT,185011839,6 - ANGLE,01 - DRY,1 - STRAIGHT LEVEL,"2 - BLACKTOP, BITUMINOUS, ASPHALT",WESTWOOD,D - DRIVER,1 - CLEAR,45211
28XX RIVER RD,39.089651,-84.564567,61-70,SEDAMSVILLE,SEDAMSVILLE,08/08/2018 03:25:00 PM +0000,01 - NOT AN INTERSECTION,3 - PROPERTY DAMAGE ONLY (PDO),3,08/08/2018 03:30:00 PM +0000,WED,F - FEMALE,1 - NO INJURY / NONE REPORTED,BBE05E51-DDF8-448F-BED1-4880DB70013D,1 - DAYLIGHT,185011036,6 - ANGLE,01 - DRY,1 - STRAIGHT LEVEL,"2 - BLACKTOP, BITUMINOUS, ASPHALT",RIVERSIDE,D - DRIVER,1 - CLEAR,45204
5XX RIDDLE RD,39.255271,-84.491241,18-25,N/A,N/A,08/24/2018 02:43:00 PM +0000,01 - NOT AN INTERSECTION,3 - PROPERTY DAMAGE ONLY (PDO),3,08/24/2018 03:33:54 PM +0000,FRI,F - FEMALE,1 - NO INJURY / NONE REPORTED,72EF90AC-EB7D-4776-9870-6D9AA0958D06,1 - DAYLIGHT,185011841,6 - ANGLE,01 - DRY,2 - STRAIGHT GRADE,"2 - BLACKTOP, BITUMINOUS, ASPHALT",N/A,D - DRIVER,1 - CLEAR,45220
6XX E LIBERTY ST,39.110901,-84.503398,26-30,PENDLETON,PENDLETON,08/25/2018 09:05:00 PM +0000,01 - NOT AN INTERSECTION,3 - PROPERTY DAMAGE ONLY (PDO),3,08/25/2018 09:07:00 PM +0000,SAT,F - FEMALE,1 - NO INJURY / NONE REPORTED,60C7179A-411B-466D-89D2-CA8870B11201,4 - DARK - LIGHTED ROADWAY,185011931,5 - BACKING,01 - DRY,2 - STRAIGHT GRADE,"2 - BLACKTOP, BITUMINOUS, ASPHALT",PENDLETON,D - DRIVER,2 - CLOUDY,45202
38XX GLENWAY AV,39.113605,84.576872,18-25,N/A,N/A,08/12/2018 08:40:00 PM +0000,"06 - FIVE-POINT, OR MORE",3 - PROPERTY DAMAGE ONLY (PDO),3,08/12/2018 08:42:00 PM +0000,SUN,F - FEMALE,1 - NO INJURY / NONE REPORTED,541CD85A-CA6C-4214-9B69-6150B5A63B1D,4 - DARK - LIGHTED ROADWAY,185011229,"7 - SIDESWIPE, SAME DIRECTION",01 - DRY,1 - STRAIGHT LEVEL,"2 - BLACKTOP, BITUMINOUS, ASPHALT",N/A,D - DRIVER,1 - CLEAR,45205
16XX LINN ST,39.113451,84.528226,41-50,N/A,N/A,08/09/2018 12:15:00 PM +0000,02 - FOUR-WAY INTERSECTION,3 - PROPERTY DAMAGE ONLY (PDO),3,08/09/2018 12:15:00 PM +0000,THU,M - MALE,1 - NO INJURY / NONE REPORTED,10735198-ABDC-481B-9A59-0476D08B333C,1 - DAYLIGHT,185011261,6 - ANGLE,01 - DRY,1 - STRAIGHT LEVEL,"2 - BLACKTOP, BITUMINOUS, ASPHALT",N/A,D - DRIVER,1 - CLEAR,45214
15XX MADISON RD,39.129855,84.478928,41-50,N/A,N/A,08/27/2018 03:00:00 PM +0000,01 - NOT AN INTERSECTION,3 - PROPERTY DAMAGE ONLY (PDO),3,08/27/2018 03:02:00 PM +0000,MON,M - MALE,1 - NO INJURY / NONE REPORTED,FB945898-303A-4648-BA90-428430313199,1 - DAYLIGHT,185011960,2 - REAR-END,01 - DRY,1 - STRAIGHT LEVEL,"2 - BLACKTOP, BITUMINOUS, ASPHALT",N/A,D - DRIVER,1 - CLEAR,45231