ADDRESS_X,LATITUDE_X,LONGITUDE_X,AGE,COMMUNITY_COUNCIL_NEIGHBORHOOD,CPD_NEIGHBORHOOD,CRASHDATE,CRASHLOCATION,CRASHSEVERITY,CRASHSEVERITYID,DATECRASHREPORTED,DAYOFWEEK,GENDER,INJURIES,INSTANCEID,LIGHTCONDITIONSPRIMARY,LOCALREPORTNO,MANNEROFCRASH,ROADCONDITIONSPRIMARY,ROADCONTOUR,ROADSURFACE,SNA_NEIGHBORHOOD,TYPEOFPERSON,WEATHER,ZIP
54XX GLENWAY AV,39.128925,-84.605566,61-70,WESTWOOD,WESTWOOD,08/07/2018 03:25:00 PM +0000,02 - FOUR-WAY INTERSECTION,3 - PROPERTY DAMAGE ONLY (PDO),3,08/10/2018 06:05:19 PM +0000,TUE,F - FEMALE,1 - NO INJURY / NONE REPORTED,A58CBAC3-EDB5-44A2-B20D-A373BB262354,1 - DAYLIGHT,185011112,6 - ANGLE,01 - DRY,1 - STRAIGHT LEVEL,"2 - BLACKTOP, BITUMINOUS, ASPHALT",WESTWOOD,D - DRIVER,1 - CLEAR,45238
11XX VINE ST,39.106808,84.514631,26-30,N/A,N/A,08/11/2018 10:46:00 AM +0000,02 - FOUR-WAY INTERSECTION,2 - INJURY,2,08/11/2018 10:46:00 AM +0000,SAT,M - MALE,1 - NO INJURY / NONE REPORTED,78FB245F-FBB1-4225-8F8D-73A2E8C466A7,1 - DAYLIGHT,185011167,2 - REAR-END,01 - DRY,1 - STRAIGHT LEVEL,"2 - BLACKTOP, BITUMINOUS, ASPHALT",N/A,D - DRIVER,1 - CLEAR,45202
E I74 AT 19.1 MM,39.152024,84.542402,26-30,N/A,N/A,08/07/2018 06:12:00 PM +0000,01 - NOT AN INTERSECTION,3 - PROPERTY DAMAGE ONLY (PDO),3,08/07/2018 06:12:00 PM +0000,TUE,M - MALE,1 - NO INJURY / NONE REPORTED,45C38970-772C-43C6-AE36-1E19428F711B,1 - DAYLIGHT,185010985,6 - ANGLE,02 - WET,4 - CURVE GRADE,"2 - BLACKTOP, BITUMINOUS, ASPHALT",N/A,D - DRIVER,2 - CLOUDY,45223
12XX VINE ST,39.109431,-84.515505,UNKNOWN,OTR,OVER-THE-RHINE,08/10/2018 10:15:00 PM +0000,01 - NOT AN INTERSECTION,3 - PROPERTY DAMAGE ONLY (PDO),3,08/10/2018 10:20:00 PM +0000,FRI,,1 - NO INJURY / NONE REPORTED,0C0323C7-DB14-466A-8F35-B980B7233552,4 - DARK - LIGHTED ROADWAY,185011143,"7 - SIDESWIPE, SAME DIRECTION",01 - DRY,1 - STRAIGHT LEVEL,"2 - BLACKTOP, BITUMINOUS, ASPHALT",OVER-THE-RHINE,D - DRIVER,1 - CLEAR,45202
N I75 AT 8-7 MM,39.187301,-84.482348,26-30,BOND HILL,BONDHILL,08/12/2018 10:07:00 AM +0000,01 - NOT AN INTERSECTION,3 - PROPERTY DAMAGE ONLY (PDO),3,08/12/2018 10:08:00 AM +0000,SUN,F - FEMALE,1 - NO INJURY / NONE REPORTED,4B39ADA1-2524-4744-A7BF-CA6549B4CBD6,1 - DAYLIGHT,185011206,1 - NOT COLLISION BETWEEN TWO MOTOR VEHICLES IN TRANSPORT,01 - DRY,1 - STRAIGHT LEVEL,"2 - BLACKTOP, BITUMINOUS, ASPHALT",CARTHAGE,D - DRIVER,1 - CLEAR,45229
27XX EDROY CT,39.149406,84.440275,26-30,N/A,N/A,08/22/2018 07:56:00 AM +0000,01 - NOT AN INTERSECTION,3 - PROPERTY DAMAGE ONLY (PDO),3,08/22/2018 07:57:00 AM +0000,WED,F - FEMALE,1 - NO INJURY / NONE REPORTED,9CAB7527-342F-4FF6-906F-EEEBB4BD2E15,1 - DAYLIGHT,185011724,"8 - SIDESWIPE, OPPOSITE DIRECTION",01 - DRY,1 - STRAIGHT LEVEL,"2 - BLACKTOP, BITUMINOUS, ASPHALT",N/A,D - DRIVER,1 - CLEAR,45209
N I75 AT 10.4,39.197326,-84.470751,UNKNOWN,N/A,N/A,08/20/2018 01:33:00 PM +0000,01 - NOT AN INTERSECTION,3 - PROPERTY DAMAGE ONLY (PDO),3,08/20/2018 01:33:00 PM +0000,MON,,1 - NO INJURY / NONE REPORTED,04C5225D-D28F-4219-9D86-A8F4C6795FB0,1 - DAYLIGHT,185011625,"7 - SIDESWIPE, SAME DIRECTION",01 - DRY,2 - STRAIGHT GRADE,"2 - BLACKTOP, BITUMINOUS, ASPHALT",N/A,D - DRIVER,1 - CLEAR,45216
23XX GEST ST,39.108318,84.553535,61-70,N/A,N/A,08/12/2018 04:52:00 PM +0000,01 - NOT AN INTERSECTION,3 - PROPERTY DAMAGE ONLY (PDO),3,08/12/2018 04:53:00 PM +0000,SUN,F - FEMALE,1 - NO INJURY / NONE REPORTED,E3493186-D9A9-4EB9-BD22-D691AAB2DEB9,1 - DAYLIGHT,185011225,6 - ANGLE,01 - DRY,2 - STRAIGHT GRADE,1 - CONCRETE,N/A,D - DRIVER,1 - CLEAR,45204
18XX DANA AV,39.142645,84.468946,18-25,N/A,N/A,08/05/2018 12:40:00 AM +0000,02 - FOUR-WAY INTERSECTION,3 - PROPERTY DAMAGE ONLY (PDO),3,08/05/2018 12:45:00 AM +0000,SUN,F - FEMALE,1 - NO INJURY / NONE REPORTED,52176B4E-E3ED-4987-AE67-34E48006AF6D,4 - DARK - LIGHTED ROADWAY,185010844,6 - ANGLE,01 - DRY,1 - STRAIGHT LEVEL,1 - CONCRETE,N/A,D - DRIVER,1 - CLEAR,45207
19XX STATE AV,39.118473,84.546762,41-50,N/A,N/A,08/08/2018 12:10:00 PM +0000,03 - T-INTERSECTION,3 - PROPERTY DAMAGE ONLY (PDO),3,08/08/2018 12:13:00 PM +0000,WED,M - MALE,1 - NO INJURY / NONE REPORTED,0B829D24-53F0-4F2E-8FE1-D588F8403EA2,1 - DAYLIGHT,185011007,6 - ANGLE,01 - DRY,1 - STRAIGHT LEVEL,"2 - BLACKTOP, BITUMINOUS, ASPHALT",N/A,D - DRIVER,1 - CLEAR,45204
83XX VINE ST,39.212532,84.474604,26-30,N/A,N/A,08/17/2018 09:05:00 PM +0000,02 - FOUR-WAY INTERSECTION,3 - PROPERTY DAMAGE ONLY (PDO),3,08/17/2018 09:06:00 PM +0000,FRI,M - MALE,1 - NO INJURY / NONE REPORTED,8CA56EB5-399C-4A38-8F2C-325A352CFEAC,4 - DARK - LIGHTED ROADWAY,185011523,2 - REAR-END,02 - WET,1 - STRAIGHT LEVEL,1 - CONCRETE,N/A,D - DRIVER,2 - CLOUDY,45216
62XX PADDOCK RD,39.101831,-84.512851,41-50,DOWNTOWN,C. B. D. / RIVERFRONT,08/13/2018 11:40:00 AM +0000,01 - NOT AN INTERSECTION,2 - INJURY,2,08/13/2018 11:45:00 AM +0000,MON,F - FEMALE,1 - NO INJURY / NONE REPORTED,9A655FC5-3739-40CA-B302-4396B6681E8E,1 - DAYLIGHT,185011244,2 - REAR-END,01 - DRY,2 - STRAIGHT GRADE,"2 - BLACKTOP, BITUMINOUS, ASPHALT",DOWNTOWN,D - DRIVER,1 - CLEAR,45216
4XX DIXMYTH AV,39.139875,-84.521436,26-30,CLIFTON,CLIFTON,08/07/2018 06:15:00 PM +0000,01 - NOT AN INTERSECTION,2 - INJURY,2,08/07/2018 08:45:00 PM +0000,TUE,M - MALE,2 - POSSIBLE,750E408B-9922-4FF6-91B5-F107A0EFBD50,1 - DAYLIGHT,185010983,1 - NOT COLLISION BETWEEN TWO MOTOR VEHICLES IN TRANSPORT,01 - DRY,1 - STRAIGHT LEVEL,"2 - BLACKTOP, BITUMINOUS, ASPHALT",CLIFTON,P - PEDESTRIAN,1 - CLEAR,45220
N I75 AT 3-5 MM,39.139125,84.533471,26-30,N/A,N/A,08/07/2018 05:45:00 PM +0000,01 - NOT AN INTERSECTION,3 - PROPERTY DAMAGE ONLY (PDO),3,08/07/2018 05:45:00 PM +0000,TUE,F - FEMALE,1 - NO INJURY / NONE REPORTED,C6B1E728-D4C8-498B-A2D1-9341F7C7B328,1 - DAYLIGHT,185010982,2 - REAR-END,01 - DRY,1 - STRAIGHT LEVEL,"2 - BLACKTOP, BITUMINOUS, ASPHALT",N/A,D - DRIVER,2 - CLOUDY,45214
23XX COPELEN ST,39.124053,-84.492568,31-40,WALNUT HILLS,WALNUT HILLS,08/06/2018 09:28:00 AM +0000,01 - NOT AN INTERSECTION,2 - INJURY,2,08/06/2018 09:28:00 AM +0000,MON,M - MALE,1 - NO INJURY / NONE REPORTED,B715FA2B-071E-46CA-8DAA-001E0D1BB688,1 - DAYLIGHT,185010873,1 - NOT COLLISION BETWEEN TWO MOTOR VEHICLES IN TRANSPORT,01 - DRY,4 - CURVE GRADE,1 - CONCRETE,WALNUT HILLS,D - DRIVER,1 - CLEAR,45206
38XX WILLIAM P DOOLEY BY,39.156381,84.539006,31-40,N/A,N/A,08/14/2018 05:08:49 PM +0000,01 - NOT AN INTERSECTION,3 - PROPERTY DAMAGE ONLY (PDO),3,08/14/2018 05:12:59 PM +0000,TUE,M - MALE,1 - NO INJURY / NONE REPORTED,06230AEF-38A5-4578-9E54-6E76D93C7B06,1 - DAYLIGHT,185011314,2 - REAR-END,01 - DRY,1 - STRAIGHT LEVEL,"2 - BLACKTOP, BITUMINOUS, ASPHALT",N/A,D - DRIVER,1 - CLEAR,45223
5XX LIBERTY HILL ST,39.112835,-84.505841,26-30,MOUNT AUBURN,MOUNT  AUBURN,08/10/2018 11:08:00 AM +0000,01 - NOT AN INTERSECTION,2 - INJURY,2,08/10/2018 11:08:00 AM +0000,FRI,F - FEMALE,2 - POSSIBLE,051BC82E-043E-4E58-A60F-F5FD6B65CC23,1 - DAYLIGHT,185011096,6 - ANGLE,01 - DRY,2 - STRAIGHT GRADE,"2 - BLACKTOP, BITUMINOUS, ASPHALT",MT. AUBURN,D - DRIVER,2 - CLOUDY,45202
29XX READING RD,39.131113,-84.497588,UNKNOWN,AVONDALE,AVONDALE,08/11/2018 09:58:00 PM +0000,01 - NOT AN INTERSECTION,3 - PROPERTY DAMAGE ONLY (PDO),3,08/11/2018 09:58:00 PM +0000,SAT,M - MALE,1 - NO INJURY / NONE REPORTED,753B010E-871A-466B-8303-F934C32175C6,4 - DARK - LIGHTED ROADWAY,185011198,1 - NOT COLLISION BETWEEN TWO MOTOR VEHICLES IN TRANSPORT,01 - DRY,1 - STRAIGHT LEVEL,"2 - BLACKTOP, BITUMINOUS, ASPHALT",AVONDALE,D - DRIVER,1 - CLEAR,45206
73XX FAIRPARK AV,39.197682,-84.478472,UNKNOWN,CARTHAGE,CARTHAGE,08/25/2018 01:20:00 PM +0000,02 - FOUR-WAY INTERSECTION,3 - PROPERTY DAMAGE ONLY (PDO),3,08/25/2018 12:00:00 AM +0000,SAT,,,09A65857-C20C-4E2B-9DCB-973A08EA0A85,1 - DAYLIGHT,185011888,6 - ANGLE,02 - WET,1 - STRAIGHT LEVEL,1 - CONCRETE,CARTHAGE,,4 - RAIN,45216
23XX FERGUSON RD,39.128567,-84.597482,18-25,WESTWOOD,WESTWOOD,08/12/2018 05:00:00 PM +0000,01 - NOT AN INTERSECTION,3 - PROPERTY DAMAGE ONLY (PDO),3,08/12/2018 05:20:00 PM +0000,SUN,F - FEMALE,1 - NO INJURY / NONE REPORTED,4226162C-171B-4FA4-9389-4A9E764295CF,1 - DAYLIGHT,185011216,5 - BACKING,01 - DRY,1 - STRAIGHT LEVEL,"2 - BLACKTOP, BITUMINOUS, ASPHALT",WESTWOOD,D - DRIVER,1 - CLEAR,45238
19XX SEYMOUR AV,39.187078,84.459881,51-60,N/A,N/A,08/02/2018 01:16:00 PM +0000,01 - NOT AN INTERSECTION,2 - INJURY,2,08/02/2018 01:16:00 PM +0000,THU,F - FEMALE,1 - NO INJURY / NONE REPORTED,576A7AD3-3155-4E48-99C8-6C5B5B3F745D,1 - DAYLIGHT,185010700,1 - NOT COLLISION BETWEEN TWO MOTOR VEHICLES IN TRANSPORT,01 - DRY,1 - STRAIGHT LEVEL,"2 - BLACKTOP, BITUMINOUS, ASPHALT",N/A,D - DRIVER,2 - CLOUDY,45237
58XX BELMONT AV,39.198468,-84.554861,UNKNOWN,COLLEGE HILL,COLLEGE  HILL,08/22/2018 04:43:00 AM +0000,01 - NOT AN INTERSECTION,3 - PROPERTY DAMAGE ONLY (PDO),3,08/22/2018 04:43:00 AM +0000,WED,,1 - NO INJURY / NONE REPORTED,FFC70F64-A5FD-42FF-9769-39354F96142B,4 - DARK - LIGHTED ROADWAY,185011710,1 - NOT COLLISION BETWEEN TWO MOTOR VEHICLES IN TRANSPORT,01 - DRY,4 - CURVE GRADE,"2 - BLACKTOP, BITUMINOUS, ASPHALT",COLLEGE HILL,D - DRIVER,1 - CLEAR,45224
24XX HARRISON AV,39.141783,-84.582705,31-40,WESTWOOD,WESTWOOD,08/07/2018 08:20:00 PM +0000,01 - NOT AN INTERSECTION,3 - PROPERTY DAMAGE ONLY (PDO),3,08/07/2018 08:23:00 PM +0000,TUE,M - MALE,1 - NO INJURY / NONE REPORTED,097E6465-A8A9-48CC-8616-0024D3987B31,1 - DAYLIGHT,185010984,2 - REAR-END,01 - DRY,1 - STRAIGHT LEVEL,"2 - BLACKTOP, BITUMINOUS, ASPHALT",WESTWOOD,D - DRIVER,1 - CLEAR,45211
4XX GEST ST,39.098465,-84.526424,31-40,QUEENSGATE,QUEENSGATE,08/11/2018 08:04:00 PM +0000,01 - NOT AN INTERSECTION,3 - PROPERTY DAMAGE ONLY (PDO),3,08/11/2018 08:05:00 PM +0000,SAT,M - MALE,1 - NO INJURY / NONE REPORTED,875E2CDD-8CB6-45C0-A706-7D0C8243CEF3,3 - DUSK,185011193,"7 - SIDESWIPE, SAME DIRECTION",02 - WET,3 - CURVE LEVEL,1 - CONCRETE,QUEENSGATE,D - DRIVER,2 - CLOUDY,45203
46XX READING RD,39.169476,-84.469008,31-40,PADDOCK HILLS,BONDHILL,08/04/2018 02:51:00 PM +0000,02 - FOUR-WAY INTERSECTION,3 - PROPERTY DAMAGE ONLY (PDO),3,08/04/2018 02:54:00 PM +0000,SAT,M - MALE,1 - NO INJURY / NONE REPORTED,32DCF810-DD8F-4CC9-B4D3-6D012F6AE7B3,1 - DAYLIGHT,185010816,6 - ANGLE,01 - DRY,1 - STRAIGHT LEVEL,"2 - BLACKTOP, BITUMINOUS, ASPHALT",BOND HILL,D - DRIVER,1 - CLEAR,45229
28XX BOUDINOT AV,39.134251,-84.604041,UNKNOWN,WESTWOOD,WESTWOOD,08/06/2018 05:00:00 PM +0000,01 - NOT AN INTERSECTION,3 - PROPERTY DAMAGE ONLY (PDO),3,08/07/2018 09:45:00 AM +0000,MON,,1 - NO INJURY / NONE REPORTED,D49EB4E4-D79A-445C-B1F2-8131F972D88D,9 - UNKNOWN,185010939,1 - NOT COLLISION BETWEEN TWO MOTOR VEHICLES IN TRANSPORT,99 - UNKNOWN,1 - STRAIGHT LEVEL,"2 - BLACKTOP, BITUMINOUS, ASPHALT",WESTWOOD,D - DRIVER,9 - OTHER/UNKNOWN,45238
20XX LANGDON FARM RD,39.183066,-84.455371,18-25,ROSELAWN,BONDHILL,08/04/2018 05:35:00 PM +0000,01 - NOT AN INTERSECTION,2 - INJURY,2,08/04/2018 05:37:00 PM +0000,SAT,F - FEMALE,1 - NO INJURY / NONE REPORTED,009BDE0C-437C-4AA3-A7F4-B25F7170338B,1 - DAYLIGHT,185010829,6 - ANGLE,01 - DRY,1 - STRAIGHT LEVEL,"2 - BLACKTOP, BITUMINOUS, ASPHALT",ROSELAWN,D - DRIVER,1 - CLEAR,45237
4XX E MARTIN LUTHER KING DR,39.081351,84.295011,51-60,N/A,N/A,08/20/2018 10:54:00 PM +0000,02 - FOUR-WAY INTERSECTION,3 - PROPERTY DAMAGE ONLY (PDO),3,08/20/2018 10:55:00 PM +0000,MON,M - MALE,1 - NO INJURY / NONE REPORTED,AADE0A94-25ED-47BE-AD13-D75AAE1AD19D,4 - DARK - LIGHTED ROADWAY,185011662,6 - ANGLE,02 - WET,2 - STRAIGHT GRADE,1 - CONCRETE,N/A,D - DRIVER,1 - CLEAR,45219
8XX WEST 6TH ST,39.100504,84.524548,61-70,N/A,N/A,08/20/2018 03:50:00 PM +0000,04 - Y-INTERSECTION,2 - INJURY,2,08/27/2018 03:15:00 PM +0000,MON,F - FEMALE,1 - NO INJURY / NONE REPORTED,CF577FD2-FD9B-4AF7-8D48-B336BD705A4D,1 - DAYLIGHT,185012004,2 - REAR-END,01 - DRY,1 - STRAIGHT LEVEL,"2 - BLACKTOP, BITUMINOUS, ASPHALT",N/A,D - DRIVER,1 - CLEAR,45203
10XX SUMMIT RD,39.192595,84.474726,26-30,N/A,N/A,08/05/2018 02:48:00 AM +0000,03 - T-INTERSECTION,3 - PROPERTY DAMAGE ONLY (PDO),3,08/05/2018 02:50:00 AM +0000,SUN,M - MALE,1 - NO INJURY / NONE REPORTED,C574B84D-4903-4F24-905B-E6C176DA0328,4 - DARK - LIGHTED ROADWAY,185010845,1 - NOT COLLISION BETWEEN TWO MOTOR VEHICLES IN TRANSPORT,01 - DRY,3 - CURVE LEVEL,1 - CONCRETE,N/A,D - DRIVER,1 - CLEAR,45237
S I75 AT 10-8 MM,39.205985,84.464221,51-60,N/A,N/A,08/17/2018 05:20:00 PM +0000,01 - NOT AN INTERSECTION,3 - PROPERTY DAMAGE ONLY (PDO),3,08/17/2018 05:24:00 PM +0000,FRI,M - MALE,1 - NO INJURY / NONE REPORTED,70896160-7322-44D3-8430-E717CD7F3719,1 - DAYLIGHT,185011506,"7 - SIDESWIPE, SAME DIRECTION",01 - DRY,1 - STRAIGHT LEVEL,1 - CONCRETE,N/A,D - DRIVER,2 - CLOUDY,45237
23XX READING RD,39.121918,-84.501335,18-25,MOUNT AUBURN,MOUNT  AUBURN,08/13/2018 09:48:00 PM +0000,02 - FOUR-WAY INTERSECTION,2 - INJURY,2,08/13/2018 09:53:00 PM +0000,MON,M - MALE,2 - POSSIBLE,309463DD-9E78-4738-869A-9699157D12BC,4 - DARK - LIGHTED ROADWAY,185011279,6 - ANGLE,01 - DRY,1 - STRAIGHT LEVEL,"2 - BLACKTOP, BITUMINOUS, ASPHALT",MT. AUBURN,O - OCCUPANT,1 - CLEAR,45206
34XX KNOTT ST,39.144342,-84.494093,UNKNOWN,AVONDALE,AVONDALE,08/17/2018 11:38:00 PM +0000,01 - NOT AN INTERSECTION,3 - PROPERTY DAMAGE ONLY (PDO),3,08/17/2018 11:38:00 PM +0000,FRI,,1 - NO INJURY / NONE REPORTED,245BBE0A-2144-4037-BCAE-7D25016B6C1C,5 - DARK – ROADWAY NOT LIGHTED,185011530,"8 - SIDESWIPE, OPPOSITE DIRECTION",01 - DRY,1 - STRAIGHT LEVEL,"2 - BLACKTOP, BITUMINOUS, ASPHALT",AVONDALE,D - DRIVER,1 - CLEAR,45229
1XX LOUIS AV,39.142486,84.507147,UNKNOWN,N/A,N/A,08/04/2018 02:45:00 PM +0000,01 - NOT AN INTERSECTION,3 - PROPERTY DAMAGE ONLY (PDO),3,08/04/2018 02:50:00 PM +0000,SAT,,1 - NO INJURY / NONE REPORTED,D6D6C84B-92EA-4DC6-9470-1335093DDF36,1 - DAYLIGHT,185010815,9 - UNKNOWN,01 - DRY,2 - STRAIGHT GRADE,"2 - BLACKTOP, BITUMINOUS, ASPHALT",N/A,D - DRIVER,1 - CLEAR,45220
80XX VINE ST,39.206181,-84.474573,UNKNOWN,HARTWELL,HARTWELL,08/17/2018 03:31:00 PM +0000,01 - NOT AN INTERSECTION,3 - PROPERTY DAMAGE ONLY (PDO),3,08/17/2018 04:45:00 PM +0000,FRI,,1 - NO INJURY / NONE REPORTED,4A456588-6E41-42AA-80E3-F45EC781861C,1 - DAYLIGHT,185011496,6 - ANGLE,01 - DRY,1 - STRAIGHT LEVEL,"2 - BLACKTOP, BITUMINOUS, ASPHALT",HARTWELL,D - DRIVER,2 - CLOUDY,45216
3XX EZZARD CHARLES DR,39.110429,84.520418,31-40,N/A,N/A,08/14/2018 04:08:00 PM +0000,01 - NOT AN INTERSECTION,3 - PROPERTY DAMAGE ONLY (PDO),3,08/14/2018 04:08:00 PM +0000,TUE,M - MALE,1 - NO INJURY / NONE REPORTED,4FAC807B-CC60-4D3C-AB10-44514B9515E2,1 - DAYLIGHT,185011303,2 - REAR-END,01 - DRY,1 - STRAIGHT LEVEL,"2 - BLACKTOP, BITUMINOUS, ASPHALT",N/A,D - DRIVER,1 - CLEAR,45202
82XX VINE ST,39.211141,84.473681,UNKNOWN,N/A,N/A,08/23/2018 05:58:00 PM +0000,01 - NOT AN INTERSECTION,3 - PROPERTY DAMAGE ONLY (PDO),3,08/23/2018 05:58:00 PM +0000,THU,,1 - NO INJURY / NONE REPORTED,993E52C6-F3B8-45E5-A8F8-FDC2FB7E1A55,1 - DAYLIGHT,185011800,"8 - SIDESWIPE, OPPOSITE DIRECTION",01 - DRY,1 - STRAIGHT LEVEL,"2 - BLACKTOP, BITUMINOUS, ASPHALT",N/A,D - DRIVER,1 - CLEAR,45216
12XX WESTERN HILLS VIA,39.125187,84.542201,41-50,N/A,N/A,08/07/2018 08:00:00 AM +0000,07 - ON RAMP,3 - PROPERTY DAMAGE ONLY (PDO),3,08/07/2018 08:01:00 AM +0000,TUE,F - FEMALE,1 - NO INJURY / NONE REPORTED,21F974CF-7BA4-459C-80A9-61A8513252C0,2 - DAWN,185010934,2 - REAR-END,02 - WET,3 - CURVE LEVEL,1 - CONCRETE,N/A,D - DRIVER,2 - CLOUDY,45214
50XX RIDGE AV,39.1723,-84.427525,26-30,PLEASANT RIDGE,PLEASANT RIDGE,08/25/2018 12:35:11 PM +0000,01 - NOT AN INTERSECTION,3 - PROPERTY DAMAGE ONLY (PDO),3,08/25/2018 12:37:12 PM +0000,SAT,M - MALE,1 - NO INJURY / NONE REPORTED,7FB4D85A-9DB5-495F-BEEC-0F551B51BC6E,1 - DAYLIGHT,185011874,2 - REAR-END,02 - WET,2 - STRAIGHT GRADE,"2 - BLACKTOP, BITUMINOUS, ASPHALT",PLEASANT RIDGE,D - DRIVER,4 - RAIN,45209
32XX WERK RD,39.141217,84.612245,UNKNOWN,N/A,N/A,08/02/2018 05:15:00 PM +0000,04 - Y-INTERSECTION,3 - PROPERTY DAMAGE ONLY (PDO),3,08/22/2018 04:43:18 PM +0000,THU,,1 - NO INJURY / NONE REPORTED,D408BDAF-B56F-46FC-A7C6-CBA988304678,1 - DAYLIGHT,185011742,2 - REAR-END,01 - DRY,1 - STRAIGHT LEVEL,"2 - BLACKTOP, BITUMINOUS, ASPHALT",N/A,D - DRIVER,1 - CLEAR,45211
49XX GLENWAY AV,39.118861,-84.599952,UNKNOWN,WEST PRICE HILL,WEST PRICE HILL,08/14/2018 05:20:00 PM +0000,01 - NOT AN INTERSECTION,3 - PROPERTY DAMAGE ONLY (PDO),3,08/14/2018 05:28:00 PM +0000,TUE,,1 - NO INJURY / NONE REPORTED,C6494A69-1201-4869-AC21-2EE5ED5FC91B,1 - DAYLIGHT,185011315,2 - REAR-END,01 - DRY,1 - STRAIGHT LEVEL,"2 - BLACKTOP, BITUMINOUS, ASPHALT",WEST PRICE HILL,D - DRIVER,1 - CLEAR,45238
36XX MONTGOMERY RD,39.145912,84.469399,UNKNOWN,N/A,N/A,08/15/2018 04:45:00 PM +0000,01 - NOT AN INTERSECTION,2 - INJURY,2,08/15/2018 04:55:00 PM +0000,WED,,1 - NO INJURY / NONE REPORTED,51511F3C-E80E-4E2D-93D2-2A03D74E6FCE,1 - DAYLIGHT,185011382,2 - REAR-END,02 - WET,1 - STRAIGHT LEVEL,"2 - BLACKTOP, BITUMINOUS, ASPHALT",N/A,D - DRIVER,4 - RAIN,45207
2XX E 2ND ST,39.097852,84.508586,26-30,N/A,N/A,08/11/2018 04:25:00 PM +0000,02 - FOUR-WAY INTERSECTION,2 - INJURY,2,08/11/2018 04:27:00 PM +0000,SAT,M - MALE,2 - POSSIBLE,0A768075-65DE-4B1B-96E9-D02CBAA7CA8B,4 - DARK - LIGHTED ROADWAY,185011150,6 - ANGLE,01 - DRY,2 - STRAIGHT GRADE,1 - CONCRETE,N/A,D - DRIVER,2 - CLOUDY,45202
XX W 5TH ST,39.101373,-84.513763,61-70,DOWNTOWN,C. B. D. / RIVERFRONT,08/05/2018 07:30:26 PM +0000,01 - NOT AN INTERSECTION,3 - PROPERTY DAMAGE ONLY (PDO),3,08/05/2018 08:38:27 PM +0000,SUN,M - MALE,1 - NO INJURY / NONE REPORTED,21BC2D9B-DBA4-412C-92CB-45A236BE2131,5 - DARK – ROADWAY NOT LIGHTED,185010861,1 - NOT COLLISION BETWEEN TWO MOTOR VEHICLES IN TRANSPORT,01 - DRY,1 - STRAIGHT LEVEL,1 - CONCRETE,DOWNTOWN,D - DRIVER,1 - CLEAR,45202
31XX MADISON RD,39.154547,84.429762,31-40,N/A,N/A,08/06/2018 06:10:00 AM +0000,03 - T-INTERSECTION,3 - PROPERTY DAMAGE ONLY (PDO),3,08/06/2018 08:00:00 AM +0000,MON,M - MALE,1 - NO INJURY / NONE REPORTED,4F53CDAC-5A1F-49FB-8B6B-309313EB9AB4,2 - DAWN,185010870,6 - ANGLE,01 - DRY,1 - STRAIGHT LEVEL,"2 - BLACKTOP, BITUMINOUS, ASPHALT",N/A,D - DRIVER,1 - CLEAR,45209
37XX COLUMBIA PY,39.113698,84.434982,61-70,N/A,N/A,08/11/2018 02:26:00 PM +0000,02 - FOUR-WAY INTERSECTION,3 - PROPERTY DAMAGE ONLY (PDO),3,08/11/2018 02:26:00 PM +0000,SAT,F - FEMALE,1 - NO INJURY / NONE REPORTED,FB2B1DE8-8CD4-4DED-ADDB-1A335BD5C4EB,1 - DAYLIGHT,185011170,6 - ANGLE,02 - WET,2 - STRAIGHT GRADE,"2 - BLACKTOP, BITUMINOUS, ASPHALT",N/A,D - DRIVER,4 - RAIN,45226
6XX EDEN PARK DR,39.117776,-84.498864,18-25,WALNUT HILLS,WALNUT HILLS,08/03/2018 12:40:00 PM +0000,01 - NOT AN INTERSECTION,3 - PROPERTY DAMAGE ONLY (PDO),3,08/03/2018 01:15:00 PM +0000,FRI,F - FEMALE,1 - NO INJURY / NONE REPORTED,BFAB11D8-23CE-424F-A380-19702AFD62FA,1 - DAYLIGHT,185010757,2 - REAR-END,01 - DRY,1 - STRAIGHT LEVEL,"2 - BLACKTOP, BITUMINOUS, ASPHALT",WALNUT HILLS,D - DRIVER,1 - CLEAR,45202
7XX COLUMBIA PY,39.10519,-84.49686,51-60,MOUNT ADAMS,MOUNT  ADAMS,08/16/2018 07:50:00 PM +0000,01 - NOT AN INTERSECTION,2 - INJURY,2,08/16/2018 07:51:00 PM +0000,THU,M - MALE,3 - NON-INCAPACITATING,64115D4D-C1F4-4CC8-8DBF-2EE272DF334D,1 - DAYLIGHT,185011455,1 - NOT COLLISION BETWEEN TWO MOTOR VEHICLES IN TRANSPORT,02 - WET,4 - CURVE GRADE,1 - CONCRETE,MT. ADAMS,D - DRIVER,4 - RAIN,45202
7XX W 6TH ST,39.100481,84.526515,51-60,N/A,N/A,08/16/2018 12:10:00 PM +0000,07 - ON RAMP,2 - INJURY,2,08/16/2018 12:13:00 PM +0000,THU,M - MALE,1 - NO INJURY / NONE REPORTED,FCFEB861-34EF-4FD2-B379-71DEADF26C5F,1 - DAYLIGHT,185011414,2 - REAR-END,02 - WET,3 - CURVE LEVEL,"2 - BLACKTOP, BITUMINOUS, ASPHALT",N/A,D - DRIVER,4 - RAIN,45203