ADDRESS_X,LATITUDE_X,LONGITUDE_X,AGE,COMMUNITY_COUNCIL_NEIGHBORHOOD,CPD_NEIGHBORHOOD,CRASHDATE,CRASHLOCATION,CRASHSEVERITY,CRASHSEVERITYID,DATECRASHREPORTED,DAYOFWEEK,GENDER,INJURIES,INSTANCEID,LIGHTCONDITIONSPRIMARY,LOCALREPORTNO,MANNEROFCRASH,ROADCONDITIONSPRIMARY,ROADCONTOUR,ROADSURFACE,SNA_NEIGHBORHOOD,TYPEOFPERSON,WEATHER,ZIP
3XX W COURT ST,39.106289,84.519244,41-50,N/A,N/A,08/11/2018 08:03:00 PM +0000,02 - FOUR-WAY INTERSECTION,3 - PROPERTY DAMAGE ONLY (PDO),3,08/11/2018 08:10:00 PM +0000,SAT,F - FEMALE,1 - NO INJURY / NONE REPORTED,7A7C0684-8A5E-4298-9B6F-C6DD40480E39,3 - DUSK,185011195,6 - ANGLE,02 - WET,1 - STRAIGHT LEVEL,"2 - BLACKTOP, BITUMINOUS, ASPHALT",N/A,D - DRIVER,2 - CLOUDY,45202
4XX VINE ST,39.091349,84.520441,18-25,N/A,N/A,08/19/2018 12:53:00 PM +0000,02 - FOUR-WAY INTERSECTION,3 - PROPERTY DAMAGE ONLY (PDO),3,08/19/2018 01:06:00 PM +0000,SUN,M - MALE,1 - NO INJURY / NONE REPORTED,CC267F28-0F9F-45AA-941F-17765BC7B608,1 - DAYLIGHT,185011588,6 - ANGLE,01 - DRY,2 - STRAIGHT GRADE,"2 - BLACKTOP, BITUMINOUS, ASPHALT",N/A,D - DRIVER,1 - CLEAR,45202
34XX TRIMBLE AV,39.141103,-84.46718,18-25,EVANSTON,EVANSTON,08/10/2018 05:16:00 PM +0000,02 - FOUR-WAY INTERSECTION,3 - PROPERTY DAMAGE ONLY (PDO),3,08/10/2018 05:16:00 PM +0000,FRI,F - FEMALE,1 - NO INJURY / NONE REPORTED,CFEC6379-62CC-45AC-8845-E0016E1B1537,1 - DAYLIGHT,185011120,2 - REAR-END,02 - WET,1 - STRAIGHT LEVEL,1 - CONCRETE,EVANSTON,D - DRIVER,4 - RAIN,45207
12XX CHASE AV,39.162777,-84.532522,51-60,NORTHSIDE,NORTHSIDE,08/11/2018 02:15:00 PM +0000,02 - FOUR-WAY INTERSECTION,3 - PROPERTY DAMAGE ONLY (PDO),3,08/11/2018 02:40:00 PM +0000,SAT,M - MALE,1 - NO INJURY / NONE REPORTED,DA29EBA9-48E3-4BF4-AFFA-E58F4572A1CF,1 - DAYLIGHT,185011180,6 - ANGLE,02 - WET,1 - STRAIGHT LEVEL,1 - CONCRETE,NORTHSIDE,D - DRIVER,4 - RAIN,45223
20XX HARRISON AV,39.133403,-84.565205,UNKNOWN,NORTH FAIRMOUNT,SOUTH  FAIRMOUNT,08/15/2018 06:21:00 AM +0000,01 - NOT AN INTERSECTION,3 - PROPERTY DAMAGE ONLY (PDO),3,08/15/2018 06:30:00 AM +0000,WED,,1 - NO INJURY / NONE REPORTED,238665A0-D7D8-4B93-AD2A-1471C9513A16,1 - DAYLIGHT,185011331,1 - NOT COLLISION BETWEEN TWO MOTOR VEHICLES IN TRANSPORT,01 - DRY,1 - STRAIGHT LEVEL,"2 - BLACKTOP, BITUMINOUS, ASPHALT",NORTH FAIRMOUNT,D - DRIVER,1 - CLEAR,45214
W SR 562 AT 0.1 MM,39.173689,-84.484483,51-60,BOND HILL,BONDHILL,08/10/2018 01:05:00 PM +0000,01 - NOT AN INTERSECTION,3 - PROPERTY DAMAGE ONLY (PDO),3,08/10/2018 01:25:00 PM +0000,FRI,M - MALE,1 - NO INJURY / NONE REPORTED,800ED0E4-18B2-4430-894D-32E9074550D2,1 - DAYLIGHT,185011102,2 - REAR-END,01 - DRY,3 - CURVE LEVEL,1 - CONCRETE,BOND HILL,D - DRIVER,1 - CLEAR,45237
83XX VINE ST,42.739833,-76.780101,41-50,N/A,N/A,08/22/2018 01:27:00 PM +0000,01 - NOT AN INTERSECTION,3 - PROPERTY DAMAGE ONLY (PDO),3,08/22/2018 01:27:00 PM +0000,WED,F - FEMALE,1 - NO INJURY / NONE REPORTED,B837C12A-F15A-4282-891D-988B7F2EC477,1 - DAYLIGHT,185011729,"7 - SIDESWIPE, SAME DIRECTION",01 - DRY,1 - STRAIGHT LEVEL,"2 - BLACKTOP, BITUMINOUS, ASPHALT",N/A,D - DRIVER,1 - CLEAR,45216
28XX W NORTH BEND RD,39.189682,-84.579458,51-60,MOUNT AIRY,MOUNT AIRY,08/02/2018 02:00:00 PM +0000,03 - T-INTERSECTION,3 - PROPERTY DAMAGE ONLY (PDO),3,08/02/2018 02:06:00 PM +0000,THU,F - FEMALE,1 - NO INJURY / NONE REPORTED,5170621B-734F-4CBD-AA2E-853F26196C59,1 - DAYLIGHT,185010705,2 - REAR-END,01 - DRY,1 - STRAIGHT LEVEL,"2 - BLACKTOP, BITUMINOUS, ASPHALT",MT. AIRY,D - DRIVER,1 - CLEAR,45239
71XX READING RD,39.189431,-84.464041,18-25,ROSELAWN,ROSELAWN,08/17/2018 05:08:17 AM +0000,01 - NOT AN INTERSECTION,3 - PROPERTY DAMAGE ONLY (PDO),3,08/17/2018 11:58:18 PM +0000,FRI,M - MALE,1 - NO INJURY / NONE REPORTED,D4A17D3C-2DE6-4AB7-AEFF-5D5514865739,4 - DARK - LIGHTED ROADWAY,185011531,2 - REAR-END,01 - DRY,4 - CURVE GRADE,1 - CONCRETE,ROSELAWN,D - DRIVER,1 - CLEAR,45237
72XX BROOKCREST DR,39.194365,-84.458275,UNKNOWN,ROSELAWN,ROSELAWN,08/04/2018 03:00:00 AM +0000,03 - T-INTERSECTION,3 - PROPERTY DAMAGE ONLY (PDO),3,08/04/2018 09:26:00 AM +0000,SAT,,1 - NO INJURY / NONE REPORTED,50D92088-9054-4FA4-A1AC-C43A55EFA2A9,4 - DARK - LIGHTED ROADWAY,185010802,9 - UNKNOWN,01 - DRY,1 - STRAIGHT LEVEL,"2 - BLACKTOP, BITUMINOUS, ASPHALT",ROSELAWN,D - DRIVER,1 - CLEAR,45237
4XX E PETE ROSE WY,39.099322,84.503877,31-40,N/A,N/A,08/10/2018 11:50:00 PM +0000,02 - FOUR-WAY INTERSECTION,3 - PROPERTY DAMAGE ONLY (PDO),3,08/10/2018 11:55:00 PM +0000,FRI,M - MALE,1 - NO INJURY / NONE REPORTED,195D46D9-15E8-406F-89E7-DBA3D70B77C5,4 - DARK - LIGHTED ROADWAY,185011138,3 - HEAD-ON,02 - WET,1 - STRAIGHT LEVEL,"2 - BLACKTOP, BITUMINOUS, ASPHALT",N/A,D - DRIVER,4 - RAIN,45202
19XX HARRISON AV,39.122201,84.533071,51-60,N/A,N/A,08/03/2018 05:13:00 PM +0000,02 - FOUR-WAY INTERSECTION,2 - INJURY,2,08/03/2018 05:13:00 PM +0000,FRI,F - FEMALE,2 - POSSIBLE,F1F49363-3A51-4DEE-8CEB-61E806642D7B,1 - DAYLIGHT,185010775,6 - ANGLE,01 - DRY,4 - CURVE GRADE,"2 - BLACKTOP, BITUMINOUS, ASPHALT",N/A,D - DRIVER,1 - CLEAR,45214
N I471 AT 5.4,39.103511,84.497873,18-25,N/A,N/A,08/18/2018 10:55:00 PM +0000,08 - OFF RAMP,3 - PROPERTY DAMAGE ONLY (PDO),3,08/18/2018 10:58:00 PM +0000,SAT,M - MALE,1 - NO INJURY / NONE REPORTED,E9147003-147C-46DC-B5A4-15872647B541,4 - DARK - LIGHTED ROADWAY,185011571,2 - REAR-END,01 - DRY,4 - CURVE GRADE,1 - CONCRETE,N/A,O - OCCUPANT,2 - CLOUDY,
9XX COLUMBIA PY,-0.0009,-0.00086,26-30,N/A,N/A,08/16/2018 11:29:00 AM +0000,01 - NOT AN INTERSECTION,2 - INJURY,2,08/16/2018 11:29:00 AM +0000,THU,M - MALE,1 - NO INJURY / NONE REPORTED,47F79259-F3F6-4666-BFAC-1C2C88D9BEAF,1 - DAYLIGHT,185011416,"7 - SIDESWIPE, SAME DIRECTION",02 - WET,3 - CURVE LEVEL,"2 - BLACKTOP, BITUMINOUS, ASPHALT",N/A,D - DRIVER,2 - CLOUDY,45202
N I75 AT 8-0 MM,39.178689,84.486846,31-40,N/A,N/A,08/13/2018 03:20:27 PM +0000,01 - NOT AN INTERSECTION,3 - PROPERTY DAMAGE ONLY (PDO),3,08/13/2018 03:26:27 PM +0000,MON,F - FEMALE,1 - NO INJURY / NONE REPORTED,6F393150-D70D-4526-A3F0-24277F3FD504,1 - DAYLIGHT,185011256,2 - REAR-END,01 - DRY,1 - STRAIGHT LEVEL,1 - CONCRETE,N/A,D - DRIVER,1 - CLEAR,45237
9XX E MCMILLAN ST,39.126126,-84.488975,26-30,WALNUT HILLS,WALNUT HILLS,08/25/2018 11:22:00 PM +0000,02 - FOUR-WAY INTERSECTION,2 - INJURY,2,08/25/2018 11:22:00 PM +0000,SAT,F - FEMALE,1 - NO INJURY / NONE REPORTED,79BF9EA0-2E33-4B6C-83D0-F99FC88234E9,4 - DARK - LIGHTED ROADWAY,185011905,6 - ANGLE,01 - DRY,1 - STRAIGHT LEVEL,"2 - BLACKTOP, BITUMINOUS, ASPHALT",WALNUT HILLS,D - DRIVER,1 - CLEAR,45206
37XX READING RD,39.150198,84.486509,26-30,N/A,N/A,08/02/2018 09:44:00 AM +0000,02 - FOUR-WAY INTERSECTION,2 - INJURY,2,08/02/2018 09:44:00 AM +0000,THU,F - FEMALE,3 - NON-INCAPACITATING,20C9C0B2-E288-474F-903A-8B97DDA20A48,1 - DAYLIGHT,185010706,3 - HEAD-ON,01 - DRY,1 - STRAIGHT LEVEL,"2 - BLACKTOP, BITUMINOUS, ASPHALT",N/A,D - DRIVER,1 - CLEAR,45229
18XX READING RD,0.00013,-0.00024,31-40,N/A,N/A,08/20/2018 04:35:00 PM +0000,01 - NOT AN INTERSECTION,3 - PROPERTY DAMAGE ONLY (PDO),3,08/20/2018 04:40:00 PM +0000,MON,F - FEMALE,1 - NO INJURY / NONE REPORTED,899FFAEE-E1C3-4125-BFD1-95A991D02A56,1 - DAYLIGHT,185011649,2 - REAR-END,02 - WET,1 - STRAIGHT LEVEL,1 - CONCRETE,N/A,D - DRIVER,1 - CLEAR,45219
35XX EDWARDS RD,39.137711,84.442153,UNDER 18,N/A,N/A,08/20/2018 03:43:44 PM +0000,02 - FOUR-WAY INTERSECTION,3 - PROPERTY DAMAGE ONLY (PDO),3,08/20/2018 03:46:46 PM +0000,MON,F - FEMALE,1 - NO INJURY / NONE REPORTED,3970A88F-44D9-433F-9F9D-19EB910886FC,1 - DAYLIGHT,185011637,"7 - SIDESWIPE, SAME DIRECTION",02 - WET,1 - STRAIGHT LEVEL,"2 - BLACKTOP, BITUMINOUS, ASPHALT",N/A,D - DRIVER,2 - CLOUDY,45208
56XX RIDGE AV,39.174769,84.428175,26-30,N/A,N/A,08/21/2018 09:00:00 AM +0000,11 - RAILWAY GRADE CROSSING,3 - PROPERTY DAMAGE ONLY (PDO),3,08/21/2018 09:00:00 AM +0000,TUE,F - FEMALE,1 - NO INJURY / NONE REPORTED,1E2A20C0-4135-43F6-B4D4-F8C67E604F9E,1 - DAYLIGHT,185011667,2 - REAR-END,01 - DRY,1 - STRAIGHT LEVEL,"2 - BLACKTOP, BITUMINOUS, ASPHALT",N/A,D - DRIVER,1 - CLEAR,45213
49XX HAMILTON AV,39.181701,-84.545355,31-40,COLLEGE HILL,COLLEGE  HILL,08/15/2018 04:33:08 PM +0000,01 - NOT AN INTERSECTION,3 - PROPERTY DAMAGE ONLY (PDO),3,08/15/2018 04:55:33 PM +0000,WED,F - FEMALE,1 - NO INJURY / NONE REPORTED,7321F2E9-13EB-42AA-8AAE-4CC87A1949EE,1 - DAYLIGHT,185011361,6 - ANGLE,02 - WET,4 - CURVE GRADE,"2 - BLACKTOP, BITUMINOUS, ASPHALT",COLLEGE HILL,D - DRIVER,4 - RAIN,45224
23XX STRATFORD AV,39.12627,-84.52179,18-25,CUF,FAIRVIEW,08/19/2018 12:36:00 AM +0000,01 - NOT AN INTERSECTION,3 - PROPERTY DAMAGE ONLY (PDO),3,08/19/2018 12:36:00 AM +0000,SUN,F - FEMALE,1 - NO INJURY / NONE REPORTED,6560DF70-3D4E-4FDF-B03F-44886E080584,4 - DARK - LIGHTED ROADWAY,185011575,"8 - SIDESWIPE, OPPOSITE DIRECTION",01 - DRY,2 - STRAIGHT GRADE,"2 - BLACKTOP, BITUMINOUS, ASPHALT",CUF,D - DRIVER,1 - CLEAR,45219
6XX ELM ST,39.103147,-84.517136,18-25,DOWNTOWN,C. B. D. / RIVERFRONT,08/11/2018 01:30:00 AM +0000,01 - NOT AN INTERSECTION,3 - PROPERTY DAMAGE ONLY (PDO),3,08/11/2018 02:05:00 AM +0000,SAT,F - FEMALE,1 - NO INJURY / NONE REPORTED,59C9B4F3-F470-47F8-801E-BDA8AE84BF09,4 - DARK - LIGHTED ROADWAY,185011146,"7 - SIDESWIPE, SAME DIRECTION",01 - DRY,1 - STRAIGHT LEVEL,"2 - BLACKTOP, BITUMINOUS, ASPHALT",DOWNTOWN,D - DRIVER,1 - CLEAR,45202
18XX E. SEYMOUR AV,39.190136,84.463441,41-50,N/A,N/A,08/07/2018 02:48:00 PM +0000,02 - FOUR-WAY INTERSECTION,3 - PROPERTY DAMAGE ONLY (PDO),3,08/07/2018 02:49:00 PM +0000,TUE,M - MALE,1 - NO INJURY / NONE REPORTED,503E545A-7C57-4EAA-994E-2C8CA8BE37C8,1 - DAYLIGHT,185010957,6 - ANGLE,01 - DRY,1 - STRAIGHT LEVEL,"2 - BLACKTOP, BITUMINOUS, ASPHALT",N/A,D - DRIVER,2 - CLOUDY,45237
18XX QUEEN CITY AV,39.126546,84.560378,31-40,N/A,N/A,08/13/2018 08:31:00 AM +0000,01 - NOT AN INTERSECTION,3 - PROPERTY DAMAGE ONLY (PDO),3,08/13/2018 08:31:00 AM +0000,MON,F - FEMALE,1 - NO INJURY / NONE REPORTED,20FE3F2D-1C9D-4C6F-AEDD-2F2334E468EE,1 - DAYLIGHT,185011238,2 - REAR-END,01 - DRY,1 - STRAIGHT LEVEL,"2 - BLACKTOP, BITUMINOUS, ASPHALT",N/A,D - DRIVER,1 - CLEAR,45214
E I275 AT 73-0 MM,39.060037,-84.424896,41-50,CALIFORNIA,CALIFORNIA,08/24/2018 02:24:00 PM +0000,08 - OFF RAMP,2 - INJURY,2,08/24/2018 02:25:00 PM +0000,FRI,M - MALE,1 - NO INJURY / NONE REPORTED,62C499B7-9C40-4643-B57A-E196B7E99F15,1 - DAYLIGHT,185011836,2 - REAR-END,01 - DRY,2 - STRAIGHT GRADE,"2 - BLACKTOP, BITUMINOUS, ASPHALT",CALIFORNIA,D - DRIVER,2 - CLOUDY,45230
61XX GLENWAY AV,39.141695,-84.370317,31-40,N/A,N/A,08/20/2018 04:30:00 PM +0000,03 - T-INTERSECTION,3 - PROPERTY DAMAGE ONLY (PDO),3,08/20/2018 04:37:00 PM +0000,MON,M - MALE,1 - NO INJURY / NONE REPORTED,5A0007EB-BC76-4363-BB41-F79BC7D57C03,1 - DAYLIGHT,185011645,6 - ANGLE,01 - DRY,1 - STRAIGHT LEVEL,"2 - BLACKTOP, BITUMINOUS, ASPHALT",N/A,D - DRIVER,2 - CLOUDY,45211
26XX OBSERVATORY,39.136895,84.432391,18-25,N/A,N/A,08/07/2018 08:00:00 AM +0000,02 - FOUR-WAY INTERSECTION,3 - PROPERTY DAMAGE ONLY (PDO),3,08/07/2018 08:05:00 AM +0000,TUE,M - MALE,1 - NO INJURY / NONE REPORTED,77B15499-D363-4B70-93AB-87111A886208,1 - DAYLIGHT,185010935,6 - ANGLE,02 - WET,1 - STRAIGHT LEVEL,"2 - BLACKTOP, BITUMINOUS, ASPHALT",N/A,D - DRIVER,4 - RAIN,45208
24XX VINE ST,39.127213,-84.51337,41-50,CUF,FAIRVIEW,08/10/2018 04:16:00 PM +0000,01 - NOT AN INTERSECTION,3 - PROPERTY DAMAGE ONLY (PDO),3,08/10/2018 04:19:00 PM +0000,FRI,F - FEMALE,1 - NO INJURY / NONE REPORTED,E102724A-205E-4206-8220-A8B8EE87E2B9,1 - DAYLIGHT,185011118,2 - REAR-END,01 - DRY,2 - STRAIGHT GRADE,"2 - BLACKTOP, BITUMINOUS, ASPHALT",CUF,D - DRIVER,1 - CLEAR,45219
W I74 AT 19-1 MM,39.149571,84.539861,UNKNOWN,N/A,N/A,08/16/2018 08:39:00 AM +0000,01 - NOT AN INTERSECTION,3 - PROPERTY DAMAGE ONLY (PDO),3,08/16/2018 08:40:00 AM +0000,THU,,1 - NO INJURY / NONE REPORTED,DDFF59C9-DF66-4E44-BF9C-CEDECC3BF936,1 - DAYLIGHT,185011420,"7 - SIDESWIPE, SAME DIRECTION",02 - WET,4 - CURVE GRADE,"2 - BLACKTOP, BITUMINOUS, ASPHALT",N/A,D - DRIVER,4 - RAIN,45211
XX W MCMILLAN ST,39.126866,-84.515197,31-40,CUF - HEIGHTS,FAIRVIEW,08/07/2018 02:44:00 PM +0000,01 - NOT AN INTERSECTION,3 - PROPERTY DAMAGE ONLY (PDO),3,08/07/2018 02:44:00 PM +0000,TUE,M - MALE,1 - NO INJURY / NONE REPORTED,2ADCDCED-CE48-41E8-90C4-813067EFCBA2,1 - DAYLIGHT,185010959,"7 - SIDESWIPE, SAME DIRECTION",01 - DRY,1 - STRAIGHT LEVEL,"2 - BLACKTOP, BITUMINOUS, ASPHALT",CUF,D - DRIVER,1 - CLEAR,45219
2XX MT ECHO PARK DR,39.096079,-84.565422,41-50,EAST PRICE HILL,EAST PRICE HILL,08/13/2018 08:00:00 PM +0000,01 - NOT AN INTERSECTION,3 - PROPERTY DAMAGE ONLY (PDO),3,08/13/2018 08:01:00 PM +0000,MON,M - MALE,1 - NO INJURY / NONE REPORTED,419A5AD7-6B9A-4AF3-9B81-5E766F687CEE,1 - DAYLIGHT,185011271,"8 - SIDESWIPE, OPPOSITE DIRECTION",01 - DRY,1 - STRAIGHT LEVEL,"2 - BLACKTOP, BITUMINOUS, ASPHALT",SEDAMSVILLE,O - OCCUPANT,1 - CLEAR,45204
16XX WESTWOOD AV,39.125235,84.552051,51-60,N/A,N/A,08/13/2018 08:02:00 AM +0000,01 - NOT AN INTERSECTION,3 - PROPERTY DAMAGE ONLY (PDO),3,08/13/2018 08:02:00 AM +0000,MON,F - FEMALE,1 - NO INJURY / NONE REPORTED,A9742BAE-0907-443F-A3B8-D160C2A8D77D,1 - DAYLIGHT,185011237,2 - REAR-END,01 - DRY,1 - STRAIGHT LEVEL,"2 - BLACKTOP, BITUMINOUS, ASPHALT",N/A,D - DRIVER,1 - CLEAR,45214
N I75 AT 3-2 MM,39.136424,-84.532481,26-30,CAMP WASHINGTON,CAMP  WASHINGTON,08/20/2018 03:30:39 PM +0000,01 - NOT AN INTERSECTION,3 - PROPERTY DAMAGE ONLY (PDO),3,08/22/2018 05:59:42 PM +0000,MON,M - MALE,1 - NO INJURY / NONE REPORTED,E151291B-934B-48FC-AC30-0C536E6364FC,1 - DAYLIGHT,185011728,1 - NOT COLLISION BETWEEN TWO MOTOR VEHICLES IN TRANSPORT,01 - DRY,1 - STRAIGHT LEVEL,"2 - BLACKTOP, BITUMINOUS, ASPHALT",CAMP WASHINGTON,D - DRIVER,1 - CLEAR,45223
S I75 AT 9-3 MM,39.193566,84.475545,51-60,N/A,N/A,08/16/2018 07:23:00 AM +0000,01 - NOT AN INTERSECTION,2 - INJURY,2,08/16/2018 07:23:00 AM +0000,THU,F - FEMALE,2 - POSSIBLE,D891D861-DA36-4612-A67D-D809ADC1A968,1 - DAYLIGHT,185011419,2 - REAR-END,02 - WET,1 - STRAIGHT LEVEL,"2 - BLACKTOP, BITUMINOUS, ASPHALT",N/A,D - DRIVER,4 - RAIN,45216
49XX OAKDALE AV,39.176946,84.476356,UNKNOWN,N/A,N/A,08/17/2018 11:15:00 PM +0000,01 - NOT AN INTERSECTION,3 - PROPERTY DAMAGE ONLY (PDO),3,08/17/2018 11:16:00 PM +0000,FRI,,1 - NO INJURY / NONE REPORTED,5781BA8E-A742-4606-AB06-C29751F947F4,4 - DARK - LIGHTED ROADWAY,185011529,6 - ANGLE,01 - DRY,1 - STRAIGHT LEVEL,"2 - BLACKTOP, BITUMINOUS, ASPHALT",N/A,D - DRIVER,2 - CLOUDY,45237
8XX W 8TH ST,39.101591,84.527959,31-40,N/A,N/A,08/03/2018 02:20:00 PM +0000,01 - NOT AN INTERSECTION,2 - INJURY,2,08/03/2018 02:21:00 PM +0000,FRI,M - MALE,2 - POSSIBLE,A65AF3F0-171A-4EE6-9804-128AB206B5A5,1 - DAYLIGHT,185010760,6 - ANGLE,01 - DRY,2 - STRAIGHT GRADE,1 - CONCRETE,N/A,D - DRIVER,2 - CLOUDY,45203
3XX WARNER ST,39.125946,-84.52316,51-60,CUF,FAIRVIEW,08/15/2018 01:00:00 PM +0000,02 - FOUR-WAY INTERSECTION,3 - PROPERTY DAMAGE ONLY (PDO),3,08/15/2018 01:10:00 PM +0000,WED,F - FEMALE,1 - NO INJURY / NONE REPORTED,01E50AB4-2DE7-4ED2-A370-5DDDF81525DA,1 - DAYLIGHT,185011350,6 - ANGLE,01 - DRY,1 - STRAIGHT LEVEL,"2 - BLACKTOP, BITUMINOUS, ASPHALT",CUF,D - DRIVER,1 - CLEAR,45219
4XX PIKE ST,39.102311,-84.502871,31-40,DOWNTOWN,C. B. D. / RIVERFRONT,08/14/2018 03:41:43 PM +0000,03 - T-INTERSECTION,3 - PROPERTY DAMAGE ONLY (PDO),3,08/14/2018 03:50:53 PM +0000,TUE,F - FEMALE,1 - NO INJURY / NONE REPORTED,B034F5BE-3C74-4062-8690-9019F2B801BD,1 - DAYLIGHT,185011300,6 - ANGLE,01 - DRY,1 - STRAIGHT LEVEL,"2 - BLACKTOP, BITUMINOUS, ASPHALT",DOWNTOWN,D - DRIVER,1 - CLEAR,45215
17XX QUEEN CITY AV,39.126821,84.552147,26-30,N/A,N/A,08/22/2018 07:10:00 AM +0000,01 - NOT AN INTERSECTION,3 - PROPERTY DAMAGE ONLY (PDO),3,08/22/2018 07:35:00 AM +0000,WED,F - FEMALE,1 - NO INJURY / NONE REPORTED,E640B57F-3A31-45ED-8810-80A9A110C4B7,1 - DAYLIGHT,185011711,2 - REAR-END,01 - DRY,1 - STRAIGHT LEVEL,"2 - BLACKTOP, BITUMINOUS, ASPHALT",N/A,D - DRIVER,1 - CLEAR,45214
27XX ERLENE DR,39.128439,-84.591402,18-25,WESTWOOD,WESTWOOD,08/23/2018 08:50:00 AM +0000,03 - T-INTERSECTION,3 - PROPERTY DAMAGE ONLY (PDO),3,08/24/2018 05:00:00 PM +0000,THU,M - MALE,1 - NO INJURY / NONE REPORTED,0FA8BF5A-7B23-434E-99D2-767F9E7701C3,1 - DAYLIGHT,185011860,"7 - SIDESWIPE, SAME DIRECTION",01 - DRY,3 - CURVE LEVEL,"2 - BLACKTOP, BITUMINOUS, ASPHALT",WESTWOOD,D - DRIVER,1 - CLEAR,45238
55XX VERULAM AV,39.172526,84.430543,UNKNOWN,N/A,N/A,08/02/2018 05:31:00 PM +0000,01 - NOT AN INTERSECTION,3 - PROPERTY DAMAGE ONLY (PDO),3,08/02/2018 05:31:00 PM +0000,THU,,1 - NO INJURY / NONE REPORTED,61999B0C-621B-4D1C-9C8F-8C9BA9997823,1 - DAYLIGHT,185010713,4 - REAR-TO-REAR,01 - DRY,1 - STRAIGHT LEVEL,1 - CONCRETE,N/A,D - DRIVER,1 - CLEAR,45213
33XX BOUDINOT AV,39.146901,84.603531,18-25,N/A,N/A,08/04/2018 11:50:00 PM +0000,01 - NOT AN INTERSECTION,2 - INJURY,2,08/04/2018 11:51:00 PM +0000,SAT,M - MALE,1 - NO INJURY / NONE REPORTED,10073BAA-B69D-4F97-919E-474FC7BE72A5,4 - DARK - LIGHTED ROADWAY,185010843,2 - REAR-END,01 - DRY,2 - STRAIGHT GRADE,"2 - BLACKTOP, BITUMINOUS, ASPHALT",N/A,D - DRIVER,1 - CLEAR,45211
2XX E CENTRAL PY,39.107961,84.510459,26-30,N/A,N/A,08/19/2018 02:55:00 PM +0000,02 - FOUR-WAY INTERSECTION,3 - PROPERTY DAMAGE ONLY (PDO),3,08/19/2018 03:00:00 PM +0000,SUN,M - MALE,1 - NO INJURY / NONE REPORTED,529482F6-3714-4822-A82B-2B47523B645E,1 - DAYLIGHT,185011590,6 - ANGLE,01 - DRY,1 - STRAIGHT LEVEL,1 - CONCRETE,N/A,D - DRIVER,1 - CLEAR,45202
42XX VICTORY PY,39.158726,84.473427,41-50,N/A,N/A,08/26/2018 11:05:00 AM +0000,01 - NOT AN INTERSECTION,3 - PROPERTY DAMAGE ONLY (PDO),3,08/26/2018 11:07:00 AM +0000,SUN,F - FEMALE,1 - NO INJURY / NONE REPORTED,41634E6E-CF7D-4563-816F-B9DC79951730,1 - DAYLIGHT,185011917,"7 - SIDESWIPE, SAME DIRECTION",01 - DRY,1 - STRAIGHT LEVEL,"2 - BLACKTOP, BITUMINOUS, ASPHALT",N/A,D - DRIVER,1 - CLEAR,45229
50XX RED BANK EX,39.161083,84.403706,26-30,N/A,N/A,08/17/2018 07:55:00 PM +0000,02 - FOUR-WAY INTERSECTION,3 - PROPERTY DAMAGE ONLY (PDO),3,08/17/2018 07:56:00 PM +0000,FRI,M - MALE,1 - NO INJURY / NONE REPORTED,FD8C3024-A6D9-42B5-8B6B-49ABBBF2BC4E,4 - DARK - LIGHTED ROADWAY,185011517,3 - HEAD-ON,01 - DRY,1 - STRAIGHT LEVEL,1 - CONCRETE,N/A,D - DRIVER,1 - CLEAR,45227
N I75 AT 5-9 MM,39.162103,84.516717,18-25,N/A,N/A,08/23/2018 04:21:00 PM +0000,01 - NOT AN INTERSECTION,2 - INJURY,2,08/23/2018 04:23:00 PM +0000,THU,F - FEMALE,1 - NO INJURY / NONE REPORTED,00CE464F-14E9-4021-B6BF-873CDB9684BC,1 - DAYLIGHT,185011792,"7 - SIDESWIPE, SAME DIRECTION",01 - DRY,3 - CURVE LEVEL,"2 - BLACKTOP, BITUMINOUS, ASPHALT",N/A,D - DRIVER,1 - CLEAR,45223
34XX HARVEY AV,39.144114,-84.497061,41-50,AVONDALE,AVONDALE,08/11/2018 02:00:00 PM +0000,03 - T-INTERSECTION,2 - INJURY,2,08/11/2018 02:05:00 PM +0000,SAT,M - MALE,2 - POSSIBLE,047D6A7F-E411-4D94-BB0B-06C610E0ED83,1 - DAYLIGHT,185011176,6 - ANGLE,02 - WET,1 - STRAIGHT LEVEL,"2 - BLACKTOP, BITUMINOUS, ASPHALT",AVONDALE,D - DRIVER,4 - RAIN,45229
52XX GLENWAY AV,39.124051,84.602821,UNKNOWN,N/A,N/A,08/14/2018 12:00:00 AM +0000,01 - NOT AN INTERSECTION,3 - PROPERTY DAMAGE ONLY (PDO),3,08/16/2018 09:36:01 AM +0000,TUE,,1 - NO INJURY / NONE REPORTED,5110661B-DEDC-402C-89BD-A1194A3E9CE8,6 - DARK – UNKNOWN ROADWAY LIGHTING,185011418,1 - NOT COLLISION BETWEEN TWO MOTOR VEHICLES IN TRANSPORT,02 - WET,1 - STRAIGHT LEVEL,"2 - BLACKTOP, BITUMINOUS, ASPHALT",N/A,D - DRIVER,4 - RAIN,45238