ADDRESS_X,LATITUDE_X,LONGITUDE_X,AGE,COMMUNITY_COUNCIL_NEIGHBORHOOD,CPD_NEIGHBORHOOD,CRASHDATE,CRASHLOCATION,CRASHSEVERITY,CRASHSEVERITYID,DATECRASHREPORTED,DAYOFWEEK,GENDER,INJURIES,INSTANCEID,LIGHTCONDITIONSPRIMARY,LOCALREPORTNO,MANNEROFCRASH,ROADCONDITIONSPRIMARY,ROADCONTOUR,ROADSURFACE,SNA_NEIGHBORHOOD,TYPEOFPERSON,WEATHER,ZIP
7XX LINN ST,39.102909,-84.530901,26-30,QUEENSGATE,QUEENSGATE,08/16/2018 09:00:00 AM +0000,01 - NOT AN INTERSECTION,3 - PROPERTY DAMAGE ONLY (PDO),3,08/16/2018 09:04:00 AM +0000,THU,F - FEMALE,1 - NO INJURY / NONE REPORTED,9EF80CF2-7B78-4970-B7C9-145F4395803A,1 - DAYLIGHT,185011430,6 - ANGLE,02 - WET,1 - STRAIGHT LEVEL,1 - CONCRETE,QUEENSGATE,D - DRIVER,4 - RAIN,45203
61XX RIDGE AV,39.183166,84.426835,26-30,N/A,N/A,08/15/2018 11:59:00 AM +0000,01 - NOT AN INTERSECTION,3 - PROPERTY DAMAGE ONLY (PDO),3,08/15/2018 12:02:00 PM +0000,WED,F - FEMALE,1 - NO INJURY / NONE REPORTED,8AC1E04E-0591-4F95-8AE6-FD33414DDAA3,1 - DAYLIGHT,185011341,1 - NOT COLLISION BETWEEN TWO MOTOR VEHICLES IN TRANSPORT,01 - DRY,1 - STRAIGHT LEVEL,"2 - BLACKTOP, BITUMINOUS, ASPHALT",N/A,D - DRIVER,1 - CLEAR,45213
8XX OVERLOOK AV,39.111738,-84.600181,41-50,WEST PRICE HILL,WEST PRICE HILL,08/19/2018 04:30:00 PM +0000,01 - NOT AN INTERSECTION,3 - PROPERTY DAMAGE ONLY (PDO),3,08/19/2018 04:56:28 PM +0000,SUN,M - MALE,1 - NO INJURY / NONE REPORTED,40F043C9-EBC8-45FF-B4FF-9110E45EDEE7,1 - DAYLIGHT,185011592,5 - BACKING,01 - DRY,1 - STRAIGHT LEVEL,"2 - BLACKTOP, BITUMINOUS, ASPHALT",WEST PRICE HILL,D - DRIVER,1 - CLEAR,45238
17XX QUEEN CITY AV,39.125677,-84.557945,26-30,SOUTH FAIRMOUNT,SOUTH  FAIRMOUNT,08/28/2018 02:35:00 PM +0000,03 - T-INTERSECTION,3 - PROPERTY DAMAGE ONLY (PDO),3,08/28/2018 02:40:00 PM +0000,TUE,,1 - NO INJURY / NONE REPORTED,809763A2-6220-4D01-8921-F3D9D8A2A05D,1 - DAYLIGHT,185012009,"7 - SIDESWIPE, SAME DIRECTION",01 - DRY,1 - STRAIGHT LEVEL,"2 - BLACKTOP, BITUMINOUS, ASPHALT",SOUTH FAIRMOUNT,D - DRIVER,2 - CLOUDY,45214
17XX CHASE AV,39.164846,84.548206,26-30,N/A,N/A,08/13/2018 10:25:00 PM +0000,02 - FOUR-WAY INTERSECTION,3 - PROPERTY DAMAGE ONLY (PDO),3,08/13/2018 10:28:00 PM +0000,MON,M - MALE,1 - NO INJURY / NONE REPORTED,058F4A18-E895-4551-9D2B-0DDFDC081F6E,4 - DARK - LIGHTED ROADWAY,185011278,6 - ANGLE,01 - DRY,1 - STRAIGHT LEVEL,"2 - BLACKTOP, BITUMINOUS, ASPHALT",N/A,D - DRIVER,1 - CLEAR,45223
1XX WOOLPER AV,39.089301,-84.307651,31-40,N/A,N/A,08/07/2018 12:30:00 PM +0000,01 - NOT AN INTERSECTION,3 - PROPERTY DAMAGE ONLY (PDO),3,08/08/2018 12:19:21 PM +0000,TUE,M - MALE,1 - NO INJURY / NONE REPORTED,8E56E4FE-9586-42AD-ABB6-8BD76C1E39C7,1 - DAYLIGHT,185011006,5 - BACKING,01 - DRY,1 - STRAIGHT LEVEL,"2 - BLACKTOP, BITUMINOUS, ASPHALT",N/A,D - DRIVER,1 - CLEAR,45220
30XX WARSAW AV,39.110936,84.562541,26-30,N/A,N/A,08/26/2018 04:05:00 PM +0000,01 - NOT AN INTERSECTION,3 - PROPERTY DAMAGE ONLY (PDO),3,08/26/2018 04:10:00 PM +0000,SUN,M - MALE,1 - NO INJURY / NONE REPORTED,E2C3B1C7-E644-41A1-B470-7D9A3000AE4D,1 - DAYLIGHT,185011927,6 - ANGLE,01 - DRY,1 - STRAIGHT LEVEL,"2 - BLACKTOP, BITUMINOUS, ASPHALT",N/A,D - DRIVER,1 - CLEAR,45205
N I71 AT 0-9 MM,39.097878,-84.511386,51-60,DOWNTOWN,C. B. D. / RIVERFRONT,08/22/2018 04:33:00 PM +0000,01 - NOT AN INTERSECTION,3 - PROPERTY DAMAGE ONLY (PDO),3,08/22/2018 04:34:00 PM +0000,WED,F - FEMALE,1 - NO INJURY / NONE REPORTED,CCFF6B07-35B6-47C3-A756-1B6757252BE2,1 - DAYLIGHT,185011745,2 - REAR-END,01 - DRY,2 - STRAIGHT GRADE,"2 - BLACKTOP, BITUMINOUS, ASPHALT",DOWNTOWN,D - DRIVER,1 - CLEAR,45202
23XX BEECHMONT AV,39.098093,84.387431,51-60,N/A,N/A,08/21/2018 09:40:00 PM +0000,01 - NOT AN INTERSECTION,3 - PROPERTY DAMAGE ONLY (PDO),3,08/21/2018 09:46:00 PM +0000,TUE,M - MALE,1 - NO INJURY / NONE REPORTED,C310A6ED-32A7-49E1-8A65-80F42410E024,4 - DARK - LIGHTED ROADWAY,185011708,"7 - SIDESWIPE, SAME DIRECTION",01 - DRY,2 - STRAIGHT GRADE,"2 - BLACKTOP, BITUMINOUS, ASPHALT",N/A,D - DRIVER,1 - CLEAR,45230
33XX RIVER RD,39.085639,-84.582283,UNKNOWN,RIVERSIDE,RIVERSIDE,08/16/2018 08:50:00 AM +0000,01 - NOT AN INTERSECTION,3 - PROPERTY DAMAGE ONLY (PDO),3,08/16/2018 08:52:00 AM +0000,THU,,,147B3472-624F-44CC-AD9B-343219BB3386,1 - DAYLIGHT,185011402,1 - NOT COLLISION BETWEEN TWO MOTOR VEHICLES IN TRANSPORT,02 - WET,1 - STRAIGHT LEVEL,"2 - BLACKTOP, BITUMINOUS, ASPHALT",RIVERSIDE,,4 - RAIN,45204
41XX READING RD,39.158244,-84.475375,18-25,PADDOCK HILLS,PADDOCK  HILLS,08/10/2018 05:29:00 PM +0000,01 - NOT AN INTERSECTION,3 - PROPERTY DAMAGE ONLY (PDO),3,08/10/2018 05:29:00 PM +0000,FRI,F - FEMALE,1 - NO INJURY / NONE REPORTED,389EA01A-DF9D-439D-80F8-A51C8DE23A8D,1 - DAYLIGHT,185011121,6 - ANGLE,02 - WET,3 - CURVE LEVEL,"2 - BLACKTOP, BITUMINOUS, ASPHALT",NORTH AVONDALE - PADDOCK HILLS,O - OCCUPANT,4 - RAIN,45229
23XX FERGUSON RD,39.127477,-84.596912,31-40,WESTWOOD,WESTWOOD,08/12/2018 05:00:00 PM +0000,01 - NOT AN INTERSECTION,3 - PROPERTY DAMAGE ONLY (PDO),3,08/12/2018 05:20:00 PM +0000,SUN,M - MALE,1 - NO INJURY / NONE REPORTED,4226162C-171B-4FA4-9389-4A9E764295CF,1 - DAYLIGHT,185011216,5 - BACKING,01 - DRY,1 - STRAIGHT LEVEL,"2 - BLACKTOP, BITUMINOUS, ASPHALT",WESTWOOD,D - DRIVER,1 - CLEAR,45238
35XX MONTGOMERY RD,39.143817,84.469898,31-40,N/A,N/A,08/03/2018 05:27:00 PM +0000,01 - NOT AN INTERSECTION,3 - PROPERTY DAMAGE ONLY (PDO),3,08/03/2018 05:27:00 PM +0000,FRI,M - MALE,1 - NO INJURY / NONE REPORTED,035B2A30-BFC2-451F-84E2-88E28D4FA70B,1 - DAYLIGHT,185010768,2 - REAR-END,01 - DRY,1 - STRAIGHT LEVEL,1 - CONCRETE,N/A,D - DRIVER,1 - CLEAR,45207
4XX E MARTIN LUTHER KING DR,39.080021,84.294811,18-25,N/A,N/A,08/20/2018 10:54:00 PM +0000,02 - FOUR-WAY INTERSECTION,3 - PROPERTY DAMAGE ONLY (PDO),3,08/20/2018 10:55:00 PM +0000,MON,F - FEMALE,1 - NO INJURY / NONE REPORTED,AADE0A94-25ED-47BE-AD13-D75AAE1AD19D,4 - DARK - LIGHTED ROADWAY,185011662,6 - ANGLE,02 - WET,2 - STRAIGHT GRADE,1 - CONCRETE,N/A,O - OCCUPANT,1 - CLEAR,45219
3XX E MARTIN LUTHER KING DR,39.134286,-84.502516,41-50,CORRYVILLE,CORRYVILLE,08/07/2018 07:15:00 AM +0000,01 - NOT AN INTERSECTION,3 - PROPERTY DAMAGE ONLY (PDO),3,08/07/2018 07:40:00 AM +0000,TUE,M - MALE,1 - NO INJURY / NONE REPORTED,25CDBFF0-77EC-45C4-B53D-7071F93DBBC9,1 - DAYLIGHT,185010927,6 - ANGLE,02 - WET,1 - STRAIGHT LEVEL,"2 - BLACKTOP, BITUMINOUS, ASPHALT",CORRYVILLE,D - DRIVER,4 - RAIN,45219
1XX W MITCHELL AV,39.162801,-84.507556,UNKNOWN,NORTH AVONDALE,CLIFTON,08/22/2018 04:45:00 PM +0000,01 - NOT AN INTERSECTION,3 - PROPERTY DAMAGE ONLY (PDO),3,08/22/2018 04:50:00 PM +0000,WED,,1 - NO INJURY / NONE REPORTED,F1E7850F-4488-4BA5-9F7C-00F5BE253748,1 - DAYLIGHT,185011747,1 - NOT COLLISION BETWEEN TWO MOTOR VEHICLES IN TRANSPORT,01 - DRY,1 - STRAIGHT LEVEL,"2 - BLACKTOP, BITUMINOUS, ASPHALT",CLIFTON,D - DRIVER,1 - CLEAR,45217
35XX MONTGOMERY RD,39.144447,84.469868,26-30,N/A,N/A,08/03/2018 05:27:00 PM +0000,01 - NOT AN INTERSECTION,3 - PROPERTY DAMAGE ONLY (PDO),3,08/03/2018 05:27:00 PM +0000,FRI,M - MALE,1 - NO INJURY / NONE REPORTED,035B2A30-BFC2-451F-84E2-88E28D4FA70B,1 - DAYLIGHT,185010768,2 - REAR-END,01 - DRY,1 - STRAIGHT LEVEL,1 - CONCRETE,N/A,D - DRIVER,1 - CLEAR,45207
3XX WALNUT ST,39.100987,84.510456,31-40,N/A,N/A,08/10/2018 10:30:00 PM +0000,01 - NOT AN INTERSECTION,2 - INJURY,2,08/10/2018 10:33:00 PM +0000,FRI,M - MALE,1 - NO INJURY / NONE REPORTED,7A633AA7-89F2-493B-A69F-DA25506221A3,4 - DARK - LIGHTED ROADWAY,185011136,2 - REAR-END,01 - DRY,2 - STRAIGHT GRADE,"2 - BLACKTOP, BITUMINOUS, ASPHALT",N/A,D - DRIVER,2 - CLOUDY,45202
20XX HARRISON AV,39.133291,84.567272,26-30,N/A,N/A,08/15/2018 07:20:00 AM +0000,01 - NOT AN INTERSECTION,2 - INJURY,2,08/15/2018 07:21:00 AM +0000,WED,F - FEMALE,2 - POSSIBLE,D8582431-8C17-447C-B6B0-51B7DF49D16A,1 - DAYLIGHT,185011339,2 - REAR-END,01 - DRY,1 - STRAIGHT LEVEL,"2 - BLACKTOP, BITUMINOUS, ASPHALT",N/A,D - DRIVER,1 - CLEAR,45214
13XX VINE ST,39.109969,84.515642,18-25,N/A,N/A,08/05/2018 02:25:00 AM +0000,01 - NOT AN INTERSECTION,2 - INJURY,2,08/05/2018 03:43:01 AM +0000,SUN,F - FEMALE,3 - NON-INCAPACITATING,91F6CD67-BDDC-49DA-BAB0-DC179CFC61AB,4 - DARK - LIGHTED ROADWAY,185010846,1 - NOT COLLISION BETWEEN TWO MOTOR VEHICLES IN TRANSPORT,01 - DRY,1 - STRAIGHT LEVEL,1 - CONCRETE,N/A,P - PEDESTRIAN,1 - CLEAR,45202
11XX CORONADO AV,39.115858,-84.601557,61-70,WEST PRICE HILL,WEST PRICE HILL,08/06/2018 06:43:00 PM +0000,01 - NOT AN INTERSECTION,3 - PROPERTY DAMAGE ONLY (PDO),3,08/06/2018 06:44:00 PM +0000,MON,M - MALE,1 - NO INJURY / NONE REPORTED,03D597F4-F5F1-4FC8-A19C-54389D6E9F5D,1 - DAYLIGHT,185010899,"8 - SIDESWIPE, OPPOSITE DIRECTION",01 - DRY,1 - STRAIGHT LEVEL,"2 - BLACKTOP, BITUMINOUS, ASPHALT",WEST PRICE HILL,D - DRIVER,1 - CLEAR,45238
9XX EZZARD CHARLES DR,39.110101,84.531877,UNDER 18,N/A,N/A,08/18/2018 11:35:00 AM +0000,02 - FOUR-WAY INTERSECTION,2 - INJURY,2,08/18/2018 11:45:00 AM +0000,SAT,M - MALE,2 - POSSIBLE,2E49B1AA-C47E-44C5-A098-42A21AB8AAC6,1 - DAYLIGHT,185011540,6 - ANGLE,01 - DRY,1 - STRAIGHT LEVEL,"2 - BLACKTOP, BITUMINOUS, ASPHALT",N/A,O - OCCUPANT,1 - CLEAR,45203
56XX KELLOGG AV,39.074876,-84.424109,31-40,CALIFORNIA,CALIFORNIA,08/23/2018 07:53:00 PM +0000,03 - T-INTERSECTION,3 - PROPERTY DAMAGE ONLY (PDO),3,08/23/2018 07:55:00 PM +0000,THU,M - MALE,1 - NO INJURY / NONE REPORTED,6EB725E1-D74A-4477-B140-1D2B15968654,3 - DUSK,185011802,1 - NOT COLLISION BETWEEN TWO MOTOR VEHICLES IN TRANSPORT,01 - DRY,1 - STRAIGHT LEVEL,"2 - BLACKTOP, BITUMINOUS, ASPHALT",CALIFORNIA,D - DRIVER,1 - CLEAR,45228
27XX BEEKMAN ST,39.133946,84.547575,51-60,N/A,N/A,08/10/2018 02:53:00 PM +0000,02 - FOUR-WAY INTERSECTION,3 - PROPERTY DAMAGE ONLY (PDO),3,08/10/2018 02:55:00 PM +0000,FRI,M - MALE,1 - NO INJURY / NONE REPORTED,4D73D97C-9C1D-4654-86F6-1C3EC16715E9,1 - DAYLIGHT,185011109,"7 - SIDESWIPE, SAME DIRECTION",01 - DRY,3 - CURVE LEVEL,"2 - BLACKTOP, BITUMINOUS, ASPHALT",N/A,D - DRIVER,1 - CLEAR,45225
25XX KIPLING AV,39.201929,84.575865,31-40,N/A,N/A,08/22/2018 07:37:00 AM +0000,01 - NOT AN INTERSECTION,3 - PROPERTY DAMAGE ONLY (PDO),3,08/22/2018 07:39:00 AM +0000,WED,F - FEMALE,1 - NO INJURY / NONE REPORTED,E3289840-9A23-4D03-8427-87FB87BE9A96,1 - DAYLIGHT,185011719,6 - ANGLE,01 - DRY,1 - STRAIGHT LEVEL,"2 - BLACKTOP, BITUMINOUS, ASPHALT",N/A,D - DRIVER,1 - CLEAR,45239
15XX ELM ST,39.111473,-84.519418,31-40,OTR,OVER-THE-RHINE,08/24/2018 05:45:33 PM +0000,03 - T-INTERSECTION,2 - INJURY,2,08/24/2018 05:50:38 PM +0000,FRI,M - MALE,2 - POSSIBLE,B29B60BA-84A8-4579-A6FB-CDC0F1A38E76,1 - DAYLIGHT,185011852,6 - ANGLE,01 - DRY,1 - STRAIGHT LEVEL,1 - CONCRETE,OVER-THE-RHINE,D - DRIVER,1 - CLEAR,45202
1XX E COURT ST,39.107425,-84.513081,UNKNOWN,DOWNTOWN,C. B. D. / RIVERFRONT,08/16/2018 09:40:00 AM +0000,01 - NOT AN INTERSECTION,3 - PROPERTY DAMAGE ONLY (PDO),3,08/16/2018 09:43:00 AM +0000,THU,F - FEMALE,1 - NO INJURY / NONE REPORTED,B740B9B1-62E7-4F92-BC33-153CD2474A9F,1 - DAYLIGHT,185011406,5 - BACKING,02 - WET,1 - STRAIGHT LEVEL,3 - BRICK/BLOCK,DOWNTOWN,D - DRIVER,4 - RAIN,45202
17XX CHASE AV,39.164146,84.546816,26-30,N/A,N/A,08/13/2018 10:25:00 PM +0000,02 - FOUR-WAY INTERSECTION,3 - PROPERTY DAMAGE ONLY (PDO),3,08/13/2018 10:28:00 PM +0000,MON,F - FEMALE,1 - NO INJURY / NONE REPORTED,058F4A18-E895-4551-9D2B-0DDFDC081F6E,4 - DARK - LIGHTED ROADWAY,185011278,6 - ANGLE,01 - DRY,1 - STRAIGHT LEVEL,"2 - BLACKTOP, BITUMINOUS, ASPHALT",N/A,D - DRIVER,1 - CLEAR,45223
9XX MCMILLAN ST,39.126661,84.488361,61-70,N/A,N/A,08/16/2018 02:30:00 PM +0000,01 - NOT AN INTERSECTION,2 - INJURY,2,08/16/2018 02:31:00 PM +0000,THU,M - MALE,1 - NO INJURY / NONE REPORTED,BB88DB0E-BA3C-4A57-84BD-54C6685FF90E,1 - DAYLIGHT,185011423,6 - ANGLE,02 - WET,1 - STRAIGHT LEVEL,"2 - BLACKTOP, BITUMINOUS, ASPHALT",N/A,D - DRIVER,4 - RAIN,45206
60XX RIDGE AV,39.181057,84.426694,31-40,N/A,N/A,08/04/2018 03:13:00 PM +0000,01 - NOT AN INTERSECTION,3 - PROPERTY DAMAGE ONLY (PDO),3,08/04/2018 03:15:00 PM +0000,SAT,M - MALE,1 - NO INJURY / NONE REPORTED,EEFA1DEF-2A31-4966-98D6-8E1AB9488E0B,1 - DAYLIGHT,185010820,2 - REAR-END,01 - DRY,1 - STRAIGHT LEVEL,"2 - BLACKTOP, BITUMINOUS, ASPHALT",N/A,D - DRIVER,1 - CLEAR,45213
4XX E MARTIN LUTHER KING DR,39.081001,84.295771,18-25,N/A,N/A,08/20/2018 10:54:00 PM +0000,02 - FOUR-WAY INTERSECTION,3 - PROPERTY DAMAGE ONLY (PDO),3,08/20/2018 10:55:00 PM +0000,MON,M - MALE,1 - NO INJURY / NONE REPORTED,AADE0A94-25ED-47BE-AD13-D75AAE1AD19D,4 - DARK - LIGHTED ROADWAY,185011662,6 - ANGLE,02 - WET,2 - STRAIGHT GRADE,1 - CONCRETE,N/A,O - OCCUPANT,1 - CLEAR,45219
49XX GLENWAY AV,39.118695,84.600021,UNDER 18,N/A,N/A,08/28/2018 04:10:00 PM +0000,10 - DRIVEWAY/ALLEY ACCESS,2 - INJURY,2,08/28/2018 04:36:00 PM +0000,TUE,F - FEMALE,2 - POSSIBLE,827C2066-D6C8-4B8F-8C04-6F277656603E,1 - DAYLIGHT,185012018,1 - NOT COLLISION BETWEEN TWO MOTOR VEHICLES IN TRANSPORT,01 - DRY,1 - STRAIGHT LEVEL,"2 - BLACKTOP, BITUMINOUS, ASPHALT",N/A,P - PEDESTRIAN,2 - CLOUDY,45238
58XX PEABODY AV,39.160819,-84.396349,UNDER 18,MADISONVILLE,MADISONVILLE,08/26/2018 02:50:00 PM +0000,01 - NOT AN INTERSECTION,2 - INJURY,2,08/26/2018 02:52:00 PM +0000,SUN,F - FEMALE,4 - INCAPACITATING,B94B8AD9-1BE2-4BB7-9A85-CBAB4A466D82,1 - DAYLIGHT,185011934,1 - NOT COLLISION BETWEEN TWO MOTOR VEHICLES IN TRANSPORT,01 - DRY,1 - STRAIGHT LEVEL,"2 - BLACKTOP, BITUMINOUS, ASPHALT",MADISONVILLE,P - PEDESTRIAN,1 - CLEAR,45227
23XX CHICKASAW ST,39.12736,-84.5212,18-25,CUF,FAIRVIEW,08/19/2018 03:00:00 PM +0000,01 - NOT AN INTERSECTION,3 - PROPERTY DAMAGE ONLY (PDO),3,08/21/2018 01:20:36 PM +0000,SUN,,1 - NO INJURY / NONE REPORTED,3D4B6BE1-825F-48B2-8E14-ABB46EC8626B,4 - DARK - LIGHTED ROADWAY,185011682,1 - NOT COLLISION BETWEEN TWO MOTOR VEHICLES IN TRANSPORT,01 - DRY,2 - STRAIGHT GRADE,"2 - BLACKTOP, BITUMINOUS, ASPHALT",CUF,D - DRIVER,1 - CLEAR,45219
55XX COLERAIN AV,39.19247,-84.572,18-25,MOUNT AIRY,MOUNT AIRY,08/19/2018 06:30:00 PM +0000,01 - NOT AN INTERSECTION,3 - PROPERTY DAMAGE ONLY (PDO),3,08/19/2018 06:36:00 PM +0000,SUN,F - FEMALE,1 - NO INJURY / NONE REPORTED,1E35FAD1-644A-4897-B6EA-D18E3300A414,1 - DAYLIGHT,185011628,"7 - SIDESWIPE, SAME DIRECTION",01 - DRY,1 - STRAIGHT LEVEL,1 - CONCRETE,MT. AIRY,D - DRIVER,1 - CLEAR,45239
24XX SPRING GROVE AV,39.12592,-84.53634,61-70,CAMP WASHINGTON,CAMP  WASHINGTON,08/23/2018 10:50:00 AM +0000,10 - DRIVEWAY/ALLEY ACCESS,3 - PROPERTY DAMAGE ONLY (PDO),3,08/23/2018 10:59:00 AM +0000,THU,M - MALE,1 - NO INJURY / NONE REPORTED,C23293C1-B3B8-454F-B6B3-FE7DE1765A76,1 - DAYLIGHT,185011771,6 - ANGLE,01 - DRY,1 - STRAIGHT LEVEL,"2 - BLACKTOP, BITUMINOUS, ASPHALT",CAMP WASHINGTON,D - DRIVER,1 - CLEAR,45214
38XX VINE ST,39.155191,-84.507213,26-30,AVONDALE,AVONDALE,08/10/2018 01:45:00 PM +0000,01 - NOT AN INTERSECTION,2 - INJURY,2,08/10/2018 01:48:00 PM +0000,FRI,M - MALE,3 - NON-INCAPACITATING,F9E66CF7-5D6B-4871-BF34-17FA1358D9ED,1 - DAYLIGHT,185011105,2 - REAR-END,01 - DRY,2 - STRAIGHT GRADE,"2 - BLACKTOP, BITUMINOUS, ASPHALT",AVONDALE,D - DRIVER,1 - CLEAR,45220
4XX W 7TH ST,39.103426,-84.521695,UNKNOWN,WEST END,WEST  END,08/22/2018 09:00:00 AM +0000,10 - DRIVEWAY/ALLEY ACCESS,2 - INJURY,2,08/22/2018 09:02:00 AM +0000,WED,,1 - NO INJURY / NONE REPORTED,EA3F2DC8-91C2-420C-BF59-399639AB742C,1 - DAYLIGHT,185011715,"7 - SIDESWIPE, SAME DIRECTION",01 - DRY,1 - STRAIGHT LEVEL,"2 - BLACKTOP, BITUMINOUS, ASPHALT",WEST END,D - DRIVER,2 - CLOUDY,45203
25XX VICTORY PY,39.126949,84.484427,18-25,N/A,N/A,08/04/2018 12:30:00 PM +0000,02 - FOUR-WAY INTERSECTION,3 - PROPERTY DAMAGE ONLY (PDO),3,08/04/2018 12:32:00 PM +0000,SAT,M - MALE,1 - NO INJURY / NONE REPORTED,209539B3-A95B-4229-AA57-C7CB3D3E2625,1 - DAYLIGHT,185010810,6 - ANGLE,01 - DRY,1 - STRAIGHT LEVEL,"2 - BLACKTOP, BITUMINOUS, ASPHALT",N/A,D - DRIVER,1 - CLEAR,45206
36XX MARBURG AV,39.142043,-84.422424,41-50,HYDE PARK,HYDE PARK,08/22/2018 05:54:00 PM +0000,01 - NOT AN INTERSECTION,3 - PROPERTY DAMAGE ONLY (PDO),3,08/22/2018 05:54:00 PM +0000,WED,F - FEMALE,1 - NO INJURY / NONE REPORTED,A0C6AC3B-6365-4AA4-BF04-5D93E715BA0D,1 - DAYLIGHT,185011753,2 - REAR-END,01 - DRY,1 - STRAIGHT LEVEL,"2 - BLACKTOP, BITUMINOUS, ASPHALT",HYDE PARK,D - DRIVER,1 - CLEAR,45208
2XX E 12TH ST,39.108651,-84.509783,18-25,OTR,OVER-THE-RHINE,08/03/2018 03:25:00 PM +0000,01 - NOT AN INTERSECTION,3 - PROPERTY DAMAGE ONLY (PDO),3,08/03/2018 03:28:00 PM +0000,FRI,M - MALE,1 - NO INJURY / NONE REPORTED,EBE7302A-2CE0-4557-BE6A-6AE970519C3D,1 - DAYLIGHT,185010764,5 - BACKING,01 - DRY,1 - STRAIGHT LEVEL,"2 - BLACKTOP, BITUMINOUS, ASPHALT",OVER-THE-RHINE,D - DRIVER,1 - CLEAR,45202
17XX WESTWOOD AV,39.123968,84.555355,26-30,N/A,N/A,08/22/2018 07:00:00 AM +0000,01 - NOT AN INTERSECTION,2 - INJURY,2,08/22/2018 07:05:00 AM +0000,WED,M - MALE,2 - POSSIBLE,5C741ADB-D778-4E88-A75E-66E7E75E35D6,1 - DAYLIGHT,185011713,"7 - SIDESWIPE, SAME DIRECTION",01 - DRY,1 - STRAIGHT LEVEL,"2 - BLACKTOP, BITUMINOUS, ASPHALT",N/A,D - DRIVER,1 - CLEAR,45214
N I71 AT 1-4 MM,39.101226,84.503911,51-60,N/A,N/A,08/24/2018 01:38:00 PM +0000,01 - NOT AN INTERSECTION,2 - INJURY,2,08/24/2018 01:39:00 PM +0000,FRI,M - MALE,1 - NO INJURY / NONE REPORTED,18B4FE29-3024-4FC2-9AD3-680AA783E19F,1 - DAYLIGHT,185011832,2 - REAR-END,01 - DRY,3 - CURVE LEVEL,"2 - BLACKTOP, BITUMINOUS, ASPHALT",N/A,D - DRIVER,1 - CLEAR,45202
4XX E 6TH ST,39.103217,84.505823,18-25,N/A,N/A,08/25/2018 06:15:00 PM +0000,02 - FOUR-WAY INTERSECTION,3 - PROPERTY DAMAGE ONLY (PDO),3,08/25/2018 06:16:00 PM +0000,SAT,M - MALE,1 - NO INJURY / NONE REPORTED,5A86941B-04F9-46B6-8DA2-63B5A7D09653,1 - DAYLIGHT,185011893,6 - ANGLE,01 - DRY,1 - STRAIGHT LEVEL,"2 - BLACKTOP, BITUMINOUS, ASPHALT",N/A,D - DRIVER,2 - CLOUDY,45202
23XX BEEKMAN ST,39.126888,84.545745,26-30,N/A,N/A,08/17/2018 05:55:00 PM +0000,01 - NOT AN INTERSECTION,3 - PROPERTY DAMAGE ONLY (PDO),3,08/17/2018 05:59:00 PM +0000,FRI,M - MALE,1 - NO INJURY / NONE REPORTED,C58A3483-883D-40B1-A018-D4F778475E95,3 - DUSK,185011516,"7 - SIDESWIPE, SAME DIRECTION",01 - DRY,4 - CURVE GRADE,"2 - BLACKTOP, BITUMINOUS, ASPHALT",N/A,D - DRIVER,1 - CLEAR,45214
W I74 AT 19-1 MM,39.150361,84.540891,61-70,N/A,N/A,08/16/2018 08:39:00 AM +0000,01 - NOT AN INTERSECTION,3 - PROPERTY DAMAGE ONLY (PDO),3,08/16/2018 08:40:00 AM +0000,THU,F - FEMALE,1 - NO INJURY / NONE REPORTED,DDFF59C9-DF66-4E44-BF9C-CEDECC3BF936,1 - DAYLIGHT,185011420,"7 - SIDESWIPE, SAME DIRECTION",02 - WET,4 - CURVE GRADE,"2 - BLACKTOP, BITUMINOUS, ASPHALT",N/A,D - DRIVER,4 - RAIN,45211
5XX E MARTIN LUTHER KING DR,39.135395,84.497605,18-25,N/A,N/A,08/11/2018 09:35:00 PM +0000,02 - FOUR-WAY INTERSECTION,3 - PROPERTY DAMAGE ONLY (PDO),3,08/11/2018 09:36:00 PM +0000,SAT,F - FEMALE,1 - NO INJURY / NONE REPORTED,A67DD690-1D42-4837-8874-66401D4CA497,4 - DARK - LIGHTED ROADWAY,185011196,"7 - SIDESWIPE, SAME DIRECTION",01 - DRY,1 - STRAIGHT LEVEL,1 - CONCRETE,N/A,D - DRIVER,1 - CLEAR,45219
70XX GLENMEADOW LN,39.18791,84.46834,UNKNOWN,N/A,N/A,08/19/2018 09:00:00 PM +0000,01 - NOT AN INTERSECTION,3 - PROPERTY DAMAGE ONLY (PDO),3,08/20/2018 04:30:00 PM +0000,SUN,,1 - NO INJURY / NONE REPORTED,F4C4A9CB-A2E4-456B-8117-25B0F4791765,4 - DARK - LIGHTED ROADWAY,185011638,1 - NOT COLLISION BETWEEN TWO MOTOR VEHICLES IN TRANSPORT,01 - DRY,1 - STRAIGHT LEVEL,"2 - BLACKTOP, BITUMINOUS, ASPHALT",N/A,D - DRIVER,1 - CLEAR,45237
S I75 AT 8-0 MM,39.176462,-84.487962,31-40,BOND HILL,BONDHILL,08/06/2018 03:40:00 PM +0000,01 - NOT AN INTERSECTION,3 - PROPERTY DAMAGE ONLY (PDO),3,08/06/2018 03:44:00 PM +0000,MON,M - MALE,1 - NO INJURY / NONE REPORTED,D6BEC009-7C1B-410E-A827-E0B9F3FAE3F4,1 - DAYLIGHT,185010890,2 - REAR-END,02 - WET,3 - CURVE LEVEL,"2 - BLACKTOP, BITUMINOUS, ASPHALT",BOND HILL,D - DRIVER,4 - RAIN,45237