ADDRESS_X,LATITUDE_X,LONGITUDE_X,AGE,COMMUNITY_COUNCIL_NEIGHBORHOOD,CPD_NEIGHBORHOOD,CRASHDATE,CRASHLOCATION,CRASHSEVERITY,CRASHSEVERITYID,DATECRASHREPORTED,DAYOFWEEK,GENDER,INJURIES,INSTANCEID,LIGHTCONDITIONSPRIMARY,LOCALREPORTNO,MANNEROFCRASH,ROADCONDITIONSPRIMARY,ROADCONTOUR,ROADSURFACE,SNA_NEIGHBORHOOD,TYPEOFPERSON,WEATHER,ZIP
5XX GEST ST,39.098491,84.525683,41-50,N/A,N/A,08/20/2018 04:10:00 PM +0000,03 - T-INTERSECTION,3 - PROPERTY DAMAGE ONLY (PDO),3,08/20/2018 04:12:00 PM +0000,MON,M - MALE,1 - NO INJURY / NONE REPORTED,8E3E3BEA-7E59-4AB7-AEA0-D14CE1B937A0,1 - DAYLIGHT,185011641,6 - ANGLE,01 - DRY,1 - STRAIGHT LEVEL,"2 - BLACKTOP, BITUMINOUS, ASPHALT",N/A,D - DRIVER,1 - CLEAR,45203
35XX VINE ST,39.150141,84.512391,26-30,N/A,N/A,08/08/2018 07:05:00 AM +0000,02 - FOUR-WAY INTERSECTION,3 - PROPERTY DAMAGE ONLY (PDO),3,08/08/2018 07:07:00 AM +0000,WED,M - MALE,1 - NO INJURY / NONE REPORTED,65A42253-CB68-455B-BA7C-B3E173E4B2E0,1 - DAYLIGHT,185010995,2 - REAR-END,02 - WET,1 - STRAIGHT LEVEL,"2 - BLACKTOP, BITUMINOUS, ASPHALT",N/A,D - DRIVER,4 - RAIN,45220
16XX HARRISON AV,39.128536,84.554356,51-60,N/A,N/A,08/20/2018 03:28:00 PM +0000,03 - T-INTERSECTION,3 - PROPERTY DAMAGE ONLY (PDO),3,08/20/2018 03:28:00 PM +0000,MON,M - MALE,1 - NO INJURY / NONE REPORTED,BBA19655-B0F0-463B-94E4-FA4E5277B1D4,1 - DAYLIGHT,185011650,2 - REAR-END,02 - WET,4 - CURVE GRADE,"2 - BLACKTOP, BITUMINOUS, ASPHALT",N/A,D - DRIVER,2 - CLOUDY,45214
34XX SPRING GROVE AV,39.146796,84.542161,41-50,N/A,N/A,08/03/2018 11:30:00 AM +0000,01 - NOT AN INTERSECTION,3 - PROPERTY DAMAGE ONLY (PDO),3,08/03/2018 11:30:00 AM +0000,FRI,F - FEMALE,1 - NO INJURY / NONE REPORTED,F5F06FF1-9FE0-41C4-B6A2-8AF762A48962,1 - DAYLIGHT,185010754,1 - NOT COLLISION BETWEEN TWO MOTOR VEHICLES IN TRANSPORT,01 - DRY,1 - STRAIGHT LEVEL,1 - CONCRETE,N/A,D - DRIVER,1 - CLEAR,45225
32XX MADISON RD,39.155041,84.427081,41-50,N/A,N/A,08/02/2018 07:57:00 AM +0000,01 - NOT AN INTERSECTION,3 - PROPERTY DAMAGE ONLY (PDO),3,08/02/2018 08:06:00 AM +0000,THU,F - FEMALE,1 - NO INJURY / NONE REPORTED,403D77A5-D241-423F-9142-68C9C5131672,1 - DAYLIGHT,185010692,"7 - SIDESWIPE, SAME DIRECTION",01 - DRY,1 - STRAIGHT LEVEL,"2 - BLACKTOP, BITUMINOUS, ASPHALT",N/A,D - DRIVER,2 - CLOUDY,45209
10XX E MCMILLAN ST,39.125792,-84.487811,41-50,WALNUT HILLS,WALNUT HILLS,08/10/2018 05:24:00 PM +0000,01 - NOT AN INTERSECTION,2 - INJURY,2,08/10/2018 05:27:00 PM +0000,FRI,F - FEMALE,1 - NO INJURY / NONE REPORTED,ED66CFFE-843F-4A7D-805A-A69271649E63,1 - DAYLIGHT,185011119,1 - NOT COLLISION BETWEEN TWO MOTOR VEHICLES IN TRANSPORT,01 - DRY,1 - STRAIGHT LEVEL,"2 - BLACKTOP, BITUMINOUS, ASPHALT",EAST WALNUT HILLS,D - DRIVER,2 - CLOUDY,45206
N I71 AT 1-4 MM,39.102686,84.503891,61-70,N/A,N/A,08/24/2018 01:38:00 PM +0000,01 - NOT AN INTERSECTION,2 - INJURY,2,08/24/2018 01:39:00 PM +0000,FRI,M - MALE,3 - NON-INCAPACITATING,18B4FE29-3024-4FC2-9AD3-680AA783E19F,1 - DAYLIGHT,185011832,2 - REAR-END,01 - DRY,3 - CURVE LEVEL,"2 - BLACKTOP, BITUMINOUS, ASPHALT",N/A,D - DRIVER,1 - CLEAR,45202
50XX RIDGE AV,39.17231,-84.428235,26-30,PLEASANT RIDGE,PLEASANT RIDGE,08/25/2018 12:35:11 PM +0000,01 - NOT AN INTERSECTION,3 - PROPERTY DAMAGE ONLY (PDO),3,08/25/2018 12:37:12 PM +0000,SAT,F - FEMALE,1 - NO INJURY / NONE REPORTED,7FB4D85A-9DB5-495F-BEEC-0F551B51BC6E,1 - DAYLIGHT,185011874,2 - REAR-END,02 - WET,2 - STRAIGHT GRADE,"2 - BLACKTOP, BITUMINOUS, ASPHALT",PLEASANT RIDGE,D - DRIVER,4 - RAIN,45209
47XX PHYLLIS LN,39.119165,84.417793,51-60,N/A,N/A,08/28/2018 06:10:00 PM +0000,07 - ON RAMP,3 - PROPERTY DAMAGE ONLY (PDO),3,08/28/2018 06:10:00 PM +0000,TUE,M - MALE,1 - NO INJURY / NONE REPORTED,4BB53001-BC85-48B3-94ED-945888AED7C4,1 - DAYLIGHT,185012027,2 - REAR-END,01 - DRY,1 - STRAIGHT LEVEL,1 - CONCRETE,N/A,D - DRIVER,1 - CLEAR,45226
31XX LINWOOD AV,39.130935,84.429477,31-40,N/A,N/A,08/15/2018 12:08:13 PM +0000,01 - NOT AN INTERSECTION,2 - INJURY,2,08/15/2018 12:11:14 PM +0000,WED,M - MALE,2 - POSSIBLE,79948ED4-1BA9-4EA3-BD57-E28176A51528,1 - DAYLIGHT,185011349,1 - NOT COLLISION BETWEEN TWO MOTOR VEHICLES IN TRANSPORT,01 - DRY,3 - CURVE LEVEL,"2 - BLACKTOP, BITUMINOUS, ASPHALT",N/A,O - OCCUPANT,1 - CLEAR,45208
S I71 AT 1-3 MM,39.099334,84.507892,41-50,N/A,N/A,08/15/2018 09:49:00 AM +0000,08 - OFF RAMP,3 - PROPERTY DAMAGE ONLY (PDO),3,08/15/2018 09:50:00 AM +0000,WED,F - FEMALE,1 - NO INJURY / NONE REPORTED,0C8D322C-1D91-4742-92E5-931B7923531C,1 - DAYLIGHT,185011336,1 - NOT COLLISION BETWEEN TWO MOTOR VEHICLES IN TRANSPORT,01 - DRY,4 - CURVE GRADE,"2 - BLACKTOP, BITUMINOUS, ASPHALT",N/A,D - DRIVER,2 - CLOUDY,45214
30XX RAMONA AV,39.143331,-84.601261,61-70,WESTWOOD,WESTWOOD,08/06/2018 05:00:00 PM +0000,01 - NOT AN INTERSECTION,3 - PROPERTY DAMAGE ONLY (PDO),3,08/06/2018 05:50:00 PM +0000,MON,F - FEMALE,1 - NO INJURY / NONE REPORTED,3C2D0290-A9E1-44D5-A400-DB8A4DBEF287,1 - DAYLIGHT,185010897,"7 - SIDESWIPE, SAME DIRECTION",01 - DRY,2 - STRAIGHT GRADE,"2 - BLACKTOP, BITUMINOUS, ASPHALT",WESTWOOD,O - OCCUPANT,1 - CLEAR,45211
11XX MAIN ST,39.106945,-84.511678,31-40,OTR,OVER-THE-RHINE,08/27/2018 11:15:00 AM +0000,02 - FOUR-WAY INTERSECTION,2 - INJURY,2,08/27/2018 11:20:00 AM +0000,MON,M - MALE,1 - NO INJURY / NONE REPORTED,7862C9DC-CE42-4C4D-A463-B1D13C23C158,1 - DAYLIGHT,185011949,1 - NOT COLLISION BETWEEN TWO MOTOR VEHICLES IN TRANSPORT,01 - DRY,1 - STRAIGHT LEVEL,"2 - BLACKTOP, BITUMINOUS, ASPHALT",OVER-THE-RHINE,D - DRIVER,1 - CLEAR,45202
N I75 AT 3-5 MM,39.136948,84.532691,26-30,N/A,N/A,08/13/2018 04:25:00 PM +0000,01 - NOT AN INTERSECTION,3 - PROPERTY DAMAGE ONLY (PDO),3,08/13/2018 04:30:00 PM +0000,MON,F - FEMALE,1 - NO INJURY / NONE REPORTED,F95184D6-EDF0-40F4-93E9-C221B0F902F1,1 - DAYLIGHT,185011259,2 - REAR-END,01 - DRY,1 - STRAIGHT LEVEL,"2 - BLACKTOP, BITUMINOUS, ASPHALT",N/A,D - DRIVER,1 - CLEAR,45225
2XX FAIRBANKS AV,39.092565,-84.574167,18-25,SEDAMSVILLE,SEDAMSVILLE,08/02/2018 07:38:00 PM +0000,01 - NOT AN INTERSECTION,2 - INJURY,2,08/02/2018 07:39:00 PM +0000,THU,F - FEMALE,2 - POSSIBLE,E974F03B-B873-4511-958E-72EA2946E9ED,1 - DAYLIGHT,185010722,6 - ANGLE,01 - DRY,2 - STRAIGHT GRADE,"2 - BLACKTOP, BITUMINOUS, ASPHALT",RIVERSIDE,O - OCCUPANT,1 - CLEAR,45204
S I75 AT 10-8 MM,39.206165,84.463871,18-25,N/A,N/A,08/17/2018 05:20:00 PM +0000,01 - NOT AN INTERSECTION,3 - PROPERTY DAMAGE ONLY (PDO),3,08/17/2018 05:24:00 PM +0000,FRI,M - MALE,1 - NO INJURY / NONE REPORTED,70896160-7322-44D3-8430-E717CD7F3719,1 - DAYLIGHT,185011506,"7 - SIDESWIPE, SAME DIRECTION",01 - DRY,1 - STRAIGHT LEVEL,1 - CONCRETE,N/A,D - DRIVER,2 - CLOUDY,45237
24XX HARRISON AV,39.140866,84.581341,26-30,N/A,N/A,08/17/2018 03:00:00 PM +0000,01 - NOT AN INTERSECTION,3 - PROPERTY DAMAGE ONLY (PDO),3,08/17/2018 03:04:00 PM +0000,FRI,M - MALE,1 - NO INJURY / NONE REPORTED,078EF9BD-848C-48E1-B7E8-6DC63D476A94,1 - DAYLIGHT,185011493,5 - BACKING,01 - DRY,1 - STRAIGHT LEVEL,"2 - BLACKTOP, BITUMINOUS, ASPHALT",N/A,D - DRIVER,1 - CLEAR,45211
17XX MAIN ST,39.115533,84.513141,UNDER 18,N/A,N/A,08/17/2018 09:06:00 AM +0000,04 - Y-INTERSECTION,3 - PROPERTY DAMAGE ONLY (PDO),3,08/17/2018 10:07:39 AM +0000,FRI,M - MALE,1 - NO INJURY / NONE REPORTED,4A5CFA01-3BA2-4CFD-BC4B-27985B35B7D7,1 - DAYLIGHT,185011477,1 - NOT COLLISION BETWEEN TWO MOTOR VEHICLES IN TRANSPORT,01 - DRY,4 - CURVE GRADE,"2 - BLACKTOP, BITUMINOUS, ASPHALT",N/A,O - OCCUPANT,2 - CLOUDY,45202
38XX BEEKMAN ST,39.154878,84.551243,61-70,N/A,N/A,08/28/2018 12:12:00 PM +0000,02 - FOUR-WAY INTERSECTION,3 - PROPERTY DAMAGE ONLY (PDO),3,08/28/2018 12:12:00 PM +0000,TUE,F - FEMALE,1 - NO INJURY / NONE REPORTED,11F0E773-B9DC-4A89-9307-38AC9CEE42DC,1 - DAYLIGHT,185012003,6 - ANGLE,01 - DRY,1 - STRAIGHT LEVEL,"2 - BLACKTOP, BITUMINOUS, ASPHALT",N/A,D - DRIVER,1 - CLEAR,45225
32XX HARVEY AV,39.137531,-84.498588,31-40,AVONDALE,AVONDALE,08/15/2018 08:25:00 PM +0000,02 - FOUR-WAY INTERSECTION,3 - PROPERTY DAMAGE ONLY (PDO),3,08/15/2018 08:28:00 PM +0000,WED,F - FEMALE,1 - NO INJURY / NONE REPORTED,A9232252-8C77-42CC-8E97-BF56DF7352B0,1 - DAYLIGHT,185011380,6 - ANGLE,01 - DRY,1 - STRAIGHT LEVEL,"2 - BLACKTOP, BITUMINOUS, ASPHALT",AVONDALE,D - DRIVER,1 - CLEAR,45229
47XX MARBURG AV,39.161163,-84.423953,18-25,OAKLEY,OAKLEY,08/28/2018 07:40:00 PM +0000,02 - FOUR-WAY INTERSECTION,3 - PROPERTY DAMAGE ONLY (PDO),3,08/28/2018 07:42:00 PM +0000,TUE,F - FEMALE,1 - NO INJURY / NONE REPORTED,EBEACB06-E29C-4903-A90D-EF24F9A74B91,1 - DAYLIGHT,185012029,6 - ANGLE,01 - DRY,1 - STRAIGHT LEVEL,"2 - BLACKTOP, BITUMINOUS, ASPHALT",OAKLEY,D - DRIVER,1 - CLEAR,45209
4XX E MARTIN LUTHER KING DR,39.134308,-84.498597,51-60,AVONDALE,AVONDALE,08/16/2018 02:24:00 PM +0000,01 - NOT AN INTERSECTION,3 - PROPERTY DAMAGE ONLY (PDO),3,08/16/2018 02:24:00 PM +0000,THU,M - MALE,1 - NO INJURY / NONE REPORTED,4DF94AFE-CA14-4E06-B1B4-D823E4419CB4,1 - DAYLIGHT,185011428,2 - REAR-END,02 - WET,1 - STRAIGHT LEVEL,"2 - BLACKTOP, BITUMINOUS, ASPHALT",AVONDALE,O - OCCUPANT,1 - CLEAR,45219
60XX OAK KNOLL DR,39.203203,84.555323,UNDER 18,N/A,N/A,08/23/2018 03:15:00 PM +0000,01 - NOT AN INTERSECTION,3 - PROPERTY DAMAGE ONLY (PDO),3,08/23/2018 03:20:00 PM +0000,THU,F - FEMALE,1 - NO INJURY / NONE REPORTED,5DFD2020-6E24-4226-9C32-599DCEC100D3,1 - DAYLIGHT,185011809,2 - REAR-END,01 - DRY,2 - STRAIGHT GRADE,"2 - BLACKTOP, BITUMINOUS, ASPHALT",N/A,D - DRIVER,1 - CLEAR,45224
8XX CLEVELAND AV,39.141242,-84.492013,UNKNOWN,AVONDALE,AVONDALE,08/14/2018 02:37:00 PM +0000,01 - NOT AN INTERSECTION,3 - PROPERTY DAMAGE ONLY (PDO),3,08/14/2018 02:37:00 PM +0000,TUE,,1 - NO INJURY / NONE REPORTED,85626965-140F-4416-8B49-1D6543B3669F,1 - DAYLIGHT,185011302,1 - NOT COLLISION BETWEEN TWO MOTOR VEHICLES IN TRANSPORT,01 - DRY,2 - STRAIGHT GRADE,"2 - BLACKTOP, BITUMINOUS, ASPHALT",AVONDALE,D - DRIVER,1 - CLEAR,45229
6XX RIDDLE RD,39.136435,-84.528783,UNKNOWN,CUF,CLIFTON/UNIVERSITY HEIGHTS,08/28/2018 03:00:00 PM +0000,01 - NOT AN INTERSECTION,3 - PROPERTY DAMAGE ONLY (PDO),3,08/28/2018 03:53:00 PM +0000,TUE,,1 - NO INJURY / NONE REPORTED,0D299FE6-055F-4E9C-AE9A-394ECB623B1B,1 - DAYLIGHT,185012015,9 - UNKNOWN,01 - DRY,1 - STRAIGHT LEVEL,"2 - BLACKTOP, BITUMINOUS, ASPHALT",CUF,D - DRIVER,1 - CLEAR,45220
22XX HARRISON AV,39.134878,84.574681,18-25,N/A,N/A,08/09/2018 02:40:00 AM +0000,01 - NOT AN INTERSECTION,3 - PROPERTY DAMAGE ONLY (PDO),3,08/09/2018 03:07:00 AM +0000,THU,F - FEMALE,1 - NO INJURY / NONE REPORTED,2F47AFCA-0F63-44FC-94CA-DC646E980B32,4 - DARK - LIGHTED ROADWAY,185011050,1 - NOT COLLISION BETWEEN TWO MOTOR VEHICLES IN TRANSPORT,02 - WET,1 - STRAIGHT LEVEL,"2 - BLACKTOP, BITUMINOUS, ASPHALT",N/A,D - DRIVER,1 - CLEAR,45211
2XX FAIRBANKS AV,39.092885,-84.573427,UNDER 18,SEDAMSVILLE,SEDAMSVILLE,08/02/2018 07:38:00 PM +0000,01 - NOT AN INTERSECTION,2 - INJURY,2,08/02/2018 07:39:00 PM +0000,THU,M - MALE,2 - POSSIBLE,E974F03B-B873-4511-958E-72EA2946E9ED,1 - DAYLIGHT,185010722,6 - ANGLE,01 - DRY,2 - STRAIGHT GRADE,"2 - BLACKTOP, BITUMINOUS, ASPHALT",RIVERSIDE,O - OCCUPANT,1 - CLEAR,45204
XX E MCMILLAN ST,39.126248,-84.509728,31-40,MOUNT AUBURN,MOUNT  AUBURN,08/07/2018 06:55:00 AM +0000,01 - NOT AN INTERSECTION,3 - PROPERTY DAMAGE ONLY (PDO),3,08/07/2018 07:10:00 AM +0000,TUE,F - FEMALE,1 - NO INJURY / NONE REPORTED,93D71D5E-E5E1-4EF9-A887-FE3B7CD09924,1 - DAYLIGHT,185010925,2 - REAR-END,02 - WET,2 - STRAIGHT GRADE,1 - CONCRETE,MT. AUBURN,D - DRIVER,4 - RAIN,45219
N I75 AT 3-7 MM,39.222964,84.517167,31-40,N/A,N/A,08/10/2018 06:25:00 PM +0000,01 - NOT AN INTERSECTION,3 - PROPERTY DAMAGE ONLY (PDO),3,08/10/2018 06:25:00 PM +0000,FRI,M - MALE,1 - NO INJURY / NONE REPORTED,22F2A5EC-06DE-42D9-9B40-ABC20B5BE904,1 - DAYLIGHT,185011122,"7 - SIDESWIPE, SAME DIRECTION",01 - DRY,1 - STRAIGHT LEVEL,"2 - BLACKTOP, BITUMINOUS, ASPHALT",N/A,D - DRIVER,2 - CLOUDY,45223
20XX DUNLAP ST,39.118243,-84.520751,18-25,OTR,OVER-THE-RHINE,08/21/2018 10:08:00 AM +0000,01 - NOT AN INTERSECTION,3 - PROPERTY DAMAGE ONLY (PDO),3,08/21/2018 10:09:00 AM +0000,TUE,M - MALE,1 - NO INJURY / NONE REPORTED,B3915328-D222-483B-8EBB-30E285230F3B,1 - DAYLIGHT,185011672,"7 - SIDESWIPE, SAME DIRECTION",01 - DRY,2 - STRAIGHT GRADE,"2 - BLACKTOP, BITUMINOUS, ASPHALT",OVER-THE-RHINE,D - DRIVER,2 - CLOUDY,45214
21XX SPRING GROVE,39.121565,-84.535618,26-30,WEST END,QUEENSGATE,08/04/2018 04:00:00 PM +0000,01 - NOT AN INTERSECTION,3 - PROPERTY DAMAGE ONLY (PDO),3,08/04/2018 04:17:00 PM +0000,SAT,F - FEMALE,1 - NO INJURY / NONE REPORTED,6AB9BA03-12F7-457E-A7AE-E24CC5C09840,1 - DAYLIGHT,185010823,2 - REAR-END,01 - DRY,1 - STRAIGHT LEVEL,"2 - BLACKTOP, BITUMINOUS, ASPHALT",QUEENSGATE,D - DRIVER,1 - CLEAR,45214
7XX SYCAMORE ST,39.104675,84.509401,51-60,N/A,N/A,08/11/2018 10:25:00 AM +0000,02 - FOUR-WAY INTERSECTION,2 - INJURY,2,08/11/2018 10:25:00 AM +0000,SAT,F - FEMALE,2 - POSSIBLE,FBA9B6BB-B5BC-4AF0-AD85-063118C4B1A8,1 - DAYLIGHT,185011166,6 - ANGLE,01 - DRY,1 - STRAIGHT LEVEL,"2 - BLACKTOP, BITUMINOUS, ASPHALT",N/A,O - OCCUPANT,1 - CLEAR,45202
60XX BRAMBLE AV,39.152709,-84.392117,61-70,MADISONVILLE,MADISONVILLE,08/12/2018 06:38:00 PM +0000,01 - NOT AN INTERSECTION,2 - INJURY,2,08/12/2018 06:38:00 PM +0000,SUN,F - FEMALE,2 - POSSIBLE,4275F851-D8A3-429C-A887-C8F464C62AFC,1 - DAYLIGHT,185011227,3 - HEAD-ON,01 - DRY,1 - STRAIGHT LEVEL,"2 - BLACKTOP, BITUMINOUS, ASPHALT",MADISONVILLE,D - DRIVER,1 - CLEAR,45227
5XX W KING DR,39.139596,84.525111,18-25,N/A,N/A,08/09/2018 08:37:00 AM +0000,01 - NOT AN INTERSECTION,3 - PROPERTY DAMAGE ONLY (PDO),3,08/09/2018 08:37:00 AM +0000,THU,F - FEMALE,1 - NO INJURY / NONE REPORTED,F0519131-C6C2-40E1-ADB5-CA899DB63490,1 - DAYLIGHT,185011053,"7 - SIDESWIPE, SAME DIRECTION",01 - DRY,3 - CURVE LEVEL,"2 - BLACKTOP, BITUMINOUS, ASPHALT",N/A,D - DRIVER,1 - CLEAR,45220
28XX RIVER RD,39.089271,-84.565517,UNKNOWN,SEDAMSVILLE,SEDAMSVILLE,08/15/2018 03:50:00 PM +0000,01 - NOT AN INTERSECTION,3 - PROPERTY DAMAGE ONLY (PDO),3,08/15/2018 03:52:00 PM +0000,WED,,1 - NO INJURY / NONE REPORTED,0BB6E1C3-DB43-442C-AA54-64EA41B7A5E7,1 - DAYLIGHT,185011369,"7 - SIDESWIPE, SAME DIRECTION",02 - WET,1 - STRAIGHT LEVEL,"2 - BLACKTOP, BITUMINOUS, ASPHALT",RIVERSIDE,D - DRIVER,4 - RAIN,45204
9XX LEXINGTON AV,39.14755,-84.46808,UNKNOWN,N/A,N/A,08/18/2018 08:35:00 PM +0000,04 - Y-INTERSECTION,3 - PROPERTY DAMAGE ONLY (PDO),3,08/19/2018 07:35:00 PM +0000,SAT,,1 - NO INJURY / NONE REPORTED,72D39370-A8B9-4B75-8127-17281F6278F9,3 - DUSK,185011602,2 - REAR-END,01 - DRY,1 - STRAIGHT LEVEL,"2 - BLACKTOP, BITUMINOUS, ASPHALT",N/A,D - DRIVER,1 - CLEAR,45229
76XX READING RD,39.198617,-84.457232,UNKNOWN,ROSELAWN,ROSELAWN,08/28/2018 02:45:00 PM +0000,01 - NOT AN INTERSECTION,2 - INJURY,2,08/28/2018 07:20:00 PM +0000,TUE,,1 - NO INJURY / NONE REPORTED,CC0F829F-641B-4B79-81A4-463D67D34D1B,1 - DAYLIGHT,185012036,1 - NOT COLLISION BETWEEN TWO MOTOR VEHICLES IN TRANSPORT,01 - DRY,1 - STRAIGHT LEVEL,"2 - BLACKTOP, BITUMINOUS, ASPHALT",ROSELAWN,D - DRIVER,1 - CLEAR,45237
17XX HARRISON AV,39.127996,84.557886,26-30,N/A,N/A,08/04/2018 03:05:00 PM +0000,01 - NOT AN INTERSECTION,2 - INJURY,2,08/04/2018 03:07:00 PM +0000,SAT,M - MALE,4 - INCAPACITATING,96C0FED5-01EB-43C4-B6B6-31002C331058,1 - DAYLIGHT,185010821,3 - HEAD-ON,01 - DRY,4 - CURVE GRADE,"2 - BLACKTOP, BITUMINOUS, ASPHALT",N/A,D - DRIVER,1 - CLEAR,45214
4XX LUDLOW AV,39.143378,84.522243,18-25,N/A,N/A,08/15/2018 11:30:00 AM +0000,01 - NOT AN INTERSECTION,3 - PROPERTY DAMAGE ONLY (PDO),3,08/15/2018 01:30:00 PM +0000,WED,F - FEMALE,1 - NO INJURY / NONE REPORTED,EEBD30BF-D1CB-4F87-9DB6-C08882E2A15D,1 - DAYLIGHT,185011346,1 - NOT COLLISION BETWEEN TWO MOTOR VEHICLES IN TRANSPORT,01 - DRY,1 - STRAIGHT LEVEL,"2 - BLACKTOP, BITUMINOUS, ASPHALT",N/A,D - DRIVER,1 - CLEAR,45220
28XX MONTANA AV,39.148613,84.590952,41-50,N/A,N/A,08/24/2018 01:55:00 AM +0000,01 - NOT AN INTERSECTION,3 - PROPERTY DAMAGE ONLY (PDO),3,08/24/2018 02:00:00 AM +0000,FRI,M - MALE,1 - NO INJURY / NONE REPORTED,52AD8DC7-EE98-4CB5-9A74-5AE5B1C77509,4 - DARK - LIGHTED ROADWAY,185011813,2 - REAR-END,01 - DRY,1 - STRAIGHT LEVEL,"2 - BLACKTOP, BITUMINOUS, ASPHALT",N/A,D - DRIVER,1 - CLEAR,45211
12XX VINE ST,39.109391,-84.514226,31-40,OTR,OVER-THE-RHINE,08/26/2018 12:03:00 AM +0000,02 - FOUR-WAY INTERSECTION,3 - PROPERTY DAMAGE ONLY (PDO),3,08/26/2018 12:03:00 AM +0000,SUN,M - MALE,1 - NO INJURY / NONE REPORTED,64FCF670-8C50-4FCB-84B8-7B9223FCEA48,4 - DARK - LIGHTED ROADWAY,185011906,2 - REAR-END,01 - DRY,1 - STRAIGHT LEVEL,1 - CONCRETE,OVER-THE-RHINE,D - DRIVER,1 - CLEAR,45202
16XX LARCH AV,39.1935,84.547478,UNKNOWN,N/A,N/A,08/04/2018 05:17:00 PM +0000,01 - NOT AN INTERSECTION,3 - PROPERTY DAMAGE ONLY (PDO),3,08/04/2018 05:20:00 PM +0000,SAT,,1 - NO INJURY / NONE REPORTED,5325E434-4F70-4E83-9D71-49188CA39DCA,1 - DAYLIGHT,185010833,1 - NOT COLLISION BETWEEN TWO MOTOR VEHICLES IN TRANSPORT,01 - DRY,1 - STRAIGHT LEVEL,"2 - BLACKTOP, BITUMINOUS, ASPHALT",N/A,D - DRIVER,1 - CLEAR,45224
1XX W KING DR,39.136006,84.512265,51-60,N/A,N/A,08/28/2018 03:30:00 PM +0000,01 - NOT AN INTERSECTION,2 - INJURY,2,08/28/2018 03:33:00 AM +0000,TUE,M - MALE,1 - NO INJURY / NONE REPORTED,56B90777-5968-4ECA-A7AF-6DFB545518CF,1 - DAYLIGHT,185012013,"8 - SIDESWIPE, OPPOSITE DIRECTION",01 - DRY,2 - STRAIGHT GRADE,"2 - BLACKTOP, BITUMINOUS, ASPHALT",N/A,D - DRIVER,1 - CLEAR,45221
47XX HAMILTON AV,39.179073,-84.545184,51-60,NORTHSIDE,NORTHSIDE,08/07/2018 07:30:00 AM +0000,01 - NOT AN INTERSECTION,3 - PROPERTY DAMAGE ONLY (PDO),3,08/07/2018 07:39:00 AM +0000,TUE,M - MALE,1 - NO INJURY / NONE REPORTED,DB5E45B6-7ED1-434C-84D4-1DE799887992,1 - DAYLIGHT,185010933,"7 - SIDESWIPE, SAME DIRECTION",02 - WET,2 - STRAIGHT GRADE,"2 - BLACKTOP, BITUMINOUS, ASPHALT",NORTHSIDE,D - DRIVER,2 - CLOUDY,45223
80XX WOODBINE AV,39.206846,-84.470663,51-60,HARTWELL,HARTWELL,08/03/2018 09:45:00 AM +0000,01 - NOT AN INTERSECTION,3 - PROPERTY DAMAGE ONLY (PDO),3,08/03/2018 09:50:00 AM +0000,FRI,M - MALE,1 - NO INJURY / NONE REPORTED,87771BC4-0D70-4B20-9224-5997F9E836FF,1 - DAYLIGHT,185010745,5 - BACKING,01 - DRY,3 - CURVE LEVEL,"2 - BLACKTOP, BITUMINOUS, ASPHALT",HARTWELL,D - DRIVER,1 - CLEAR,45216
36XX CASS AV,39.155301,84.555158,26-30,N/A,N/A,08/17/2018 06:25:00 PM +0000,01 - NOT AN INTERSECTION,3 - PROPERTY DAMAGE ONLY (PDO),3,08/17/2018 06:30:00 PM +0000,FRI,M - MALE,1 - NO INJURY / NONE REPORTED,315851EF-8CC2-4EF3-AA16-EFC28EABC4B5,1 - DAYLIGHT,185011512,1 - NOT COLLISION BETWEEN TWO MOTOR VEHICLES IN TRANSPORT,01 - DRY,3 - CURVE LEVEL,"2 - BLACKTOP, BITUMINOUS, ASPHALT",N/A,D - DRIVER,1 - CLEAR,45223
48XX RAPID RUN RD,39.111259,84.599427,UNDER 18,N/A,N/A,08/07/2018 05:55:00 PM +0000,02 - FOUR-WAY INTERSECTION,3 - PROPERTY DAMAGE ONLY (PDO),3,08/07/2018 06:00:00 PM +0000,TUE,F - FEMALE,1 - NO INJURY / NONE REPORTED,18A79B8B-5F86-4017-8C51-B4F85B013CC6,1 - DAYLIGHT,185010976,6 - ANGLE,02 - WET,1 - STRAIGHT LEVEL,"2 - BLACKTOP, BITUMINOUS, ASPHALT",N/A,D - DRIVER,2 - CLOUDY,45238
S I71 AT 3-6 MM,39.130964,84.494931,18-25,N/A,N/A,08/13/2018 03:58:00 PM +0000,01 - NOT AN INTERSECTION,3 - PROPERTY DAMAGE ONLY (PDO),3,08/13/2018 03:59:00 PM +0000,MON,M - MALE,1 - NO INJURY / NONE REPORTED,8BE180CB-92C3-4F1B-BD5A-91B1B109C48F,1 - DAYLIGHT,185011257,2 - REAR-END,01 - DRY,4 - CURVE GRADE,"2 - BLACKTOP, BITUMINOUS, ASPHALT",N/A,O - OCCUPANT,1 - CLEAR,45206