ADDRESS_X,LATITUDE_X,LONGITUDE_X,AGE,COMMUNITY_COUNCIL_NEIGHBORHOOD,CPD_NEIGHBORHOOD,CRASHDATE,CRASHLOCATION,CRASHSEVERITY,CRASHSEVERITYID,DATECRASHREPORTED,DAYOFWEEK,GENDER,INJURIES,INSTANCEID,LIGHTCONDITIONSPRIMARY,LOCALREPORTNO,MANNEROFCRASH,ROADCONDITIONSPRIMARY,ROADCONTOUR,ROADSURFACE,SNA_NEIGHBORHOOD,TYPEOFPERSON,WEATHER,ZIP
1XX W MITCHELL AV,39.160898,84.507188,UNDER 18,N/A,N/A,08/23/2018 07:20:00 AM +0000,01 - NOT AN INTERSECTION,3 - PROPERTY DAMAGE ONLY (PDO),3,08/23/2018 07:27:00 AM +0000,THU,F - FEMALE,1 - NO INJURY / NONE REPORTED,C192D0DA-2A8A-4C3C-B4DA-8832EB6169C3,1 - DAYLIGHT,185011786,"7 - SIDESWIPE, SAME DIRECTION",01 - DRY,1 - STRAIGHT LEVEL,"2 - BLACKTOP, BITUMINOUS, ASPHALT",N/A,D - DRIVER,1 - CLEAR,45217
53XX GLENWAY AV,39.126679,84.605611,31-40,N/A,N/A,08/10/2018 09:20:00 AM +0000,01 - NOT AN INTERSECTION,3 - PROPERTY DAMAGE ONLY (PDO),3,08/10/2018 10:00:00 AM +0000,FRI,F - FEMALE,1 - NO INJURY / NONE REPORTED,43664C28-950F-4A93-8EC6-DA854266282F,1 - DAYLIGHT,185011154,1 - NOT COLLISION BETWEEN TWO MOTOR VEHICLES IN TRANSPORT,01 - DRY,1 - STRAIGHT LEVEL,"2 - BLACKTOP, BITUMINOUS, ASPHALT",N/A,D - DRIVER,1 - CLEAR,45238
15XX RUTH AVE,39.140167,-84.477951,UNKNOWN,EVANSTON,EVANSTON,08/23/2018 06:00:00 AM +0000,01 - NOT AN INTERSECTION,3 - PROPERTY DAMAGE ONLY (PDO),3,08/27/2018 07:30:00 PM +0000,THU,,1 - NO INJURY / NONE REPORTED,00ECBCF8-D7BA-409A-84A9-1C6EA73FC039,9 - UNKNOWN,185011980,9 - UNKNOWN,01 - DRY,1 - STRAIGHT LEVEL,"2 - BLACKTOP, BITUMINOUS, ASPHALT",EVANSTON,D - DRIVER,9 - OTHER/UNKNOWN,45207
S I75 AT 6-3 MM,39.162283,-84.508808,31-40,NORTH AVONDALE,CLIFTON,08/19/2018 07:57:00 PM +0000,01 - NOT AN INTERSECTION,2 - INJURY,2,08/19/2018 07:58:00 PM +0000,SUN,M - MALE,1 - NO INJURY / NONE REPORTED,75E3616D-F632-4CCC-B4A1-AA2E6953A98B,3 - DUSK,185011609,"7 - SIDESWIPE, SAME DIRECTION",01 - DRY,3 - CURVE LEVEL,"2 - BLACKTOP, BITUMINOUS, ASPHALT",CLIFTON,O - OCCUPANT,1 - CLEAR,45229
W SR 562 AT 0-1,39.173786,84.474663,61-70,N/A,N/A,08/06/2018 02:37:48 PM +0000,01 - NOT AN INTERSECTION,3 - PROPERTY DAMAGE ONLY (PDO),3,08/06/2018 02:38:48 PM +0000,MON,F - FEMALE,1 - NO INJURY / NONE REPORTED,09F7939B-7DE0-4E63-AC4A-13EEDCF653FE,1 - DAYLIGHT,185010896,2 - REAR-END,02 - WET,1 - STRAIGHT LEVEL,1 - CONCRETE,N/A,D - DRIVER,4 - RAIN,45237
9XX SUNSET AV,39.108871,-84.585711,31-40,WEST PRICE HILL,WEST PRICE HILL,08/23/2018 01:25:00 PM +0000,01 - NOT AN INTERSECTION,3 - PROPERTY DAMAGE ONLY (PDO),3,08/23/2018 01:30:00 PM +0000,THU,M - MALE,1 - NO INJURY / NONE REPORTED,77DCB559-6774-4C69-9610-A43EDAFBEA32,1 - DAYLIGHT,185011798,4 - REAR-TO-REAR,01 - DRY,1 - STRAIGHT LEVEL,"2 - BLACKTOP, BITUMINOUS, ASPHALT",WEST PRICE HILL,D - DRIVER,1 - CLEAR,45205
20XX LANGDON FARM RD,39.182296,-84.455211,31-40,ROSELAWN,BONDHILL,08/04/2018 05:35:00 PM +0000,01 - NOT AN INTERSECTION,2 - INJURY,2,08/04/2018 05:37:00 PM +0000,SAT,F - FEMALE,1 - NO INJURY / NONE REPORTED,009BDE0C-437C-4AA3-A7F4-B25F7170338B,1 - DAYLIGHT,185010829,6 - ANGLE,01 - DRY,1 - STRAIGHT LEVEL,"2 - BLACKTOP, BITUMINOUS, ASPHALT",ROSELAWN,D - DRIVER,1 - CLEAR,45237
21XX MONTANA AV,39.159075,-84.566659,61-70,NORTHSIDE,NORTHSIDE,08/08/2018 05:51:00 PM +0000,01 - NOT AN INTERSECTION,3 - PROPERTY DAMAGE ONLY (PDO),3,08/08/2018 05:52:00 PM +0000,WED,M - MALE,1 - NO INJURY / NONE REPORTED,6D08007D-EF01-4FCF-9E4A-09B865AF83DD,1 - DAYLIGHT,185011028,6 - ANGLE,01 - DRY,1 - STRAIGHT LEVEL,"2 - BLACKTOP, BITUMINOUS, ASPHALT",VILLAGES AT ROLL HILL,D - DRIVER,1 - CLEAR,45211
W I275 AT 72-8 MM,39.060871,84.420992,18-25,N/A,N/A,08/14/2018 01:43:00 PM +0000,01 - NOT AN INTERSECTION,2 - INJURY,2,08/14/2018 01:45:00 PM +0000,TUE,F - FEMALE,3 - NON-INCAPACITATING,9ADF40BC-CCD5-464D-A075-7E20B45F3E68,1 - DAYLIGHT,185011296,"7 - SIDESWIPE, SAME DIRECTION",01 - DRY,4 - CURVE GRADE,1 - CONCRETE,N/A,D - DRIVER,1 - CLEAR,45226
23XX RAVINE,39.128061,84.525221,18-25,N/A,N/A,08/14/2018 01:00:10 PM +0000,"06 - FIVE-POINT, OR MORE",3 - PROPERTY DAMAGE ONLY (PDO),3,08/14/2018 02:00:12 PM +0000,TUE,M - MALE,1 - NO INJURY / NONE REPORTED,C9CFFE3B-D8A2-4E67-95FA-59BA9AAA0754,1 - DAYLIGHT,185011294,1 - NOT COLLISION BETWEEN TWO MOTOR VEHICLES IN TRANSPORT,01 - DRY,1 - STRAIGHT LEVEL,"2 - BLACKTOP, BITUMINOUS, ASPHALT",N/A,O - OCCUPANT,1 - CLEAR,45219
33XX ALAMO AV,39.161841,84.424948,UNKNOWN,N/A,N/A,08/13/2018 03:30:00 PM +0000,01 - NOT AN INTERSECTION,3 - PROPERTY DAMAGE ONLY (PDO),3,08/13/2018 07:15:00 PM +0000,MON,,1 - NO INJURY / NONE REPORTED,33478268-3F96-47A6-8305-986A6E9550F0,1 - DAYLIGHT,185011267,9 - UNKNOWN,01 - DRY,1 - STRAIGHT LEVEL,"2 - BLACKTOP, BITUMINOUS, ASPHALT",N/A,D - DRIVER,1 - CLEAR,45209
47XX ESTE AV,39.177051,-84.509238,31-40,WINTON HILLS,WINTON HILLS,08/07/2018 03:50:00 PM +0000,01 - NOT AN INTERSECTION,3 - PROPERTY DAMAGE ONLY (PDO),3,08/07/2018 04:15:00 PM +0000,TUE,M - MALE,1 - NO INJURY / NONE REPORTED,CCCD8241-B032-49BC-BF09-A9D80082E5AA,1 - DAYLIGHT,185010960,6 - ANGLE,02 - WET,3 - CURVE LEVEL,"2 - BLACKTOP, BITUMINOUS, ASPHALT",WINTON HILLS,D - DRIVER,4 - RAIN,45232
16XX RIVERSIDE DR,39.115101,84.486991,51-60,N/A,N/A,08/02/2018 08:30:00 AM +0000,01 - NOT AN INTERSECTION,3 - PROPERTY DAMAGE ONLY (PDO),3,08/02/2018 08:33:00 AM +0000,THU,F - FEMALE,1 - NO INJURY / NONE REPORTED,DEF4D027-8525-4522-8BB6-2DCF957456C3,1 - DAYLIGHT,185010744,2 - REAR-END,01 - DRY,1 - STRAIGHT LEVEL,"2 - BLACKTOP, BITUMINOUS, ASPHALT",N/A,D - DRIVER,1 - CLEAR,45202
55XX COLERAIN AV,39.17816,-84.56326,18-25,MOUNT AIRY,MOUNT AIRY,08/27/2018 08:53:00 AM +0000,01 - NOT AN INTERSECTION,3 - PROPERTY DAMAGE ONLY (PDO),3,08/27/2018 08:57:00 AM +0000,MON,M - MALE,1 - NO INJURY / NONE REPORTED,B0BDE7E5-F639-4AFE-95BE-A6DB47C88161,1 - DAYLIGHT,185011941,2 - REAR-END,01 - DRY,1 - STRAIGHT LEVEL,"2 - BLACKTOP, BITUMINOUS, ASPHALT",MT. AIRY,D - DRIVER,1 - CLEAR,45239
46XX SPRING GROVE AV,39.164411,84.522091,UNKNOWN,N/A,N/A,08/21/2018 08:01:00 PM +0000,03 - T-INTERSECTION,3 - PROPERTY DAMAGE ONLY (PDO),3,08/21/2018 08:07:00 PM +0000,TUE,,1 - NO INJURY / NONE REPORTED,5584F14B-C149-472E-B50E-90FFC2448706,1 - DAYLIGHT,185011700,"7 - SIDESWIPE, SAME DIRECTION",01 - DRY,3 - CURVE LEVEL,"2 - BLACKTOP, BITUMINOUS, ASPHALT",N/A,D - DRIVER,1 - CLEAR,45232
31XX WOODFORD RD,39.180631,84.427841,UNDER 18,N/A,N/A,08/12/2018 02:30:00 AM +0000,01 - NOT AN INTERSECTION,3 - PROPERTY DAMAGE ONLY (PDO),3,08/12/2018 02:36:00 AM +0000,SUN,F - FEMALE,1 - NO INJURY / NONE REPORTED,DD013C66-7C07-448F-97A3-68659E9D314A,4 - DARK - LIGHTED ROADWAY,185011201,5 - BACKING,01 - DRY,1 - STRAIGHT LEVEL,1 - CONCRETE,N/A,O - OCCUPANT,1 - CLEAR,45213
1XX E 12TH ST,39.109235,-84.513051,31-40,OTR,OVER-THE-RHINE,08/19/2018 01:55:00 AM +0000,02 - FOUR-WAY INTERSECTION,2 - INJURY,2,08/19/2018 02:01:00 AM +0000,SUN,F - FEMALE,1 - NO INJURY / NONE REPORTED,AC923228-A328-4533-AEF5-16505C8D5F6D,4 - DARK - LIGHTED ROADWAY,185011576,2 - REAR-END,01 - DRY,1 - STRAIGHT LEVEL,"2 - BLACKTOP, BITUMINOUS, ASPHALT",OVER-THE-RHINE,D - DRIVER,1 - CLEAR,45202
27XX SHAFFER AV,39.145137,-84.587504,UNKNOWN,WESTWOOD,WESTWOOD,08/05/2018 10:53:00 PM +0000,01 - NOT AN INTERSECTION,3 - PROPERTY DAMAGE ONLY (PDO),3,08/05/2018 10:55:00 PM +0000,SUN,,1 - NO INJURY / NONE REPORTED,D31BCA7C-FB66-4937-BFBD-F2A711584552,4 - DARK - LIGHTED ROADWAY,185010865,6 - ANGLE,01 - DRY,2 - STRAIGHT GRADE,"2 - BLACKTOP, BITUMINOUS, ASPHALT",WESTWOOD,D - DRIVER,1 - CLEAR,45211
12XX HOPPLE ST,39.137341,84.537161,UNKNOWN,N/A,N/A,08/04/2018 01:20:00 PM +0000,03 - T-INTERSECTION,3 - PROPERTY DAMAGE ONLY (PDO),3,08/04/2018 01:20:00 PM +0000,SAT,M - MALE,1 - NO INJURY / NONE REPORTED,0C418E46-E862-4931-B73B-49CB9F49C4E5,1 - DAYLIGHT,185010809,2 - REAR-END,01 - DRY,1 - STRAIGHT LEVEL,"2 - BLACKTOP, BITUMINOUS, ASPHALT",N/A,D - DRIVER,1 - CLEAR,45225
24XX VINE ST,39.217371,-84.474031,31-40,N/A,N/A,08/19/2018 03:30:00 PM +0000,01 - NOT AN INTERSECTION,3 - PROPERTY DAMAGE ONLY (PDO),3,08/19/2018 03:58:00 PM +0000,SUN,F - FEMALE,1 - NO INJURY / NONE REPORTED,0D3F1705-D241-4CA4-A2C5-BA12BBDD1B8A,1 - DAYLIGHT,185011589,"7 - SIDESWIPE, SAME DIRECTION",01 - DRY,2 - STRAIGHT GRADE,"2 - BLACKTOP, BITUMINOUS, ASPHALT",N/A,O - OCCUPANT,1 - CLEAR,45219
S I75 AT 0-2 MM,39.090835,84.521623,18-25,N/A,N/A,08/03/2018 10:33:00 AM +0000,01 - NOT AN INTERSECTION,3 - PROPERTY DAMAGE ONLY (PDO),3,08/03/2018 10:33:00 AM +0000,FRI,M - MALE,1 - NO INJURY / NONE REPORTED,D26E3C21-B41E-4F3E-BE65-1B24E7665178,1 - DAYLIGHT,185010746,6 - ANGLE,01 - DRY,1 - STRAIGHT LEVEL,"2 - BLACKTOP, BITUMINOUS, ASPHALT",N/A,D - DRIVER,1 - CLEAR,45202
28XX HARRISON AV,39.143568,84.592953,18-25,N/A,N/A,08/12/2018 11:44:00 AM +0000,01 - NOT AN INTERSECTION,3 - PROPERTY DAMAGE ONLY (PDO),3,08/12/2018 12:31:00 PM +0000,SUN,F - FEMALE,1 - NO INJURY / NONE REPORTED,CE788280-1720-48EB-AEFC-4896A1DE4ED7,1 - DAYLIGHT,185011207,"7 - SIDESWIPE, SAME DIRECTION",01 - DRY,1 - STRAIGHT LEVEL,"2 - BLACKTOP, BITUMINOUS, ASPHALT",N/A,D - DRIVER,1 - CLEAR,45211
5XX VINE ST,39.101022,84.513049,51-60,N/A,N/A,08/12/2018 09:10:00 AM +0000,01 - NOT AN INTERSECTION,3 - PROPERTY DAMAGE ONLY (PDO),3,08/12/2018 09:10:00 AM +0000,SUN,F - FEMALE,1 - NO INJURY / NONE REPORTED,F996B7CB-E986-4CB5-BF7A-AC8EEF5FAB0F,1 - DAYLIGHT,185011204,2 - REAR-END,01 - DRY,1 - STRAIGHT LEVEL,"2 - BLACKTOP, BITUMINOUS, ASPHALT",N/A,D - DRIVER,1 - CLEAR,45202
50XX COLERAIN AV,39.173833,84.561876,26-30,N/A,N/A,08/08/2018 08:00:00 AM +0000,01 - NOT AN INTERSECTION,3 - PROPERTY DAMAGE ONLY (PDO),3,08/08/2018 01:00:00 PM +0000,WED,M - MALE,1 - NO INJURY / NONE REPORTED,3C88AED5-5957-45EB-A61C-D0E14699C619,1 - DAYLIGHT,185011009,1 - NOT COLLISION BETWEEN TWO MOTOR VEHICLES IN TRANSPORT,02 - WET,4 - CURVE GRADE,"2 - BLACKTOP, BITUMINOUS, ASPHALT",N/A,D - DRIVER,2 - CLOUDY,45223
31XX WOODFORD RD,39.181671,84.426901,UNDER 18,N/A,N/A,08/12/2018 02:30:00 AM +0000,01 - NOT AN INTERSECTION,3 - PROPERTY DAMAGE ONLY (PDO),3,08/12/2018 02:36:00 AM +0000,SUN,F - FEMALE,1 - NO INJURY / NONE REPORTED,DD013C66-7C07-448F-97A3-68659E9D314A,4 - DARK - LIGHTED ROADWAY,185011201,5 - BACKING,01 - DRY,1 - STRAIGHT LEVEL,1 - CONCRETE,N/A,O - OCCUPANT,1 - CLEAR,45213
53XX MADISON RD,39.160001,84.403662,61-70,N/A,N/A,08/24/2018 01:30:00 PM +0000,01 - NOT AN INTERSECTION,3 - PROPERTY DAMAGE ONLY (PDO),3,08/24/2018 03:00:00 PM +0000,FRI,F - FEMALE,1 - NO INJURY / NONE REPORTED,E1160F7B-E33C-46A1-A652-6DC219817DFE,1 - DAYLIGHT,185011843,6 - ANGLE,01 - DRY,1 - STRAIGHT LEVEL,"2 - BLACKTOP, BITUMINOUS, ASPHALT",N/A,O - OCCUPANT,1 - CLEAR,45227
42XX WATTERSON ST,39.149061,84.388276,51-60,N/A,N/A,08/21/2018 09:34:00 AM +0000,01 - NOT AN INTERSECTION,3 - PROPERTY DAMAGE ONLY (PDO),3,08/21/2018 09:40:00 AM +0000,TUE,F - FEMALE,1 - NO INJURY / NONE REPORTED,CE9E0C82-49D8-45B2-A1A8-63A160799B29,1 - DAYLIGHT,185011673,5 - BACKING,01 - DRY,1 - STRAIGHT LEVEL,"2 - BLACKTOP, BITUMINOUS, ASPHALT",N/A,D - DRIVER,1 - CLEAR,45227
36XX GLENWAY AV,39.114626,-84.572885,31-40,EAST PRICE HILL,EAST PRICE HILL,08/08/2018 09:50:00 PM +0000,01 - NOT AN INTERSECTION,3 - PROPERTY DAMAGE ONLY (PDO),3,08/08/2018 09:51:00 PM +0000,WED,M - MALE,1 - NO INJURY / NONE REPORTED,F0945E8B-8324-40B4-AE2C-2BD1EE6CE61F,4 - DARK - LIGHTED ROADWAY,185011043,5 - BACKING,02 - WET,2 - STRAIGHT GRADE,"2 - BLACKTOP, BITUMINOUS, ASPHALT",EAST PRICE HILL,D - DRIVER,4 - RAIN,45205
N I71 AT 3-7 MM,39.133255,-84.494294,41-50,WALNUT HILLS,WALNUT HILLS,08/17/2018 09:18:00 PM +0000,01 - NOT AN INTERSECTION,3 - PROPERTY DAMAGE ONLY (PDO),3,08/17/2018 09:18:00 PM +0000,FRI,M - MALE,1 - NO INJURY / NONE REPORTED,45385A2C-E055-4B76-B8EF-21D919F693A6,4 - DARK - LIGHTED ROADWAY,185011525,1 - NOT COLLISION BETWEEN TWO MOTOR VEHICLES IN TRANSPORT,02 - WET,3 - CURVE LEVEL,"2 - BLACKTOP, BITUMINOUS, ASPHALT",WALNUT HILLS,D - DRIVER,1 - CLEAR,45202
17XX MAIN ST,39.114523,84.511451,UNDER 18,N/A,N/A,08/17/2018 09:06:00 AM +0000,04 - Y-INTERSECTION,3 - PROPERTY DAMAGE ONLY (PDO),3,08/17/2018 10:07:39 AM +0000,FRI,M - MALE,1 - NO INJURY / NONE REPORTED,4A5CFA01-3BA2-4CFD-BC4B-27985B35B7D7,1 - DAYLIGHT,185011477,1 - NOT COLLISION BETWEEN TWO MOTOR VEHICLES IN TRANSPORT,01 - DRY,4 - CURVE GRADE,"2 - BLACKTOP, BITUMINOUS, ASPHALT",N/A,O - OCCUPANT,2 - CLOUDY,45202
15XX HOLLYWOOD AV,39.207868,-84.543776,OVER 70,COLLEGE HILL,COLLEGE  HILL,08/16/2018 10:13:00 AM +0000,01 - NOT AN INTERSECTION,3 - PROPERTY DAMAGE ONLY (PDO),3,08/16/2018 10:20:00 AM +0000,THU,F - FEMALE,1 - NO INJURY / NONE REPORTED,7D65B883-1C17-4F19-A60E-69D203FA3FC2,1 - DAYLIGHT,185011413,2 - REAR-END,02 - WET,1 - STRAIGHT LEVEL,"2 - BLACKTOP, BITUMINOUS, ASPHALT",COLLEGE HILL,D - DRIVER,4 - RAIN,45224
W SR 562 AT 0-1,39.175006,84.473923,51-60,N/A,N/A,08/06/2018 02:37:48 PM +0000,01 - NOT AN INTERSECTION,3 - PROPERTY DAMAGE ONLY (PDO),3,08/06/2018 02:38:48 PM +0000,MON,M - MALE,1 - NO INJURY / NONE REPORTED,09F7939B-7DE0-4E63-AC4A-13EEDCF653FE,1 - DAYLIGHT,185010896,2 - REAR-END,02 - WET,1 - STRAIGHT LEVEL,1 - CONCRETE,N/A,D - DRIVER,4 - RAIN,45237
29XX MARSHALL AV,39.133921,84.525451,51-60,N/A,N/A,08/16/2018 07:46:00 AM +0000,02 - FOUR-WAY INTERSECTION,2 - INJURY,2,08/16/2018 07:46:00 AM +0000,THU,F - FEMALE,2 - POSSIBLE,DB78CC54-9151-49E5-BAB8-7D1F4DEED391,1 - DAYLIGHT,185011394,6 - ANGLE,02 - WET,2 - STRAIGHT GRADE,"2 - BLACKTOP, BITUMINOUS, ASPHALT",N/A,D - DRIVER,2 - CLOUDY,45220
2XX READING RD,39.129441,-84.498051,31-40,AVONDALE,AVONDALE,08/27/2018 10:15:00 AM +0000,01 - NOT AN INTERSECTION,3 - PROPERTY DAMAGE ONLY (PDO),3,08/27/2018 10:17:00 AM +0000,MON,M - MALE,1 - NO INJURY / NONE REPORTED,66040426-C503-46FE-AC07-8E5459B316B7,1 - DAYLIGHT,185011947,2 - REAR-END,01 - DRY,2 - STRAIGHT GRADE,"2 - BLACKTOP, BITUMINOUS, ASPHALT",AVONDALE,D - DRIVER,1 - CLEAR,45206
60XX MADISON RD,39.167397,-84.388675,26-30,N/A,N/A,08/16/2018 04:59:00 PM +0000,01 - NOT AN INTERSECTION,3 - PROPERTY DAMAGE ONLY (PDO),3,08/16/2018 05:01:00 PM +0000,THU,M - MALE,1 - NO INJURY / NONE REPORTED,09963B2D-A5AB-4990-B5C9-DA0940D865C7,1 - DAYLIGHT,185011439,1 - NOT COLLISION BETWEEN TWO MOTOR VEHICLES IN TRANSPORT,02 - WET,1 - STRAIGHT LEVEL,"2 - BLACKTOP, BITUMINOUS, ASPHALT",N/A,D - DRIVER,4 - RAIN,45227
19XX ELM ST,39.117021,-84.521166,61-70,OTR,OVER-THE-RHINE,08/09/2018 07:39:00 PM +0000,01 - NOT AN INTERSECTION,2 - INJURY,2,08/09/2018 07:39:00 PM +0000,THU,F - FEMALE,1 - NO INJURY / NONE REPORTED,1B46A812-312F-4D2E-B564-B5A8C5469DB6,1 - DAYLIGHT,185011075,3 - HEAD-ON,01 - DRY,1 - STRAIGHT LEVEL,1 - CONCRETE,OVER-THE-RHINE,D - DRIVER,1 - CLEAR,45202
25XX HIGHLAND AV,39.127061,-84.504236,51-60,MOUNT AUBURN,CORRYVILLE,08/21/2018 06:45:00 PM +0000,01 - NOT AN INTERSECTION,2 - INJURY,2,08/21/2018 06:45:00 PM +0000,TUE,F - FEMALE,3 - NON-INCAPACITATING,924C09AF-5EC2-4F1A-B036-576AE4581863,1 - DAYLIGHT,185011697,1 - NOT COLLISION BETWEEN TWO MOTOR VEHICLES IN TRANSPORT,01 - DRY,2 - STRAIGHT GRADE,"2 - BLACKTOP, BITUMINOUS, ASPHALT",CORRYVILLE,O - OCCUPANT,1 - CLEAR,45219
46XX SPRING GROVE AV,39.165689,-84.520935,41-50,SPRING GROVE VILLAGE,SPRING GROVE VILLAGE,08/05/2018 07:30:00 PM +0000,03 - T-INTERSECTION,3 - PROPERTY DAMAGE ONLY (PDO),3,08/05/2018 07:35:00 PM +0000,SUN,M - MALE,1 - NO INJURY / NONE REPORTED,26CEAE15-E286-4AF7-A3E3-C1033CE00BC0,1 - DAYLIGHT,185010903,6 - ANGLE,01 - DRY,1 - STRAIGHT LEVEL,"2 - BLACKTOP, BITUMINOUS, ASPHALT",SPRING GROVE VILLAGE,D - DRIVER,1 - CLEAR,45232
2XX MT ECHO PARK DR,39.095159,-84.565642,31-40,EAST PRICE HILL,EAST PRICE HILL,08/13/2018 08:00:00 PM +0000,01 - NOT AN INTERSECTION,3 - PROPERTY DAMAGE ONLY (PDO),3,08/13/2018 08:01:00 PM +0000,MON,M - MALE,1 - NO INJURY / NONE REPORTED,419A5AD7-6B9A-4AF3-9B81-5E766F687CEE,1 - DAYLIGHT,185011271,"8 - SIDESWIPE, OPPOSITE DIRECTION",01 - DRY,1 - STRAIGHT LEVEL,"2 - BLACKTOP, BITUMINOUS, ASPHALT",SEDAMSVILLE,O - OCCUPANT,1 - CLEAR,45204
X W MITCHELL AV,39.15941,84.50461,26-30,N/A,N/A,08/18/2018 01:40:00 PM +0000,02 - FOUR-WAY INTERSECTION,3 - PROPERTY DAMAGE ONLY (PDO),3,08/18/2018 02:13:00 PM +0000,SAT,F - FEMALE,1 - NO INJURY / NONE REPORTED,C5E7095B-8171-45A4-8E86-378F2456F7FD,1 - DAYLIGHT,185011550,2 - REAR-END,01 - DRY,2 - STRAIGHT GRADE,"2 - BLACKTOP, BITUMINOUS, ASPHALT",N/A,D - DRIVER,1 - CLEAR,45217
E NORWOOD LATERAL AT 0-1,39.174821,84.485491,26-30,N/A,N/A,08/22/2018 09:25:00 AM +0000,01 - NOT AN INTERSECTION,3 - PROPERTY DAMAGE ONLY (PDO),3,08/22/2018 09:25:00 AM +0000,WED,F - FEMALE,1 - NO INJURY / NONE REPORTED,7A3EBCBD-79A8-4E32-846A-80B5DFA553CF,1 - DAYLIGHT,185011717,"7 - SIDESWIPE, SAME DIRECTION",01 - DRY,1 - STRAIGHT LEVEL,"2 - BLACKTOP, BITUMINOUS, ASPHALT",N/A,D - DRIVER,1 - CLEAR,45237
17XX FIRST AV,39.106648,84.580512,31-40,N/A,N/A,08/23/2018 04:48:00 PM +0000,01 - NOT AN INTERSECTION,3 - PROPERTY DAMAGE ONLY (PDO),3,08/23/2018 05:21:00 PM +0000,THU,F - FEMALE,1 - NO INJURY / NONE REPORTED,C0B88E22-E247-47F8-96F2-1A997BC2BBA7,1 - DAYLIGHT,185011795,"7 - SIDESWIPE, SAME DIRECTION",01 - DRY,1 - STRAIGHT LEVEL,"2 - BLACKTOP, BITUMINOUS, ASPHALT",N/A,D - DRIVER,1 - CLEAR,45205
25XX HARRISON,39.142173,-84.585657,26-30,WESTWOOD,WESTWOOD,08/26/2018 05:15:00 PM +0000,01 - NOT AN INTERSECTION,3 - PROPERTY DAMAGE ONLY (PDO),3,08/26/2018 05:26:00 PM +0000,SUN,F - FEMALE,1 - NO INJURY / NONE REPORTED,067196A4-6A41-4009-B0FC-0646B8C48A77,1 - DAYLIGHT,185011930,"7 - SIDESWIPE, SAME DIRECTION",01 - DRY,1 - STRAIGHT LEVEL,"2 - BLACKTOP, BITUMINOUS, ASPHALT",WESTWOOD,D - DRIVER,1 - CLEAR,45211
47XX PADDOCK RD,39.173461,-84.477011,41-50,PADDOCK HILLS,BONDHILL,08/27/2018 03:18:00 PM +0000,01 - NOT AN INTERSECTION,2 - INJURY,2,08/27/2018 03:18:00 PM +0000,MON,M - MALE,3 - NON-INCAPACITATING,B56283DA-90F1-4432-8764-8F2A8BE55396,1 - DAYLIGHT,185011964,"7 - SIDESWIPE, SAME DIRECTION",01 - DRY,2 - STRAIGHT GRADE,"2 - BLACKTOP, BITUMINOUS, ASPHALT",BOND HILL,D - DRIVER,1 - CLEAR,45229
75XX VINE ST,39.199225,84.474781,61-70,N/A,N/A,08/16/2018 06:40:00 PM +0000,03 - T-INTERSECTION,3 - PROPERTY DAMAGE ONLY (PDO),3,08/16/2018 06:42:00 PM +0000,THU,F - FEMALE,1 - NO INJURY / NONE REPORTED,4BB49991-F1F3-468D-947A-E06EE050BE5E,1 - DAYLIGHT,185011447,6 - ANGLE,01 - DRY,1 - STRAIGHT LEVEL,"2 - BLACKTOP, BITUMINOUS, ASPHALT",N/A,D - DRIVER,2 - CLOUDY,45216
38XX BEECHMONT AV,39.139461,84.397584,31-40,N/A,N/A,08/08/2018 07:18:00 AM +0000,01 - NOT AN INTERSECTION,3 - PROPERTY DAMAGE ONLY (PDO),3,08/08/2018 04:02:25 PM +0000,WED,M - MALE,1 - NO INJURY / NONE REPORTED,D9EB6269-E88A-41CC-978D-E69E6CC0DB9F,1 - DAYLIGHT,185011017,2 - REAR-END,02 - WET,1 - STRAIGHT LEVEL,"2 - BLACKTOP, BITUMINOUS, ASPHALT",N/A,D - DRIVER,2 - CLOUDY,45226
N I75 AT 3-6 MM,39.148931,-84.538941,31-40,CAMP WASHINGTON,CAMP  WASHINGTON,08/16/2018 09:39:00 PM +0000,01 - NOT AN INTERSECTION,3 - PROPERTY DAMAGE ONLY (PDO),3,08/16/2018 09:39:00 PM +0000,THU,F - FEMALE,1 - NO INJURY / NONE REPORTED,9A75960A-4E47-4770-B854-73F5C8C17B70,4 - DARK - LIGHTED ROADWAY,185011458,"7 - SIDESWIPE, SAME DIRECTION",02 - WET,1 - STRAIGHT LEVEL,"2 - BLACKTOP, BITUMINOUS, ASPHALT",CAMP WASHINGTON,D - DRIVER,4 - RAIN,45211
XX E LIBERTY ST,39.113661,-84.514875,61-70,OTR,OVER-THE-RHINE,08/04/2018 08:56:00 AM +0000,02 - FOUR-WAY INTERSECTION,2 - INJURY,2,08/04/2018 09:10:00 AM +0000,SAT,M - MALE,1 - NO INJURY / NONE REPORTED,B08AD2F6-FE30-42CF-B565-E67C0926DE19,1 - DAYLIGHT,185010803,6 - ANGLE,01 - DRY,1 - STRAIGHT LEVEL,"2 - BLACKTOP, BITUMINOUS, ASPHALT",OVER-THE-RHINE,D - DRIVER,2 - CLOUDY,45202