ADDRESS_X,LATITUDE_X,LONGITUDE_X,AGE,COMMUNITY_COUNCIL_NEIGHBORHOOD,CPD_NEIGHBORHOOD,CRASHDATE,CRASHLOCATION,CRASHSEVERITY,CRASHSEVERITYID,DATECRASHREPORTED,DAYOFWEEK,GENDER,INJURIES,INSTANCEID,LIGHTCONDITIONSPRIMARY,LOCALREPORTNO,MANNEROFCRASH,ROADCONDITIONSPRIMARY,ROADCONTOUR,ROADSURFACE,SNA_NEIGHBORHOOD,TYPEOFPERSON,WEATHER,ZIP
31XX HARVEY AV,39.136539,-84.499784,UNDER 18,AVONDALE,AVONDALE,08/15/2018 12:35:00 PM +0000,10 - DRIVEWAY/ALLEY ACCESS,3 - PROPERTY DAMAGE ONLY (PDO),3,08/15/2018 12:35:00 PM +0000,WED,F - FEMALE,1 - NO INJURY / NONE REPORTED,821298F2-719F-4CCF-BB41-E5B015F7448C,1 - DAYLIGHT,185011347,6 - ANGLE,01 - DRY,1 - STRAIGHT LEVEL,"2 - BLACKTOP, BITUMINOUS, ASPHALT",AVONDALE,O - OCCUPANT,2 - CLOUDY,45229
14XX READING RD,39.112082,84.502686,51-60,N/A,N/A,08/22/2018 04:20:00 PM +0000,01 - NOT AN INTERSECTION,3 - PROPERTY DAMAGE ONLY (PDO),3,08/22/2018 04:25:00 PM +0000,WED,F - FEMALE,1 - NO INJURY / NONE REPORTED,1BA883BC-F9E0-4B32-B955-84961BD79074,1 - DAYLIGHT,185011744,2 - REAR-END,01 - DRY,1 - STRAIGHT LEVEL,"2 - BLACKTOP, BITUMINOUS, ASPHALT",N/A,D - DRIVER,1 - CLEAR,45202
28XX RIVER RD,39.090191,-84.565517,31-40,SEDAMSVILLE,SEDAMSVILLE,08/15/2018 03:50:00 PM +0000,01 - NOT AN INTERSECTION,3 - PROPERTY DAMAGE ONLY (PDO),3,08/15/2018 03:52:00 PM +0000,WED,F - FEMALE,1 - NO INJURY / NONE REPORTED,0BB6E1C3-DB43-442C-AA54-64EA41B7A5E7,1 - DAYLIGHT,185011369,"7 - SIDESWIPE, SAME DIRECTION",02 - WET,1 - STRAIGHT LEVEL,"2 - BLACKTOP, BITUMINOUS, ASPHALT",RIVERSIDE,D - DRIVER,4 - RAIN,45204
9XX COLUMBIA PY,0.00032,-0.00037,51-60,N/A,N/A,08/16/2018 11:29:00 AM +0000,01 - NOT AN INTERSECTION,2 - INJURY,2,08/16/2018 11:29:00 AM +0000,THU,M - MALE,2 - POSSIBLE,47F79259-F3F6-4666-BFAC-1C2C88D9BEAF,1 - DAYLIGHT,185011416,"7 - SIDESWIPE, SAME DIRECTION",02 - WET,3 - CURVE LEVEL,"2 - BLACKTOP, BITUMINOUS, ASPHALT",N/A,O - OCCUPANT,2 - CLOUDY,45202
40XX COLERAIN AV,39.159643,84.543646,OVER 70,N/A,N/A,08/19/2018 03:15:00 PM +0000,01 - NOT AN INTERSECTION,3 - PROPERTY DAMAGE ONLY (PDO),3,08/19/2018 03:17:00 PM +0000,SUN,M - MALE,1 - NO INJURY / NONE REPORTED,FC2671DF-726D-4A2E-971F-687D706FB976,1 - DAYLIGHT,185011596,6 - ANGLE,01 - DRY,2 - STRAIGHT GRADE,"2 - BLACKTOP, BITUMINOUS, ASPHALT",N/A,D - DRIVER,1 - CLEAR,45223
S I75 AT 0-9 MM,39.102529,84.525578,51-60,N/A,N/A,08/03/2018 05:45:00 PM +0000,04 - Y-INTERSECTION,3 - PROPERTY DAMAGE ONLY (PDO),3,08/03/2018 05:55:00 PM +0000,FRI,M - MALE,1 - NO INJURY / NONE REPORTED,82512F40-E981-4A00-975F-80DF662A3260,1 - DAYLIGHT,185010774,"7 - SIDESWIPE, SAME DIRECTION",01 - DRY,4 - CURVE GRADE,"2 - BLACKTOP, BITUMINOUS, ASPHALT",N/A,D - DRIVER,1 - CLEAR,45202
7XX W KING DR,39.139663,-84.52954,18-25,CLIFTON,CLIFTON,08/15/2018 08:30:00 AM +0000,10 - DRIVEWAY/ALLEY ACCESS,2 - INJURY,2,08/15/2018 08:35:00 AM +0000,WED,M - MALE,1 - NO INJURY / NONE REPORTED,D84ADB6B-138C-4F36-8CFE-1065A220FCDB,1 - DAYLIGHT,185011332,6 - ANGLE,01 - DRY,4 - CURVE GRADE,"2 - BLACKTOP, BITUMINOUS, ASPHALT",CLIFTON,D - DRIVER,1 - CLEAR,45220
20XX E SEYMOUR AV,39.184679,-84.456827,41-50,ROSELAWN,ROSELAWN,08/04/2018 03:58:00 PM +0000,01 - NOT AN INTERSECTION,3 - PROPERTY DAMAGE ONLY (PDO),3,08/04/2018 05:00:00 PM +0000,SAT,M - MALE,1 - NO INJURY / NONE REPORTED,A7A9336A-281F-4749-BD70-D31C578A47F8,1 - DAYLIGHT,185010824,"7 - SIDESWIPE, SAME DIRECTION",01 - DRY,1 - STRAIGHT LEVEL,"2 - BLACKTOP, BITUMINOUS, ASPHALT",ROSELAWN,D - DRIVER,1 - CLEAR,45216
8XX WINDHAM AV,39.143351,84.489706,31-40,N/A,N/A,08/17/2018 04:46:00 PM +0000,01 - NOT AN INTERSECTION,2 - INJURY,2,08/17/2018 04:51:00 PM +0000,FRI,F - FEMALE,2 - POSSIBLE,639251B7-36F0-406A-8593-0715DF2A885A,1 - DAYLIGHT,185011520,5 - BACKING,01 - DRY,2 - STRAIGHT GRADE,"2 - BLACKTOP, BITUMINOUS, ASPHALT",N/A,O - OCCUPANT,2 - CLOUDY,45229
39XX GLENWAY AV,39.113065,84.578885,18-25,N/A,N/A,08/14/2018 10:52:00 PM +0000,01 - NOT AN INTERSECTION,2 - INJURY,2,08/14/2018 10:52:00 PM +0000,TUE,M - MALE,2 - POSSIBLE,6FAB9D8E-7D5C-4AEE-8A83-53FB4B1D5A4D,4 - DARK - LIGHTED ROADWAY,185011326,1 - NOT COLLISION BETWEEN TWO MOTOR VEHICLES IN TRANSPORT,01 - DRY,1 - STRAIGHT LEVEL,"2 - BLACKTOP, BITUMINOUS, ASPHALT",N/A,D - DRIVER,1 - CLEAR,45205
XX W MCMILLAN AV,39.127856,84.513718,51-60,N/A,N/A,08/20/2018 03:45:00 PM +0000,01 - NOT AN INTERSECTION,3 - PROPERTY DAMAGE ONLY (PDO),3,08/20/2018 03:45:00 PM +0000,MON,F - FEMALE,1 - NO INJURY / NONE REPORTED,917349EE-135D-4624-83CC-6FFF53DE30D6,1 - DAYLIGHT,185011640,6 - ANGLE,01 - DRY,1 - STRAIGHT LEVEL,1 - CONCRETE,N/A,D - DRIVER,1 - CLEAR,45219
27XX W MCMICKEN AV,39.130351,-84.530741,61-70,CUF,CLIFTON/UNIVERSITY HEIGHTS,08/16/2018 07:10:00 AM +0000,02 - FOUR-WAY INTERSECTION,3 - PROPERTY DAMAGE ONLY (PDO),3,08/16/2018 07:13:00 AM +0000,THU,F - FEMALE,1 - NO INJURY / NONE REPORTED,41273377-B6B1-4D40-B420-1339248C6E9D,1 - DAYLIGHT,185011395,3 - HEAD-ON,02 - WET,1 - STRAIGHT LEVEL,"2 - BLACKTOP, BITUMINOUS, ASPHALT",CUF,D - DRIVER,4 - RAIN,45214
2XX FAIRBANKS AV,39.930221,84.573841,18-25,N/A,N/A,08/07/2018 07:45:00 AM +0000,01 - NOT AN INTERSECTION,3 - PROPERTY DAMAGE ONLY (PDO),3,08/07/2018 07:48:00 AM +0000,TUE,M - MALE,1 - NO INJURY / NONE REPORTED,A0578E0D-CC8E-4F7F-B561-01ED633F5A59,2 - DAWN,185010932,1 - NOT COLLISION BETWEEN TWO MOTOR VEHICLES IN TRANSPORT,02 - WET,4 - CURVE GRADE,"2 - BLACKTOP, BITUMINOUS, ASPHALT",N/A,D - DRIVER,4 - RAIN,45205
54XX MADISON RD,39.160766,84.399444,31-40,N/A,N/A,08/21/2018 09:30:00 AM +0000,01 - NOT AN INTERSECTION,3 - PROPERTY DAMAGE ONLY (PDO),3,08/21/2018 09:30:00 AM +0000,TUE,M - MALE,1 - NO INJURY / NONE REPORTED,08908561-91DF-464C-AFF9-6C4E714BDA74,1 - DAYLIGHT,185011668,2 - REAR-END,01 - DRY,1 - STRAIGHT LEVEL,"2 - BLACKTOP, BITUMINOUS, ASPHALT",N/A,D - DRIVER,1 - CLEAR,45227
5XX W 6TH ST,39.10182,84.521741,41-50,N/A,N/A,08/26/2018 03:20:00 PM +0000,01 - NOT AN INTERSECTION,3 - PROPERTY DAMAGE ONLY (PDO),3,08/26/2018 03:23:00 PM +0000,SUN,F - FEMALE,1 - NO INJURY / NONE REPORTED,2969429E-8E96-4A7A-A5A1-46A3E668AAF8,1 - DAYLIGHT,185011925,2 - REAR-END,01 - DRY,3 - CURVE LEVEL,1 - CONCRETE,N/A,D - DRIVER,1 - CLEAR,45203
9XX MCPHERSON AV,39.109074,84.570658,31-40,N/A,N/A,08/21/2018 11:43:00 AM +0000,02 - FOUR-WAY INTERSECTION,3 - PROPERTY DAMAGE ONLY (PDO),3,08/21/2018 11:45:00 AM +0000,TUE,M - MALE,1 - NO INJURY / NONE REPORTED,B7C2AF03-7030-472C-93FB-DC71C196FDAA,1 - DAYLIGHT,185011684,3 - HEAD-ON,01 - DRY,1 - STRAIGHT LEVEL,"2 - BLACKTOP, BITUMINOUS, ASPHALT",N/A,D - DRIVER,2 - CLOUDY,45205
33XX MCHENRY AV,39.146188,84.571661,31-40,N/A,N/A,08/03/2018 07:50:00 AM +0000,02 - FOUR-WAY INTERSECTION,3 - PROPERTY DAMAGE ONLY (PDO),3,08/03/2018 07:50:00 AM +0000,FRI,F - FEMALE,1 - NO INJURY / NONE REPORTED,ECA2BA9C-5836-4B18-BEC9-C8418516A01D,1 - DAYLIGHT,185010741,2 - REAR-END,01 - DRY,1 - STRAIGHT LEVEL,"2 - BLACKTOP, BITUMINOUS, ASPHALT",N/A,D - DRIVER,1 - CLEAR,45211
13XX SYCAMORE ST,39.11047,84.509476,31-40,N/A,N/A,08/21/2018 04:52:00 PM +0000,02 - FOUR-WAY INTERSECTION,3 - PROPERTY DAMAGE ONLY (PDO),3,08/21/2018 09:13:46 PM +0000,TUE,M - MALE,1 - NO INJURY / NONE REPORTED,3D1EFF2D-1081-413A-88C2-2D00EA6A7F71,1 - DAYLIGHT,185011703,1 - NOT COLLISION BETWEEN TWO MOTOR VEHICLES IN TRANSPORT,01 - DRY,1 - STRAIGHT LEVEL,"2 - BLACKTOP, BITUMINOUS, ASPHALT",N/A,D - DRIVER,1 - CLEAR,45202
39XX VINE ST,39.157077,-84.504252,51-60,AVONDALE - NORTH AVONDALE,NORTH AVONDALE,08/24/2018 08:30:00 AM +0000,01 - NOT AN INTERSECTION,3 - PROPERTY DAMAGE ONLY (PDO),3,08/24/2018 08:40:00 AM +0000,FRI,F - FEMALE,1 - NO INJURY / NONE REPORTED,4D242CE4-52FA-4EB0-A713-CD4D59E55477,1 - DAYLIGHT,185011820,2 - REAR-END,01 - DRY,1 - STRAIGHT LEVEL,1 - CONCRETE,AVONDALE,D - DRIVER,1 - CLEAR,45217
2XX W MITCHELL AV,39.165129,-84.512663,18-25,SPRING GROVE VILLAGE,SPRING GROVE VILLAGE,08/06/2018 12:59:00 PM +0000,02 - FOUR-WAY INTERSECTION,3 - PROPERTY DAMAGE ONLY (PDO),3,08/06/2018 01:01:00 PM +0000,MON,F - FEMALE,1 - NO INJURY / NONE REPORTED,DB2D109E-8555-4B0B-9784-A3711048DB02,1 - DAYLIGHT,185010882,6 - ANGLE,01 - DRY,1 - STRAIGHT LEVEL,"2 - BLACKTOP, BITUMINOUS, ASPHALT",SPRING GROVE VILLAGE,D - DRIVER,1 - CLEAR,45232
34XX BERRY AV,39.138418,84.449295,61-70,N/A,N/A,08/17/2018 08:20:38 AM +0000,03 - T-INTERSECTION,2 - INJURY,2,08/17/2018 09:25:59 AM +0000,FRI,M - MALE,1 - NO INJURY / NONE REPORTED,DA7B05B0-61E1-4055-82A9-E31B2943C337,1 - DAYLIGHT,185011475,1 - NOT COLLISION BETWEEN TWO MOTOR VEHICLES IN TRANSPORT,02 - WET,1 - STRAIGHT LEVEL,"2 - BLACKTOP, BITUMINOUS, ASPHALT",N/A,D - DRIVER,2 - CLOUDY,45208
W I74 AT 18-9 MM,39.161651,84.553809,26-30,N/A,N/A,08/08/2018 05:35:00 PM +0000,01 - NOT AN INTERSECTION,3 - PROPERTY DAMAGE ONLY (PDO),3,08/08/2018 06:40:00 PM +0000,WED,F - FEMALE,1 - NO INJURY / NONE REPORTED,390BB8D5-255A-4561-8566-1E680DB99D56,1 - DAYLIGHT,185011030,2 - REAR-END,01 - DRY,1 - STRAIGHT LEVEL,"2 - BLACKTOP, BITUMINOUS, ASPHALT",N/A,D - DRIVER,1 - CLEAR,45211
34XX ERIE AV,39.140967,84.420861,51-60,N/A,N/A,08/04/2018 03:00:00 PM +0000,03 - T-INTERSECTION,3 - PROPERTY DAMAGE ONLY (PDO),3,08/04/2018 03:02:00 PM +0000,SAT,M - MALE,1 - NO INJURY / NONE REPORTED,B102913A-FA2E-4A38-B560-BBAE70B9FBCD,1 - DAYLIGHT,185010817,2 - REAR-END,01 - DRY,1 - STRAIGHT LEVEL,1 - CONCRETE,N/A,D - DRIVER,1 - CLEAR,45208
S I75 AT 2-1 MM,39.238207,-84.451611,41-50,N/A,N/A,08/02/2018 10:20:00 AM +0000,01 - NOT AN INTERSECTION,3 - PROPERTY DAMAGE ONLY (PDO),3,08/02/2018 01:03:00 PM +0000,THU,M - MALE,1 - NO INJURY / NONE REPORTED,2A63BBB0-AD79-4141-A3B1-52D03447A9CD,1 - DAYLIGHT,185010698,1 - NOT COLLISION BETWEEN TWO MOTOR VEHICLES IN TRANSPORT,01 - DRY,1 - STRAIGHT LEVEL,"2 - BLACKTOP, BITUMINOUS, ASPHALT",N/A,D - DRIVER,1 - CLEAR,45202
21XX SPRING GROVE,39.121725,-84.535718,26-30,WEST END,QUEENSGATE,08/04/2018 04:00:00 PM +0000,01 - NOT AN INTERSECTION,3 - PROPERTY DAMAGE ONLY (PDO),3,08/04/2018 04:17:00 PM +0000,SAT,F - FEMALE,1 - NO INJURY / NONE REPORTED,8E1242D5-3C42-4617-847A-E3D782AD64FB,1 - DAYLIGHT,185010823,2 - REAR-END,01 - DRY,1 - STRAIGHT LEVEL,"2 - BLACKTOP, BITUMINOUS, ASPHALT",QUEENSGATE,D - DRIVER,1 - CLEAR,45214
8XX VINE ST,39.105829,84.514138,26-30,N/A,N/A,08/18/2018 10:40:03 PM +0000,02 - FOUR-WAY INTERSECTION,3 - PROPERTY DAMAGE ONLY (PDO),3,08/18/2018 10:43:12 PM +0000,SAT,M - MALE,1 - NO INJURY / NONE REPORTED,9E48F08E-5623-4A2F-8C7F-AC0869646352,4 - DARK - LIGHTED ROADWAY,185011565,2 - REAR-END,01 - DRY,1 - STRAIGHT LEVEL,1 - CONCRETE,N/A,D - DRIVER,2 - CLOUDY,45202
60XX BRAMBLE AV,39.150989,-84.392497,UNDER 18,MADISONVILLE,MADISONVILLE,08/12/2018 06:38:00 PM +0000,01 - NOT AN INTERSECTION,2 - INJURY,2,08/12/2018 06:38:00 PM +0000,SUN,M - MALE,4 - INCAPACITATING,4275F851-D8A3-429C-A887-C8F464C62AFC,1 - DAYLIGHT,185011227,3 - HEAD-ON,01 - DRY,1 - STRAIGHT LEVEL,"2 - BLACKTOP, BITUMINOUS, ASPHALT",MADISONVILLE,O - OCCUPANT,1 - CLEAR,45227
28XX WASSON RD,39.144624,84.438246,26-30,N/A,N/A,08/10/2018 11:05:00 AM +0000,02 - FOUR-WAY INTERSECTION,3 - PROPERTY DAMAGE ONLY (PDO),3,08/10/2018 11:40:00 AM +0000,FRI,M - MALE,1 - NO INJURY / NONE REPORTED,20B1FC74-BFA7-4B2A-9D12-18E708D1FD05,1 - DAYLIGHT,185011092,6 - ANGLE,01 - DRY,1 - STRAIGHT LEVEL,"2 - BLACKTOP, BITUMINOUS, ASPHALT",N/A,D - DRIVER,1 - CLEAR,45209
29XX BEEKMAN ST,39.139176,84.408444,41-50,N/A,N/A,08/21/2018 03:45:00 PM +0000,03 - T-INTERSECTION,3 - PROPERTY DAMAGE ONLY (PDO),3,08/22/2018 10:00:00 AM +0000,TUE,M - MALE,1 - NO INJURY / NONE REPORTED,94487449-480D-4E37-923E-FD803E3D7B38,1 - DAYLIGHT,185011721,6 - ANGLE,01 - DRY,1 - STRAIGHT LEVEL,1 - CONCRETE,N/A,D - DRIVER,1 - CLEAR,45225
32XX VINE ST,39.137491,84.508713,26-30,N/A,N/A,08/07/2018 06:00:00 PM +0000,02 - FOUR-WAY INTERSECTION,2 - INJURY,2,08/07/2018 06:03:00 PM +0000,TUE,F - FEMALE,3 - NON-INCAPACITATING,E73AADBA-14A6-4783-AA56-F519DDF25DAC,1 - DAYLIGHT,185010969,2 - REAR-END,02 - WET,2 - STRAIGHT GRADE,"2 - BLACKTOP, BITUMINOUS, ASPHALT",N/A,D - DRIVER,4 - RAIN,45220
71XX READING RD,39.189141,-84.462991,26-30,ROSELAWN,ROSELAWN,08/17/2018 05:08:17 AM +0000,01 - NOT AN INTERSECTION,3 - PROPERTY DAMAGE ONLY (PDO),3,08/17/2018 11:58:18 PM +0000,FRI,F - FEMALE,1 - NO INJURY / NONE REPORTED,D4A17D3C-2DE6-4AB7-AEFF-5D5514865739,4 - DARK - LIGHTED ROADWAY,185011531,2 - REAR-END,01 - DRY,4 - CURVE GRADE,1 - CONCRETE,ROSELAWN,D - DRIVER,1 - CLEAR,45237
6XX FAIRBANKS AV,39.38021,-74.55284,31-40,N/A,N/A,08/24/2018 06:30:00 PM +0000,04 - Y-INTERSECTION,3 - PROPERTY DAMAGE ONLY (PDO),3,08/24/2018 06:33:00 PM +0000,FRI,F - FEMALE,1 - NO INJURY / NONE REPORTED,E2BE93D3-C0D2-4A8B-934B-F4D5CECC5ABB,1 - DAYLIGHT,185011859,"7 - SIDESWIPE, SAME DIRECTION",01 - DRY,2 - STRAIGHT GRADE,"2 - BLACKTOP, BITUMINOUS, ASPHALT",N/A,D - DRIVER,1 - CLEAR,45205
23XX BEECHMONT AV,39.096674,84.388044,UNDER 18,N/A,N/A,08/04/2018 06:08:00 PM +0000,10 - DRIVEWAY/ALLEY ACCESS,3 - PROPERTY DAMAGE ONLY (PDO),3,08/04/2018 06:08:00 PM +0000,SAT,M - MALE,1 - NO INJURY / NONE REPORTED,4277175D-34EA-46EF-A9BE-6E835FF0DFB4,1 - DAYLIGHT,185010827,6 - ANGLE,02 - WET,2 - STRAIGHT GRADE,"2 - BLACKTOP, BITUMINOUS, ASPHALT",N/A,D - DRIVER,4 - RAIN,45230
27XX MONTANA,39.150963,84.589288,UNDER 18,N/A,N/A,08/24/2018 10:20:00 PM +0000,02 - FOUR-WAY INTERSECTION,3 - PROPERTY DAMAGE ONLY (PDO),3,08/24/2018 10:20:00 PM +0000,FRI,M - MALE,1 - NO INJURY / NONE REPORTED,12439454-1345-4C50-A826-950E1E49B22A,4 - DARK - LIGHTED ROADWAY,185011864,2 - REAR-END,01 - DRY,1 - STRAIGHT LEVEL,"2 - BLACKTOP, BITUMINOUS, ASPHALT",N/A,D - DRIVER,1 - CLEAR,45211
40XX GLENWAY AV,39.113921,84.580168,UNDER 18,N/A,N/A,08/22/2018 02:35:00 PM +0000,01 - NOT AN INTERSECTION,3 - PROPERTY DAMAGE ONLY (PDO),3,08/22/2018 02:35:00 PM +0000,WED,F - FEMALE,1 - NO INJURY / NONE REPORTED,C383B39E-D82E-4965-AB3A-B83E0766164A,1 - DAYLIGHT,185011731,2 - REAR-END,01 - DRY,1 - STRAIGHT LEVEL,"2 - BLACKTOP, BITUMINOUS, ASPHALT",N/A,D - DRIVER,1 - CLEAR,45205
11XX VINE ST,39.107468,84.515381,31-40,N/A,N/A,08/11/2018 10:46:00 AM +0000,02 - FOUR-WAY INTERSECTION,2 - INJURY,2,08/11/2018 10:46:00 AM +0000,SAT,F - FEMALE,2 - POSSIBLE,78FB245F-FBB1-4225-8F8D-73A2E8C466A7,1 - DAYLIGHT,185011167,2 - REAR-END,01 - DRY,1 - STRAIGHT LEVEL,"2 - BLACKTOP, BITUMINOUS, ASPHALT",N/A,O - OCCUPANT,1 - CLEAR,45202
8XX FAIRBANKS AV,39.108004,84.568566,UNKNOWN,N/A,N/A,08/19/2018 03:50:00 PM +0000,01 - NOT AN INTERSECTION,3 - PROPERTY DAMAGE ONLY (PDO),3,08/19/2018 03:51:00 PM +0000,SUN,,1 - NO INJURY / NONE REPORTED,0A45B8B8-E12F-40BD-8A97-B61EDDD404FA,1 - DAYLIGHT,185011595,"7 - SIDESWIPE, SAME DIRECTION",01 - DRY,1 - STRAIGHT LEVEL,"2 - BLACKTOP, BITUMINOUS, ASPHALT",N/A,D - DRIVER,1 - CLEAR,45205
24XX W NORTH BEND RD,39.191413,-84.568793,51-60,MOUNT AIRY,MOUNT AIRY,08/12/2018 03:31:00 PM +0000,01 - NOT AN INTERSECTION,2 - INJURY,2,08/12/2018 04:40:00 PM +0000,SUN,M - MALE,3 - NON-INCAPACITATING,BBB31816-9645-4481-ABFE-894880E1D319,1 - DAYLIGHT,185011215,2 - REAR-END,02 - WET,3 - CURVE LEVEL,1 - CONCRETE,MT. AIRY,D - DRIVER,4 - RAIN,45239
1XX W KING DR,39.134771,-84.514773,41-50,CORRYVILLE - HEIGHTS,CLIFTON/UNIVERSITY HEIGHTS,08/21/2018 07:34:00 AM +0000,02 - FOUR-WAY INTERSECTION,2 - INJURY,2,08/21/2018 07:36:00 AM +0000,TUE,F - FEMALE,1 - NO INJURY / NONE REPORTED,32273D3E-F28B-4E95-9355-EF69B99331C8,1 - DAYLIGHT,185011676,6 - ANGLE,01 - DRY,1 - STRAIGHT LEVEL,"2 - BLACKTOP, BITUMINOUS, ASPHALT",CUF,D - DRIVER,2 - CLOUDY,45220
6XX LUDLOW AV,39.146485,-84.527864,18-25,CLIFTON,CLIFTON,08/13/2018 04:55:00 PM +0000,01 - NOT AN INTERSECTION,3 - PROPERTY DAMAGE ONLY (PDO),3,08/13/2018 05:22:00 PM +0000,MON,F - FEMALE,1 - NO INJURY / NONE REPORTED,0883C376-1B1D-4AB9-A3B3-D86805A5E57A,1 - DAYLIGHT,185011262,2 - REAR-END,01 - DRY,2 - STRAIGHT GRADE,"2 - BLACKTOP, BITUMINOUS, ASPHALT",CLIFTON,D - DRIVER,1 - CLEAR,45220
42XX SPRING GROVE AV,39.160009,-84.530174,18-25,NORTHSIDE,NORTHSIDE,08/03/2018 01:56:00 AM +0000,01 - NOT AN INTERSECTION,3 - PROPERTY DAMAGE ONLY (PDO),3,08/03/2018 02:11:00 AM +0000,FRI,F - FEMALE,1 - NO INJURY / NONE REPORTED,CCF5CD32-E20D-409B-97FB-BAA9BC7681EA,6 - DARK – UNKNOWN ROADWAY LIGHTING,185010733,3 - HEAD-ON,01 - DRY,1 - STRAIGHT LEVEL,"2 - BLACKTOP, BITUMINOUS, ASPHALT",NORTHSIDE,D - DRIVER,1 - CLEAR,45223
N I75 AT 4-4 MM,39.153255,-84.539457,51-60,NORTHSIDE,CAMP  WASHINGTON,08/07/2018 04:00:00 AM +0000,01 - NOT AN INTERSECTION,3 - PROPERTY DAMAGE ONLY (PDO),3,08/07/2018 04:11:00 AM +0000,TUE,M - MALE,1 - NO INJURY / NONE REPORTED,1A02E363-B7B7-4A98-91B9-51E03383441C,4 - DARK - LIGHTED ROADWAY,185010922,6 - ANGLE,02 - WET,3 - CURVE LEVEL,1 - CONCRETE,CAMP WASHINGTON,D - DRIVER,4 - RAIN,45211
8XX E KING DR,39.13498,-84.491295,41-50,WALNUT HILLS,WALNUT HILLS,08/15/2018 11:57:00 PM +0000,03 - T-INTERSECTION,3 - PROPERTY DAMAGE ONLY (PDO),3,08/15/2018 11:57:00 PM +0000,WED,M - MALE,1 - NO INJURY / NONE REPORTED,54B181A5-7502-431A-BD55-90F0E644EE7E,4 - DARK - LIGHTED ROADWAY,185011387,2 - REAR-END,02 - WET,1 - STRAIGHT LEVEL,"2 - BLACKTOP, BITUMINOUS, ASPHALT",WALNUT HILLS,D - DRIVER,1 - CLEAR,45229
31XX WOODFORD RD,39.181901,84.428061,UNDER 18,N/A,N/A,08/12/2018 02:30:00 AM +0000,01 - NOT AN INTERSECTION,3 - PROPERTY DAMAGE ONLY (PDO),3,08/12/2018 02:36:00 AM +0000,SUN,M - MALE,1 - NO INJURY / NONE REPORTED,DD013C66-7C07-448F-97A3-68659E9D314A,4 - DARK - LIGHTED ROADWAY,185011201,5 - BACKING,01 - DRY,1 - STRAIGHT LEVEL,1 - CONCRETE,N/A,O - OCCUPANT,1 - CLEAR,45213
24XX AUBURN AV,39.126077,-84.508061,OVER 70,MOUNT AUBURN,MOUNT  AUBURN,08/07/2018 02:00:00 PM +0000,02 - FOUR-WAY INTERSECTION,3 - PROPERTY DAMAGE ONLY (PDO),3,08/07/2018 02:10:00 PM +0000,TUE,M - MALE,1 - NO INJURY / NONE REPORTED,41EFB513-A59D-465D-AD18-A0D74ACC23EE,1 - DAYLIGHT,185010953,6 - ANGLE,01 - DRY,2 - STRAIGHT GRADE,1 - CONCRETE,MT. AUBURN,D - DRIVER,1 - CLEAR,45219
3XX W 3RD ST,39.098504,84.516897,26-30,N/A,N/A,08/03/2018 11:28:00 AM +0000,01 - NOT AN INTERSECTION,3 - PROPERTY DAMAGE ONLY (PDO),3,08/03/2018 11:30:00 AM +0000,FRI,F - FEMALE,1 - NO INJURY / NONE REPORTED,E526A2A0-3356-4559-BEFC-AFABE6FD6503,1 - DAYLIGHT,185010748,2 - REAR-END,01 - DRY,1 - STRAIGHT LEVEL,"2 - BLACKTOP, BITUMINOUS, ASPHALT",N/A,D - DRIVER,1 - CLEAR,45202
35XX MCHENRY AV,39.153191,84.563605,31-40,N/A,N/A,08/20/2018 02:27:00 AM +0000,01 - NOT AN INTERSECTION,2 - INJURY,2,08/20/2018 02:31:00 AM +0000,MON,F - FEMALE,3 - NON-INCAPACITATING,420E40C5-7B91-4EFF-B562-E02605DC0DF3,4 - DARK - LIGHTED ROADWAY,185011611,1 - NOT COLLISION BETWEEN TWO MOTOR VEHICLES IN TRANSPORT,01 - DRY,3 - CURVE LEVEL,"2 - BLACKTOP, BITUMINOUS, ASPHALT",N/A,D - DRIVER,1 - CLEAR,45225
8XX LINCOLN AV,39.13251,-84.491988,26-30,WALNUT HILLS,WALNUT HILLS,08/03/2018 09:52:00 AM +0000,02 - FOUR-WAY INTERSECTION,3 - PROPERTY DAMAGE ONLY (PDO),3,08/03/2018 09:52:00 AM +0000,FRI,M - MALE,1 - NO INJURY / NONE REPORTED,97543C35-0472-4199-BB5C-95584A8658CD,1 - DAYLIGHT,185010759,2 - REAR-END,01 - DRY,1 - STRAIGHT LEVEL,"2 - BLACKTOP, BITUMINOUS, ASPHALT",WALNUT HILLS,D - DRIVER,1 - CLEAR,45206
N I75 AT 6-4 MM,39.167751,-84.509006,OVER 70,SPRING GROVE VILLAGE,SPRING GROVE VILLAGE,08/15/2018 03:43:00 PM +0000,01 - NOT AN INTERSECTION,3 - PROPERTY DAMAGE ONLY (PDO),3,08/15/2018 03:44:00 PM +0000,WED,F - FEMALE,1 - NO INJURY / NONE REPORTED,89F759AE-B63D-45E8-AFC4-342CE5643D7B,1 - DAYLIGHT,185011355,1 - NOT COLLISION BETWEEN TWO MOTOR VEHICLES IN TRANSPORT,02 - WET,4 - CURVE GRADE,"2 - BLACKTOP, BITUMINOUS, ASPHALT",SPRING GROVE VILLAGE,D - DRIVER,4 - RAIN,45232