ADDRESS_X,LATITUDE_X,LONGITUDE_X,AGE,COMMUNITY_COUNCIL_NEIGHBORHOOD,CPD_NEIGHBORHOOD,CRASHDATE,CRASHLOCATION,CRASHSEVERITY,CRASHSEVERITYID,DATECRASHREPORTED,DAYOFWEEK,GENDER,INJURIES,INSTANCEID,LIGHTCONDITIONSPRIMARY,LOCALREPORTNO,MANNEROFCRASH,ROADCONDITIONSPRIMARY,ROADCONTOUR,ROADSURFACE,SNA_NEIGHBORHOOD,TYPEOFPERSON,WEATHER,ZIP
79XX VINE ST,39.205258,-84.474368,31-40,HARTWELL,HARTWELL,08/03/2018 09:10:00 AM +0000,01 - NOT AN INTERSECTION,2 - INJURY,2,08/03/2018 09:11:00 AM +0000,FRI,F - FEMALE,4 - INCAPACITATING,7B32E743-D014-495D-A8FA-E6532BA9F15D,1 - DAYLIGHT,185010758,1 - NOT COLLISION BETWEEN TWO MOTOR VEHICLES IN TRANSPORT,01 - DRY,1 - STRAIGHT LEVEL,"2 - BLACKTOP, BITUMINOUS, ASPHALT",HARTWELL,D - DRIVER,1 - CLEAR,45216
S I75 AT 3-2 MM,39.135491,84.533396,18-25,N/A,N/A,08/06/2018 12:32:00 PM +0000,01 - NOT AN INTERSECTION,3 - PROPERTY DAMAGE ONLY (PDO),3,08/06/2018 12:34:00 PM +0000,MON,F - FEMALE,1 - NO INJURY / NONE REPORTED,55F5020C-876C-43E4-B316-D08FA5E9DF7F,1 - DAYLIGHT,185010875,"7 - SIDESWIPE, SAME DIRECTION",01 - DRY,1 - STRAIGHT LEVEL,1 - CONCRETE,N/A,D - DRIVER,1 - CLEAR,45214
74XX READING,39.197927,-84.458925,41-50,ROSELAWN,ROSELAWN,08/03/2018 10:54:42 PM +0000,02 - FOUR-WAY INTERSECTION,3 - PROPERTY DAMAGE ONLY (PDO),3,08/03/2018 10:56:24 PM +0000,FRI,F - FEMALE,1 - NO INJURY / NONE REPORTED,A46E3967-5486-4688-B8E0-9910252E6AAD,4 - DARK - LIGHTED ROADWAY,185010792,3 - HEAD-ON,01 - DRY,1 - STRAIGHT LEVEL,"2 - BLACKTOP, BITUMINOUS, ASPHALT",ROSELAWN,D - DRIVER,1 - CLEAR,45237
48XX SPRING GROVE AV,39.167151,84.512748,51-60,N/A,N/A,08/13/2018 05:25:00 PM +0000,01 - NOT AN INTERSECTION,2 - INJURY,2,08/13/2018 05:27:00 PM +0000,MON,M - MALE,2 - POSSIBLE,D20736F8-E0AD-43B4-AC5B-2A668D9AFA8A,1 - DAYLIGHT,185011269,2 - REAR-END,01 - DRY,1 - STRAIGHT LEVEL,"2 - BLACKTOP, BITUMINOUS, ASPHALT",N/A,D - DRIVER,1 - CLEAR,45232
N I71 AT 2-8 MM,39.120266,84.498618,31-40,N/A,N/A,08/07/2018 05:00:00 AM +0000,01 - NOT AN INTERSECTION,2 - INJURY,2,08/07/2018 05:03:00 AM +0000,TUE,M - MALE,2 - POSSIBLE,367BF5A6-AD3C-472C-BD0B-B7A4D5324819,4 - DARK - LIGHTED ROADWAY,185010921,1 - NOT COLLISION BETWEEN TWO MOTOR VEHICLES IN TRANSPORT,02 - WET,1 - STRAIGHT LEVEL,"2 - BLACKTOP, BITUMINOUS, ASPHALT",N/A,D - DRIVER,4 - RAIN,45206
5XX E LIBERTY ST,39.111655,-84.502576,31-40,MOUNT AUBURN - WALNUT HILLS,C. B. D. / RIVERFRONT,08/15/2018 05:05:00 PM +0000,03 - T-INTERSECTION,3 - PROPERTY DAMAGE ONLY (PDO),3,08/15/2018 05:07:00 PM +0000,WED,M - MALE,1 - NO INJURY / NONE REPORTED,A35F9706-3762-4FE8-8789-A08424D720EA,1 - DAYLIGHT,185011365,2 - REAR-END,02 - WET,1 - STRAIGHT LEVEL,"2 - BLACKTOP, BITUMINOUS, ASPHALT",PENDLETON,D - DRIVER,4 - RAIN,45202
17XX MAIN ST,39.114993,84.511511,UNDER 18,N/A,N/A,08/17/2018 09:06:00 AM +0000,04 - Y-INTERSECTION,3 - PROPERTY DAMAGE ONLY (PDO),3,08/17/2018 10:07:39 AM +0000,FRI,M - MALE,1 - NO INJURY / NONE REPORTED,4A5CFA01-3BA2-4CFD-BC4B-27985B35B7D7,1 - DAYLIGHT,185011477,1 - NOT COLLISION BETWEEN TWO MOTOR VEHICLES IN TRANSPORT,01 - DRY,4 - CURVE GRADE,"2 - BLACKTOP, BITUMINOUS, ASPHALT",N/A,O - OCCUPANT,2 - CLOUDY,45202
39XX MARBURG AV,39.151282,84.421627,31-40,N/A,N/A,08/07/2018 02:40:00 PM +0000,03 - T-INTERSECTION,2 - INJURY,2,08/07/2018 02:41:00 PM +0000,TUE,M - MALE,1 - NO INJURY / NONE REPORTED,D4876677-FBCD-4618-9259-22A5F879EDE2,1 - DAYLIGHT,185010955,2 - REAR-END,01 - DRY,2 - STRAIGHT GRADE,"2 - BLACKTOP, BITUMINOUS, ASPHALT",N/A,D - DRIVER,1 - CLEAR,45209
18XX CHASE AV,39.165751,84.551726,UNKNOWN,N/A,N/A,08/16/2018 11:20:00 PM +0000,02 - FOUR-WAY INTERSECTION,3 - PROPERTY DAMAGE ONLY (PDO),3,08/16/2018 11:20:00 PM +0000,THU,,1 - NO INJURY / NONE REPORTED,803DC71E-9E95-4C55-BFF9-D0109BFDD5D4,4 - DARK - LIGHTED ROADWAY,185011466,3 - HEAD-ON,02 - WET,1 - STRAIGHT LEVEL,"2 - BLACKTOP, BITUMINOUS, ASPHALT",N/A,D - DRIVER,4 - RAIN,45223
2XX W MITCHELL AV,39.164818,-84.510543,26-30,SPRING GROVE VILLAGE,SPRING GROVE VILLAGE,08/22/2018 04:04:00 PM +0000,01 - NOT AN INTERSECTION,3 - PROPERTY DAMAGE ONLY (PDO),3,08/22/2018 04:20:00 PM +0000,WED,F - FEMALE,1 - NO INJURY / NONE REPORTED,01312E36-8455-4E3A-A8C0-DFA45F288E16,1 - DAYLIGHT,185011755,"7 - SIDESWIPE, SAME DIRECTION",01 - DRY,1 - STRAIGHT LEVEL,"2 - BLACKTOP, BITUMINOUS, ASPHALT",SPRING GROVE VILLAGE,D - DRIVER,1 - CLEAR,45232
22XX HARRISON AV,39.134781,84.574938,18-25,N/A,N/A,08/19/2018 06:00:00 PM +0000,01 - NOT AN INTERSECTION,3 - PROPERTY DAMAGE ONLY (PDO),3,08/19/2018 06:10:00 PM +0000,SUN,F - FEMALE,1 - NO INJURY / NONE REPORTED,91A5CC38-D709-4553-8DDB-CF9F6D294228,1 - DAYLIGHT,185011599,6 - ANGLE,01 - DRY,1 - STRAIGHT LEVEL,"2 - BLACKTOP, BITUMINOUS, ASPHALT",N/A,D - DRIVER,1 - CLEAR,45211
S I71 AT 2-6 MM,39.120206,-84.498806,51-60,WALNUT HILLS,WALNUT HILLS,08/16/2018 03:55:00 PM +0000,01 - NOT AN INTERSECTION,3 - PROPERTY DAMAGE ONLY (PDO),3,08/16/2018 03:56:00 PM +0000,THU,F - FEMALE,1 - NO INJURY / NONE REPORTED,9C716A87-922D-457F-8078-B9E6B7DD7F81,1 - DAYLIGHT,185011434,2 - REAR-END,01 - DRY,2 - STRAIGHT GRADE,"2 - BLACKTOP, BITUMINOUS, ASPHALT",WALNUT HILLS,D - DRIVER,2 - CLOUDY,45219
21XX GEST ST,39.107552,-84.552241,18-25,LOWER PRICE HILL,LOWER PRICE  HILL,08/09/2018 06:30:00 PM +0000,02 - FOUR-WAY INTERSECTION,2 - INJURY,2,08/09/2018 06:34:00 PM +0000,THU,F - FEMALE,1 - NO INJURY / NONE REPORTED,23D41CF2-CC65-4B46-8D5D-D40247935579,1 - DAYLIGHT,185011072,6 - ANGLE,01 - DRY,1 - STRAIGHT LEVEL,"2 - BLACKTOP, BITUMINOUS, ASPHALT",LOWER PRICE HILL,D - DRIVER,1 - CLEAR,45204
11XX CARNEY ST,39.109218,-84.495665,18-25,MOUNT ADAMS,MOUNT  ADAMS,08/16/2018 11:26:00 PM +0000,01 - NOT AN INTERSECTION,3 - PROPERTY DAMAGE ONLY (PDO),3,08/16/2018 11:26:00 PM +0000,THU,F - FEMALE,1 - NO INJURY / NONE REPORTED,1D327AA7-EB18-4E14-9ABB-932451A9F558,4 - DARK - LIGHTED ROADWAY,185011459,3 - HEAD-ON,02 - WET,2 - STRAIGHT GRADE,1 - CONCRETE,MT. ADAMS,D - DRIVER,4 - RAIN,45202
73XX PADDOCK RD,39.193613,-84.474795,51-60,ROSELAWN,ROSELAWN,08/22/2018 08:38:00 AM +0000,01 - NOT AN INTERSECTION,2 - INJURY,2,08/22/2018 08:41:00 AM +0000,WED,M - MALE,1 - NO INJURY / NONE REPORTED,9D283018-204B-4795-8931-1302629034C1,1 - DAYLIGHT,185011730,2 - REAR-END,01 - DRY,1 - STRAIGHT LEVEL,"2 - BLACKTOP, BITUMINOUS, ASPHALT",ROSELAWN,D - DRIVER,1 - CLEAR,45216
36XX SHAW AV,39.142536,84.440387,UNDER 18,N/A,N/A,08/13/2018 06:15:00 PM +0000,01 - NOT AN INTERSECTION,3 - PROPERTY DAMAGE ONLY (PDO),3,08/13/2018 06:16:00 PM +0000,MON,F - FEMALE,1 - NO INJURY / NONE REPORTED,4A82069C-8182-486E-A949-C4CB0E4D55C4,1 - DAYLIGHT,185011266,"7 - SIDESWIPE, SAME DIRECTION",01 - DRY,1 - STRAIGHT LEVEL,"2 - BLACKTOP, BITUMINOUS, ASPHALT",N/A,D - DRIVER,1 - CLEAR,45208
N I75 AT 8-1 MM,39.138771,-84.484285,41-50,WALNUT HILLS,WALNUT HILLS,08/14/2018 06:03:00 PM +0000,01 - NOT AN INTERSECTION,3 - PROPERTY DAMAGE ONLY (PDO),3,08/14/2018 06:04:00 PM +0000,TUE,F - FEMALE,1 - NO INJURY / NONE REPORTED,8614FFE3-E5A0-45A5-B6A8-F570C1D3F15B,1 - DAYLIGHT,185011313,"7 - SIDESWIPE, SAME DIRECTION",01 - DRY,1 - STRAIGHT LEVEL,"2 - BLACKTOP, BITUMINOUS, ASPHALT",WALNUT HILLS,D - DRIVER,2 - CLOUDY,45237
19XX HARRISON AV,39.120841,84.532481,18-25,N/A,N/A,08/03/2018 05:13:00 PM +0000,02 - FOUR-WAY INTERSECTION,2 - INJURY,2,08/03/2018 05:13:00 PM +0000,FRI,F - FEMALE,2 - POSSIBLE,F1F49363-3A51-4DEE-8CEB-61E806642D7B,1 - DAYLIGHT,185010775,6 - ANGLE,01 - DRY,4 - CURVE GRADE,"2 - BLACKTOP, BITUMINOUS, ASPHALT",N/A,O - OCCUPANT,1 - CLEAR,45214
28XX JEFFERSON AV,39.132801,-84.511708,61-70,CORRYVILLE - HEIGHTS,CLIFTON/UNIVERSITY HEIGHTS,08/10/2018 10:59:00 PM +0000,02 - FOUR-WAY INTERSECTION,2 - INJURY,2,08/10/2018 10:59:00 PM +0000,FRI,F - FEMALE,3 - NON-INCAPACITATING,3AC9F487-D910-4B84-B501-0EAB0B025DAD,4 - DARK - LIGHTED ROADWAY,185011137,6 - ANGLE,01 - DRY,1 - STRAIGHT LEVEL,"2 - BLACKTOP, BITUMINOUS, ASPHALT",CUF,D - DRIVER,2 - CLOUDY,45221
26XX CLIFTON AV,39.13024,-84.5219,18-25,CUF - HEIGHTS,CLIFTON/UNIVERSITY HEIGHTS,08/21/2018 08:55:54 AM +0000,01 - NOT AN INTERSECTION,3 - PROPERTY DAMAGE ONLY (PDO),3,08/21/2018 09:00:04 AM +0000,TUE,M - MALE,1 - NO INJURY / NONE REPORTED,23887CA4-6DD0-47A1-A2F5-4CF81E1425D5,1 - DAYLIGHT,185011669,1 - NOT COLLISION BETWEEN TWO MOTOR VEHICLES IN TRANSPORT,01 - DRY,4 - CURVE GRADE,1 - CONCRETE,CUF,D - DRIVER,1 - CLEAR,45232
N I71 AT 1-3 MM,39.100801,84.503633,51-60,N/A,N/A,08/16/2018 08:05:00 AM +0000,01 - NOT AN INTERSECTION,3 - PROPERTY DAMAGE ONLY (PDO),3,08/16/2018 08:09:00 AM +0000,THU,M - MALE,1 - NO INJURY / NONE REPORTED,2DC40AFE-6585-42F7-BE2B-A0EC609391C4,1 - DAYLIGHT,185011396,6 - ANGLE,02 - WET,4 - CURVE GRADE,1 - CONCRETE,N/A,D - DRIVER,4 - RAIN,45202
1XX W MCMILLAN ST,39.127631,84.517121,31-40,N/A,N/A,08/27/2018 06:58:00 AM +0000,01 - NOT AN INTERSECTION,3 - PROPERTY DAMAGE ONLY (PDO),3,08/27/2018 07:00:00 AM +0000,MON,F - FEMALE,1 - NO INJURY / NONE REPORTED,9F8C452D-678A-41F2-B9E2-8C79C8C19124,1 - DAYLIGHT,185011944,"7 - SIDESWIPE, SAME DIRECTION",01 - DRY,1 - STRAIGHT LEVEL,"2 - BLACKTOP, BITUMINOUS, ASPHALT",N/A,D - DRIVER,1 - CLEAR,45219
10XX SYCAMORE ST,39.108113,84.508638,18-25,N/A,N/A,08/14/2018 09:00:00 AM +0000,01 - NOT AN INTERSECTION,3 - PROPERTY DAMAGE ONLY (PDO),3,08/14/2018 09:00:00 AM +0000,TUE,M - MALE,1 - NO INJURY / NONE REPORTED,BCD4D82A-2BD9-45E7-88A7-DAF688B74F2F,1 - DAYLIGHT,185011288,5 - BACKING,01 - DRY,1 - STRAIGHT LEVEL,"2 - BLACKTOP, BITUMINOUS, ASPHALT",N/A,D - DRIVER,1 - CLEAR,45202
3XX OAK ST,39.131514,-84.501891,UNKNOWN,CORRYVILLE,CORRYVILLE,08/23/2018 07:00:00 AM +0000,01 - NOT AN INTERSECTION,3 - PROPERTY DAMAGE ONLY (PDO),3,08/23/2018 01:00:00 PM +0000,THU,,1 - NO INJURY / NONE REPORTED,3186F666-0B75-4B8F-BA80-CE990714BA83,9 - UNKNOWN,185011778,9 - UNKNOWN,01 - DRY,1 - STRAIGHT LEVEL,1 - CONCRETE,CORRYVILLE,D - DRIVER,9 - OTHER/UNKNOWN,45219
35XX COLUMBIA PY,39.13485,84.40542,18-25,N/A,N/A,08/25/2018 10:45:00 AM +0000,10 - DRIVEWAY/ALLEY ACCESS,3 - PROPERTY DAMAGE ONLY (PDO),3,08/25/2018 10:45:00 AM +0000,SAT,F - FEMALE,1 - NO INJURY / NONE REPORTED,217D1333-5800-4AAF-89FD-B0E4C1E045AF,1 - DAYLIGHT,185011869,5 - BACKING,01 - DRY,2 - STRAIGHT GRADE,"2 - BLACKTOP, BITUMINOUS, ASPHALT",N/A,D - DRIVER,2 - CLOUDY,45226
22XX DANA AV,39.146549,84.457489,31-40,N/A,N/A,08/10/2018 03:37:00 PM +0000,02 - FOUR-WAY INTERSECTION,3 - PROPERTY DAMAGE ONLY (PDO),3,08/10/2018 03:37:00 PM +0000,FRI,M - MALE,1 - NO INJURY / NONE REPORTED,A6EA1206-DDB5-4757-8476-0E24598DAAA2,1 - DAYLIGHT,185011111,6 - ANGLE,01 - DRY,1 - STRAIGHT LEVEL,1 - CONCRETE,N/A,D - DRIVER,1 - CLEAR,45207
41XX MAPLE DR,39.152196,84.422526,UNKNOWN,N/A,N/A,08/08/2018 07:30:00 AM +0000,01 - NOT AN INTERSECTION,3 - PROPERTY DAMAGE ONLY (PDO),3,08/09/2018 06:00:00 PM +0000,WED,,1 - NO INJURY / NONE REPORTED,0CD7CC50-C5D1-499F-BB24-BEFF7DDEE175,1 - DAYLIGHT,185011068,"7 - SIDESWIPE, SAME DIRECTION",01 - DRY,1 - STRAIGHT LEVEL,"2 - BLACKTOP, BITUMINOUS, ASPHALT",N/A,D - DRIVER,1 - CLEAR,45209
45XX GLENWAY AV,39.113491,84.590195,31-40,N/A,N/A,08/07/2018 07:39:00 PM +0000,03 - T-INTERSECTION,2 - INJURY,2,08/07/2018 07:39:00 PM +0000,TUE,M - MALE,3 - NON-INCAPACITATING,3D137D55-3FB7-4B62-B7A2-09F795426AFF,1 - DAYLIGHT,185010978,3 - HEAD-ON,01 - DRY,3 - CURVE LEVEL,"2 - BLACKTOP, BITUMINOUS, ASPHALT",N/A,D - DRIVER,1 - CLEAR,45205
50XX CAMARGO RD,39.159508,84.380983,31-40,N/A,N/A,08/17/2018 02:49:00 AM +0000,02 - FOUR-WAY INTERSECTION,3 - PROPERTY DAMAGE ONLY (PDO),3,08/17/2018 02:50:00 AM +0000,FRI,M - MALE,1 - NO INJURY / NONE REPORTED,0DFF79A5-2BDC-47F8-9000-60D4BC8DFB6A,4 - DARK - LIGHTED ROADWAY,185011468,1 - NOT COLLISION BETWEEN TWO MOTOR VEHICLES IN TRANSPORT,02 - WET,1 - STRAIGHT LEVEL,"2 - BLACKTOP, BITUMINOUS, ASPHALT",N/A,D - DRIVER,4 - RAIN,45227
5XX W 6TH ST,39.10141,84.520531,41-50,N/A,N/A,08/26/2018 03:20:00 PM +0000,01 - NOT AN INTERSECTION,3 - PROPERTY DAMAGE ONLY (PDO),3,08/26/2018 03:23:00 PM +0000,SUN,F - FEMALE,1 - NO INJURY / NONE REPORTED,2969429E-8E96-4A7A-A5A1-46A3E668AAF8,1 - DAYLIGHT,185011925,2 - REAR-END,01 - DRY,3 - CURVE LEVEL,1 - CONCRETE,N/A,D - DRIVER,1 - CLEAR,45203
16XX BLUE ROCK ST,39.160592,-84.542486,UNKNOWN,NORTHSIDE,NORTHSIDE,08/24/2018 12:05:00 PM +0000,02 - FOUR-WAY INTERSECTION,3 - PROPERTY DAMAGE ONLY (PDO),3,08/24/2018 08:09:00 PM +0000,FRI,,1 - NO INJURY / NONE REPORTED,856DE006-4DB5-4EB9-AAC4-609A4BC6C114,1 - DAYLIGHT,185011856,6 - ANGLE,01 - DRY,1 - STRAIGHT LEVEL,"2 - BLACKTOP, BITUMINOUS, ASPHALT",NORTHSIDE,D - DRIVER,1 - CLEAR,45223
17XX DUCK CREEK RD,39.14189,-84.47027,UNKNOWN,EVANSTON,EVANSTON,08/24/2018 10:00:00 AM +0000,01 - NOT AN INTERSECTION,3 - PROPERTY DAMAGE ONLY (PDO),3,08/24/2018 10:00:00 AM +0000,FRI,,1 - NO INJURY / NONE REPORTED,E40A20D3-7D21-462D-9EA6-1CDEAC68E2E9,1 - DAYLIGHT,185011819,5 - BACKING,01 - DRY,1 - STRAIGHT LEVEL,"2 - BLACKTOP, BITUMINOUS, ASPHALT",EVANSTON,D - DRIVER,1 - CLEAR,45207
40XX RIVER RD,39.076938,-84.608295,51-60,RIVERSIDE,RIVERSIDE,08/19/2018 08:45:13 AM +0000,01 - NOT AN INTERSECTION,2 - INJURY,2,08/19/2018 08:45:15 AM +0000,SUN,F - FEMALE,1 - NO INJURY / NONE REPORTED,B8BA309B-F74F-4AAE-9C7C-A66CABA6C449,1 - DAYLIGHT,185011581,2 - REAR-END,01 - DRY,1 - STRAIGHT LEVEL,"2 - BLACKTOP, BITUMINOUS, ASPHALT",RIVERSIDE,D - DRIVER,1 - CLEAR,45204
47XX SPRING GROVE AV,39.166631,84.514976,18-25,N/A,N/A,08/20/2018 03:19:00 PM +0000,02 - FOUR-WAY INTERSECTION,2 - INJURY,2,08/20/2018 03:22:00 PM +0000,MON,M - MALE,1 - NO INJURY / NONE REPORTED,1612FADA-F30A-4A01-B9EA-4E530315848B,1 - DAYLIGHT,185011635,3 - HEAD-ON,02 - WET,1 - STRAIGHT LEVEL,"2 - BLACKTOP, BITUMINOUS, ASPHALT",N/A,D - DRIVER,4 - RAIN,45232
30XX BURNET AV,39.134486,-84.501866,OVER 70,AVONDALE,AVONDALE,08/24/2018 10:21:00 AM +0000,02 - FOUR-WAY INTERSECTION,3 - PROPERTY DAMAGE ONLY (PDO),3,08/24/2018 10:21:00 AM +0000,FRI,M - MALE,1 - NO INJURY / NONE REPORTED,F9887764-0245-4D16-BF1B-C71DBCA72182,1 - DAYLIGHT,185011823,2 - REAR-END,01 - DRY,1 - STRAIGHT LEVEL,"2 - BLACKTOP, BITUMINOUS, ASPHALT",AVONDALE,D - DRIVER,1 - CLEAR,45219
2XX MT ECHO PARK DR,39.096469,-84.565432,UNKNOWN,EAST PRICE HILL,EAST PRICE HILL,08/13/2018 08:00:00 PM +0000,01 - NOT AN INTERSECTION,3 - PROPERTY DAMAGE ONLY (PDO),3,08/13/2018 08:01:00 PM +0000,MON,,1 - NO INJURY / NONE REPORTED,419A5AD7-6B9A-4AF3-9B81-5E766F687CEE,1 - DAYLIGHT,185011271,"8 - SIDESWIPE, OPPOSITE DIRECTION",01 - DRY,1 - STRAIGHT LEVEL,"2 - BLACKTOP, BITUMINOUS, ASPHALT",SEDAMSVILLE,D - DRIVER,1 - CLEAR,45204
74XX VINE ST,39.197915,84.476273,OVER 70,N/A,N/A,08/08/2018 01:20:00 PM +0000,02 - FOUR-WAY INTERSECTION,3 - PROPERTY DAMAGE ONLY (PDO),3,08/08/2018 01:26:00 PM +0000,WED,M - MALE,1 - NO INJURY / NONE REPORTED,CE2936E7-A0C8-4B49-99D6-791B451FC8B5,1 - DAYLIGHT,185011016,2 - REAR-END,01 - DRY,1 - STRAIGHT LEVEL,"2 - BLACKTOP, BITUMINOUS, ASPHALT",N/A,D - DRIVER,1 - CLEAR,45216
19XX RIVERSIDE DR,39.100486,84.551541,18-25,N/A,N/A,08/28/2018 07:15:00 AM +0000,01 - NOT AN INTERSECTION,3 - PROPERTY DAMAGE ONLY (PDO),3,08/28/2018 07:20:00 AM +0000,TUE,F - FEMALE,1 - NO INJURY / NONE REPORTED,1DDF333C-FBC2-4B75-8B80-6A89731BB07A,1 - DAYLIGHT,185011998,"7 - SIDESWIPE, SAME DIRECTION",01 - DRY,2 - STRAIGHT GRADE,1 - CONCRETE,N/A,D - DRIVER,1 - CLEAR,45202
0.X SB I75,39.098783,-84.521924,31-40,DOWNTOWN,QUEENSGATE,08/20/2018 10:58:00 PM +0000,01 - NOT AN INTERSECTION,3 - PROPERTY DAMAGE ONLY (PDO),3,08/20/2018 11:10:00 PM +0000,MON,F - FEMALE,1 - NO INJURY / NONE REPORTED,D2A548AD-736C-4CFC-A8B1-659BA6B87236,4 - DARK - LIGHTED ROADWAY,185011664,6 - ANGLE,02 - WET,1 - STRAIGHT LEVEL,1 - CONCRETE,DOWNTOWN,D - DRIVER,4 - RAIN,45202
29XX PARK AV,39.131372,-84.484386,18-25,WALNUT HILLS,WALNUT HILLS,08/11/2018 04:04:00 PM +0000,02 - FOUR-WAY INTERSECTION,3 - PROPERTY DAMAGE ONLY (PDO),3,08/11/2018 04:04:00 PM +0000,SAT,M - MALE,1 - NO INJURY / NONE REPORTED,DCE05254-07EA-43C6-9CE0-D17982057077,1 - DAYLIGHT,185011182,6 - ANGLE,01 - DRY,1 - STRAIGHT LEVEL,"2 - BLACKTOP, BITUMINOUS, ASPHALT",WALNUT HILLS,D - DRIVER,1 - CLEAR,45206
E I74 AT 19-0 MM,39.151301,84.540832,31-40,N/A,N/A,08/16/2018 08:25:00 AM +0000,01 - NOT AN INTERSECTION,3 - PROPERTY DAMAGE ONLY (PDO),3,08/16/2018 08:27:00 AM +0000,THU,F - FEMALE,1 - NO INJURY / NONE REPORTED,C2A60F7E-354A-4D97-95A6-DA5E5353CD25,1 - DAYLIGHT,185011399,2 - REAR-END,02 - WET,1 - STRAIGHT LEVEL,1 - CONCRETE,N/A,D - DRIVER,4 - RAIN,45223
36XX SPRING GROVE AV,39.152671,84.542804,UNDER 18,N/A,N/A,08/16/2018 09:15:00 AM +0000,03 - T-INTERSECTION,2 - INJURY,2,08/16/2018 10:07:03 AM +0000,THU,M - MALE,2 - POSSIBLE,1B029F3E-8BC5-49C2-A145-0BE4D4804FBC,1 - DAYLIGHT,185011401,6 - ANGLE,02 - WET,1 - STRAIGHT LEVEL,"2 - BLACKTOP, BITUMINOUS, ASPHALT",N/A,O - OCCUPANT,4 - RAIN,45223
12XX HOPPLE STREET,39.137606,-84.534885,31-40,CAMP WASHINGTON,CAMP  WASHINGTON,08/15/2018 05:34:00 PM +0000,02 - FOUR-WAY INTERSECTION,3 - PROPERTY DAMAGE ONLY (PDO),3,08/15/2018 05:35:00 PM +0000,WED,F - FEMALE,1 - NO INJURY / NONE REPORTED,D5C9CC99-2742-4CD0-9C14-EDBBC390A180,1 - DAYLIGHT,185011371,9 - UNKNOWN,02 - WET,2 - STRAIGHT GRADE,"2 - BLACKTOP, BITUMINOUS, ASPHALT",CAMP WASHINGTON,D - DRIVER,2 - CLOUDY,45220
39XX VINE ST,39.159508,-84.504505,18-25,CLIFTON,CLIFTON,08/16/2018 06:50:00 PM +0000,01 - NOT AN INTERSECTION,2 - INJURY,2,08/16/2018 06:54:00 PM +0000,THU,M - MALE,1 - NO INJURY / NONE REPORTED,37A1FCF1-5FB4-4BD4-972F-3B248A6A958C,1 - DAYLIGHT,185011452,6 - ANGLE,02 - WET,1 - STRAIGHT LEVEL,"2 - BLACKTOP, BITUMINOUS, ASPHALT",CLIFTON,O - OCCUPANT,4 - RAIN,45217
SB I75 AT 0-1 MM,39.113811,-84.518235,UNKNOWN,OTR,OVER-THE-RHINE,08/20/2018 06:30:00 AM +0000,01 - NOT AN INTERSECTION,2 - INJURY,2,08/20/2018 06:30:00 AM +0000,MON,,1 - NO INJURY / NONE REPORTED,74187B5A-5EDA-4F1A-9FE6-966A3B78D111,1 - DAYLIGHT,185011616,"7 - SIDESWIPE, SAME DIRECTION",01 - DRY,1 - STRAIGHT LEVEL,"2 - BLACKTOP, BITUMINOUS, ASPHALT",OVER-THE-RHINE,D - DRIVER,2 - CLOUDY,45202
43XX RIVER RD,39.077607,-84.622498,18-25,RIVERSIDE,RIVERSIDE,08/13/2018 12:57:00 PM +0000,01 - NOT AN INTERSECTION,3 - PROPERTY DAMAGE ONLY (PDO),3,08/13/2018 01:15:00 PM +0000,MON,F - FEMALE,1 - NO INJURY / NONE REPORTED,1218097C-BCB7-47BB-936E-380B49E868FA,1 - DAYLIGHT,185011250,1 - NOT COLLISION BETWEEN TWO MOTOR VEHICLES IN TRANSPORT,01 - DRY,1 - STRAIGHT LEVEL,"2 - BLACKTOP, BITUMINOUS, ASPHALT",RIVERSIDE,D - DRIVER,1 - CLEAR,45204
16XX QUEEN CITY AV,39.126668,-84.549269,18-25,SOUTH FAIRMOUNT,SOUTH  FAIRMOUNT,08/06/2018 02:18:00 PM +0000,02 - FOUR-WAY INTERSECTION,3 - PROPERTY DAMAGE ONLY (PDO),3,08/06/2018 02:18:00 PM +0000,MON,M - MALE,1 - NO INJURY / NONE REPORTED,D558D586-744C-4196-B2D9-1E0544224D98,1 - DAYLIGHT,185010940,6 - ANGLE,01 - DRY,1 - STRAIGHT LEVEL,"2 - BLACKTOP, BITUMINOUS, ASPHALT",SOUTH FAIRMOUNT,D - DRIVER,1 - CLEAR,45214
16XX ATSON LN,39.119069,84.572884,18-25,N/A,N/A,08/22/2018 08:20:00 PM +0000,01 - NOT AN INTERSECTION,3 - PROPERTY DAMAGE ONLY (PDO),3,08/22/2018 09:24:11 PM +0000,WED,F - FEMALE,1 - NO INJURY / NONE REPORTED,781CBE61-5752-4B51-96DC-AFCB5E6F750A,3 - DUSK,185011757,"7 - SIDESWIPE, SAME DIRECTION",01 - DRY,1 - STRAIGHT LEVEL,"2 - BLACKTOP, BITUMINOUS, ASPHALT",N/A,D - DRIVER,1 - CLEAR,45205