ADDRESS_X,LATITUDE_X,LONGITUDE_X,AGE,COMMUNITY_COUNCIL_NEIGHBORHOOD,CPD_NEIGHBORHOOD,CRASHDATE,CRASHLOCATION,CRASHSEVERITY,CRASHSEVERITYID,DATECRASHREPORTED,DAYOFWEEK,GENDER,INJURIES,INSTANCEID,LIGHTCONDITIONSPRIMARY,LOCALREPORTNO,MANNEROFCRASH,ROADCONDITIONSPRIMARY,ROADCONTOUR,ROADSURFACE,SNA_NEIGHBORHOOD,TYPEOFPERSON,WEATHER,ZIP
30XX WESTKNOLLS LN,39.0734,-84.42741,18-25,CALIFORNIA,CALIFORNIA,08/26/2018 12:00:00 PM +0000,01 - NOT AN INTERSECTION,3 - PROPERTY DAMAGE ONLY (PDO),3,08/28/2018 06:42:00 PM +0000,SUN,M - MALE,1 - NO INJURY / NONE REPORTED,D3BC6309-DF5F-4C37-AAC9-7238D3580902,1 - DAYLIGHT,185012028,9 - UNKNOWN,01 - DRY,1 - STRAIGHT LEVEL,"2 - BLACKTOP, BITUMINOUS, ASPHALT",CALIFORNIA,O - OCCUPANT,2 - CLOUDY,45211
1XX E 12TH ST,39.107985,-84.513071,18-25,OTR,OVER-THE-RHINE,08/19/2018 01:55:00 AM +0000,02 - FOUR-WAY INTERSECTION,2 - INJURY,2,08/19/2018 02:01:00 AM +0000,SUN,F - FEMALE,3 - NON-INCAPACITATING,AC923228-A328-4533-AEF5-16505C8D5F6D,4 - DARK - LIGHTED ROADWAY,185011576,2 - REAR-END,01 - DRY,1 - STRAIGHT LEVEL,"2 - BLACKTOP, BITUMINOUS, ASPHALT",OVER-THE-RHINE,O - OCCUPANT,1 - CLEAR,45202
17XX MAIN ST,39.114603,84.512361,UNDER 18,N/A,N/A,08/17/2018 09:06:00 AM +0000,04 - Y-INTERSECTION,3 - PROPERTY DAMAGE ONLY (PDO),3,08/17/2018 10:07:39 AM +0000,FRI,F - FEMALE,1 - NO INJURY / NONE REPORTED,4A5CFA01-3BA2-4CFD-BC4B-27985B35B7D7,1 - DAYLIGHT,185011477,1 - NOT COLLISION BETWEEN TWO MOTOR VEHICLES IN TRANSPORT,01 - DRY,4 - CURVE GRADE,"2 - BLACKTOP, BITUMINOUS, ASPHALT",N/A,O - OCCUPANT,2 - CLOUDY,45202
42XX WATTERSON ST,39.149851,84.388886,31-40,N/A,N/A,08/21/2018 09:34:00 AM +0000,01 - NOT AN INTERSECTION,3 - PROPERTY DAMAGE ONLY (PDO),3,08/21/2018 09:40:00 AM +0000,TUE,F - FEMALE,1 - NO INJURY / NONE REPORTED,CE9E0C82-49D8-45B2-A1A8-63A160799B29,1 - DAYLIGHT,185011673,5 - BACKING,01 - DRY,1 - STRAIGHT LEVEL,"2 - BLACKTOP, BITUMINOUS, ASPHALT",N/A,D - DRIVER,1 - CLEAR,45227
40XX BEEKMAN ST,39.157787,-84.549846,31-40,SOUTH CUMMINSVILLE,S.. CUMMINSVILLE,08/03/2018 06:39:00 PM +0000,02 - FOUR-WAY INTERSECTION,3 - PROPERTY DAMAGE ONLY (PDO),3,08/03/2018 06:44:00 PM +0000,FRI,M - MALE,1 - NO INJURY / NONE REPORTED,B6724BE6-2036-4927-A090-74946A108E59,1 - DAYLIGHT,185010782,6 - ANGLE,01 - DRY,1 - STRAIGHT LEVEL,"2 - BLACKTOP, BITUMINOUS, ASPHALT",SOUTH CUMMINSVILLE,D - DRIVER,1 - CLEAR,45225
N I71 AT 3-8 MM,39.136425,-84.490678,26-30,WALNUT HILLS,WALNUT HILLS,08/17/2018 04:35:00 PM +0000,08 - OFF RAMP,3 - PROPERTY DAMAGE ONLY (PDO),3,08/17/2018 04:39:00 PM +0000,FRI,F - FEMALE,1 - NO INJURY / NONE REPORTED,FE647276-068F-4900-A2DE-5C096DA2A6AA,1 - DAYLIGHT,185011498,1 - NOT COLLISION BETWEEN TWO MOTOR VEHICLES IN TRANSPORT,01 - DRY,4 - CURVE GRADE,1 - CONCRETE,WALNUT HILLS,D - DRIVER,1 - CLEAR,45237
62XX GLENWAY AV,39.147898,-84.622675,18-25,WESTWOOD,WESTWOOD,08/23/2018 07:50:00 PM +0000,03 - T-INTERSECTION,2 - INJURY,2,08/23/2018 07:59:00 PM +0000,THU,M - MALE,2 - POSSIBLE,5F949FE4-7E29-49FD-81CD-FBD590361EE4,3 - DUSK,185011806,6 - ANGLE,01 - DRY,1 - STRAIGHT LEVEL,"2 - BLACKTOP, BITUMINOUS, ASPHALT",WESTWOOD,D - DRIVER,1 - CLEAR,45211
74XX FAIRPARK AV,39.196862,84.477731,UNKNOWN,N/A,N/A,08/23/2018 07:09:00 AM +0000,03 - T-INTERSECTION,3 - PROPERTY DAMAGE ONLY (PDO),3,08/23/2018 07:09:00 AM +0000,THU,,1 - NO INJURY / NONE REPORTED,EB0AB215-31E4-4CF8-B595-9DA676ACCFD5,1 - DAYLIGHT,185011761,6 - ANGLE,01 - DRY,1 - STRAIGHT LEVEL,"2 - BLACKTOP, BITUMINOUS, ASPHALT",N/A,D - DRIVER,1 - CLEAR,45216
48XX SPRING GROVE AV,39.167371,84.512648,26-30,N/A,N/A,08/13/2018 05:25:00 PM +0000,01 - NOT AN INTERSECTION,2 - INJURY,2,08/13/2018 05:27:00 PM +0000,MON,M - MALE,1 - NO INJURY / NONE REPORTED,D20736F8-E0AD-43B4-AC5B-2A668D9AFA8A,1 - DAYLIGHT,185011269,2 - REAR-END,01 - DRY,1 - STRAIGHT LEVEL,"2 - BLACKTOP, BITUMINOUS, ASPHALT",N/A,D - DRIVER,1 - CLEAR,45232
30XX BURNET AV,39.133276,-84.501566,41-50,AVONDALE,AVONDALE,08/10/2018 11:55:00 AM +0000,01 - NOT AN INTERSECTION,3 - PROPERTY DAMAGE ONLY (PDO),3,08/10/2018 11:59:00 AM +0000,FRI,M - MALE,1 - NO INJURY / NONE REPORTED,5CB89BE0-725B-4C8E-9850-FB265094DA87,1 - DAYLIGHT,185011100,6 - ANGLE,01 - DRY,2 - STRAIGHT GRADE,"2 - BLACKTOP, BITUMINOUS, ASPHALT",AVONDALE,O - OCCUPANT,2 - CLOUDY,45219
S I75 AT 3-2 MM,39.133911,84.534046,UNKNOWN,N/A,N/A,08/06/2018 12:32:00 PM +0000,01 - NOT AN INTERSECTION,3 - PROPERTY DAMAGE ONLY (PDO),3,08/06/2018 12:34:00 PM +0000,MON,,1 - NO INJURY / NONE REPORTED,55F5020C-876C-43E4-B316-D08FA5E9DF7F,1 - DAYLIGHT,185010875,"7 - SIDESWIPE, SAME DIRECTION",01 - DRY,1 - STRAIGHT LEVEL,1 - CONCRETE,N/A,D - DRIVER,1 - CLEAR,45214
27XX MADISON RD,39.145968,84.442441,31-40,N/A,N/A,08/08/2018 05:45:00 PM +0000,01 - NOT AN INTERSECTION,3 - PROPERTY DAMAGE ONLY (PDO),3,08/08/2018 05:48:00 PM +0000,WED,M - MALE,1 - NO INJURY / NONE REPORTED,56458F47-9434-4DAF-A094-F88A50FD3284,1 - DAYLIGHT,185011025,2 - REAR-END,01 - DRY,2 - STRAIGHT GRADE,"2 - BLACKTOP, BITUMINOUS, ASPHALT",N/A,D - DRIVER,1 - CLEAR,45209
10XX ROSEMONT AV,39.111372,84.583274,UNKNOWN,N/A,N/A,08/26/2018 06:02:00 PM +0000,03 - T-INTERSECTION,3 - PROPERTY DAMAGE ONLY (PDO),3,08/26/2018 06:02:00 PM +0000,SUN,,1 - NO INJURY / NONE REPORTED,CC3AC2B4-1250-43BC-9A45-F05F76AF695C,1 - DAYLIGHT,185011932,6 - ANGLE,01 - DRY,1 - STRAIGHT LEVEL,"2 - BLACKTOP, BITUMINOUS, ASPHALT",N/A,D - DRIVER,1 - CLEAR,45205
4XX W CENTRAL PARKWAY,39.105955,84.519723,31-40,N/A,N/A,08/11/2018 08:07:00 AM +0000,01 - NOT AN INTERSECTION,2 - INJURY,2,08/11/2018 08:07:00 AM +0000,SAT,F - FEMALE,1 - NO INJURY / NONE REPORTED,C522FC53-C992-4E5D-B871-CB0E62056313,1 - DAYLIGHT,185011158,1 - NOT COLLISION BETWEEN TWO MOTOR VEHICLES IN TRANSPORT,01 - DRY,1 - STRAIGHT LEVEL,"2 - BLACKTOP, BITUMINOUS, ASPHALT",N/A,O - OCCUPANT,1 - CLEAR,45214
49XX GLENWAY AV,39.118835,84.599581,UNKNOWN,N/A,N/A,08/28/2018 04:10:00 PM +0000,10 - DRIVEWAY/ALLEY ACCESS,2 - INJURY,2,08/28/2018 04:36:00 PM +0000,TUE,,1 - NO INJURY / NONE REPORTED,827C2066-D6C8-4B8F-8C04-6F277656603E,1 - DAYLIGHT,185012018,1 - NOT COLLISION BETWEEN TWO MOTOR VEHICLES IN TRANSPORT,01 - DRY,1 - STRAIGHT LEVEL,"2 - BLACKTOP, BITUMINOUS, ASPHALT",N/A,D - DRIVER,2 - CLOUDY,45238
34XX EDWARDS RD,39.137011,84.442583,18-25,N/A,N/A,08/28/2018 03:00:00 PM +0000,01 - NOT AN INTERSECTION,3 - PROPERTY DAMAGE ONLY (PDO),3,08/28/2018 03:04:00 PM +0000,TUE,M - MALE,1 - NO INJURY / NONE REPORTED,20B5B701-F49F-4B43-820B-71075E5CB8D0,1 - DAYLIGHT,185012010,2 - REAR-END,01 - DRY,1 - STRAIGHT LEVEL,1 - CONCRETE,N/A,D - DRIVER,1 - CLEAR,45208
35XX READING RD,39.145052,84.490105,31-40,N/A,N/A,08/21/2018 08:25:00 PM +0000,01 - NOT AN INTERSECTION,3 - PROPERTY DAMAGE ONLY (PDO),3,08/21/2018 08:26:00 PM +0000,TUE,M - MALE,1 - NO INJURY / NONE REPORTED,7C88C734-8BE0-4EB8-93E8-CEA2701F1F93,4 - DARK - LIGHTED ROADWAY,185011702,1 - NOT COLLISION BETWEEN TWO MOTOR VEHICLES IN TRANSPORT,01 - DRY,1 - STRAIGHT LEVEL,"2 - BLACKTOP, BITUMINOUS, ASPHALT",N/A,D - DRIVER,1 - CLEAR,45229
27XX GRANDIN RD,39.133071,84.461509,61-70,N/A,N/A,08/06/2018 03:40:00 PM +0000,01 - NOT AN INTERSECTION,3 - PROPERTY DAMAGE ONLY (PDO),3,08/06/2018 04:00:00 PM +0000,MON,F - FEMALE,1 - NO INJURY / NONE REPORTED,1E5B6AFF-BA20-4C73-B559-62E4DE7DDB7B,1 - DAYLIGHT,185010887,5 - BACKING,01 - DRY,1 - STRAIGHT LEVEL,"2 - BLACKTOP, BITUMINOUS, ASPHALT",N/A,D - DRIVER,1 - CLEAR,45208
8XX CLINTON SPRINGS AV,39.155274,-84.484097,UNKNOWN,NORTH AVONDALE,NORTH AVONDALE,08/08/2018 03:15:00 PM +0000,01 - NOT AN INTERSECTION,3 - PROPERTY DAMAGE ONLY (PDO),3,08/09/2018 03:30:00 PM +0000,WED,,1 - NO INJURY / NONE REPORTED,55816E75-4F5F-4ADE-B251-E815986AC439,1 - DAYLIGHT,185011065,"8 - SIDESWIPE, OPPOSITE DIRECTION",01 - DRY,4 - CURVE GRADE,"2 - BLACKTOP, BITUMINOUS, ASPHALT",NORTH AVONDALE - PADDOCK HILLS,D - DRIVER,1 - CLEAR,45229
10XX COLUMBIA PARKWAY,39.172086,84.473806,26-30,N/A,N/A,08/23/2018 12:51:00 PM +0000,01 - NOT AN INTERSECTION,2 - INJURY,2,08/23/2018 12:51:00 PM +0000,THU,M - MALE,2 - POSSIBLE,5302D8CC-B3B5-43C7-9AAD-499FF9945B32,1 - DAYLIGHT,185011780,2 - REAR-END,01 - DRY,1 - STRAIGHT LEVEL,"2 - BLACKTOP, BITUMINOUS, ASPHALT",N/A,O - OCCUPANT,1 - CLEAR,45202
5XX RIDDLE RD,39.255981,-84.491321,18-25,N/A,N/A,08/24/2018 02:43:00 PM +0000,01 - NOT AN INTERSECTION,3 - PROPERTY DAMAGE ONLY (PDO),3,08/24/2018 03:33:54 PM +0000,FRI,M - MALE,1 - NO INJURY / NONE REPORTED,72EF90AC-EB7D-4776-9870-6D9AA0958D06,1 - DAYLIGHT,185011841,6 - ANGLE,01 - DRY,2 - STRAIGHT GRADE,"2 - BLACKTOP, BITUMINOUS, ASPHALT",N/A,D - DRIVER,1 - CLEAR,45220
X E NORWOOD LATERAL,39.174044,84.478318,31-40,N/A,N/A,08/07/2018 04:40:00 PM +0000,01 - NOT AN INTERSECTION,2 - INJURY,2,08/07/2018 04:43:00 PM +0000,TUE,M - MALE,3 - NON-INCAPACITATING,C1EE9EA4-D559-4F23-B5C4-0E1BEE8AA85E,1 - DAYLIGHT,185010963,"7 - SIDESWIPE, SAME DIRECTION",01 - DRY,3 - CURVE LEVEL,"2 - BLACKTOP, BITUMINOUS, ASPHALT",N/A,D - DRIVER,2 - CLOUDY,45237
XX W MCMILLAN ST,39.126776,-84.514107,18-25,CUF - HEIGHTS,FAIRVIEW,08/07/2018 02:44:00 PM +0000,01 - NOT AN INTERSECTION,3 - PROPERTY DAMAGE ONLY (PDO),3,08/07/2018 02:44:00 PM +0000,TUE,F - FEMALE,1 - NO INJURY / NONE REPORTED,2ADCDCED-CE48-41E8-90C4-813067EFCBA2,1 - DAYLIGHT,185010959,"7 - SIDESWIPE, SAME DIRECTION",01 - DRY,1 - STRAIGHT LEVEL,"2 - BLACKTOP, BITUMINOUS, ASPHALT",CUF,D - DRIVER,1 - CLEAR,45219
24XX MADISON RD,39.138713,84.454337,UNDER 18,N/A,N/A,08/08/2018 10:50:00 PM +0000,02 - FOUR-WAY INTERSECTION,3 - PROPERTY DAMAGE ONLY (PDO),3,08/08/2018 11:00:00 PM +0000,WED,F - FEMALE,1 - NO INJURY / NONE REPORTED,AAE21FC0-E2B9-4627-8F83-ADC189FE7E39,4 - DARK - LIGHTED ROADWAY,185011046,6 - ANGLE,02 - WET,1 - STRAIGHT LEVEL,"2 - BLACKTOP, BITUMINOUS, ASPHALT",N/A,D - DRIVER,1 - CLEAR,45208
W RONALD REAGAN HW,39.205637,84.468304,41-50,N/A,N/A,08/22/2018 07:38:00 AM +0000,01 - NOT AN INTERSECTION,2 - INJURY,2,08/22/2018 07:38:00 AM +0000,WED,M - MALE,1 - NO INJURY / NONE REPORTED,BC9BAD19-8003-4660-89BA-0119F24A655B,1 - DAYLIGHT,185011718,1 - NOT COLLISION BETWEEN TWO MOTOR VEHICLES IN TRANSPORT,01 - DRY,2 - STRAIGHT GRADE,"2 - BLACKTOP, BITUMINOUS, ASPHALT",N/A,D - DRIVER,2 - CLOUDY,45216
66XX BEECHMONT AV,39.084586,84.376145,61-70,N/A,N/A,08/11/2018 10:48:00 AM +0000,10 - DRIVEWAY/ALLEY ACCESS,3 - PROPERTY DAMAGE ONLY (PDO),3,08/11/2018 10:50:00 AM +0000,SAT,F - FEMALE,1 - NO INJURY / NONE REPORTED,F896F1A7-37C1-4BE6-A3C1-6F328510F670,1 - DAYLIGHT,185011161,2 - REAR-END,01 - DRY,2 - STRAIGHT GRADE,"2 - BLACKTOP, BITUMINOUS, ASPHALT",N/A,D - DRIVER,1 - CLEAR,45230
4XX DIXMYTH AV,39.141555,-84.521836,UNKNOWN,CLIFTON,CLIFTON,08/07/2018 06:15:00 PM +0000,01 - NOT AN INTERSECTION,2 - INJURY,2,08/07/2018 08:45:00 PM +0000,TUE,,1 - NO INJURY / NONE REPORTED,750E408B-9922-4FF6-91B5-F107A0EFBD50,1 - DAYLIGHT,185010983,1 - NOT COLLISION BETWEEN TWO MOTOR VEHICLES IN TRANSPORT,01 - DRY,1 - STRAIGHT LEVEL,"2 - BLACKTOP, BITUMINOUS, ASPHALT",CLIFTON,D - DRIVER,1 - CLEAR,45220
55XX GLENVIEW AV,39.189177,-84.556182,26-30,COLLEGE HILL,COLLEGE  HILL,08/10/2018 06:15:00 PM +0000,01 - NOT AN INTERSECTION,3 - PROPERTY DAMAGE ONLY (PDO),3,08/10/2018 06:17:00 PM +0000,FRI,F - FEMALE,1 - NO INJURY / NONE REPORTED,E1E2AA13-5622-449A-A05C-C216E4C35B01,1 - DAYLIGHT,185011128,6 - ANGLE,02 - WET,4 - CURVE GRADE,"2 - BLACKTOP, BITUMINOUS, ASPHALT",COLLEGE HILL,D - DRIVER,2 - CLOUDY,45224
8XX CENTRAL AV,39.103868,-84.520625,51-60,WEST END,WEST  END,08/10/2018 09:45:26 AM +0000,01 - NOT AN INTERSECTION,3 - PROPERTY DAMAGE ONLY (PDO),3,08/10/2018 09:47:38 AM +0000,FRI,M - MALE,1 - NO INJURY / NONE REPORTED,E756B215-649A-4F0B-91CC-53873EBDBD9E,1 - DAYLIGHT,185011091,2 - REAR-END,01 - DRY,1 - STRAIGHT LEVEL,"2 - BLACKTOP, BITUMINOUS, ASPHALT",WEST END,D - DRIVER,1 - CLEAR,45203
63XX DALY RD,39.205351,84.532495,41-50,N/A,N/A,08/08/2018 05:00:00 PM +0000,01 - NOT AN INTERSECTION,2 - INJURY,2,08/08/2018 05:08:00 PM +0000,WED,M - MALE,1 - NO INJURY / NONE REPORTED,2F2575E2-362E-449B-8926-9AD9FB968A84,1 - DAYLIGHT,185011037,1 - NOT COLLISION BETWEEN TWO MOTOR VEHICLES IN TRANSPORT,01 - DRY,1 - STRAIGHT LEVEL,"2 - BLACKTOP, BITUMINOUS, ASPHALT",N/A,O - OCCUPANT,1 - CLEAR,45224
8XX N FRED SHUTTLESWORTH CR,39.154381,-84.484291,61-70,AVONDALE - NORTH AVONDALE,NORTH AVONDALE,08/12/2018 01:00:08 PM +0000,01 - NOT AN INTERSECTION,3 - PROPERTY DAMAGE ONLY (PDO),3,08/12/2018 01:15:14 PM +0000,SUN,M - MALE,1 - NO INJURY / NONE REPORTED,73172725-3FB7-416A-90AE-124515D249D1,1 - DAYLIGHT,185011209,5 - BACKING,01 - DRY,1 - STRAIGHT LEVEL,"2 - BLACKTOP, BITUMINOUS, ASPHALT",AVONDALE,D - DRIVER,1 - CLEAR,45229
S I75 AT 10-2 MM,39.200798,-84.468748,18-25,CARTHAGE,CARTHAGE,08/21/2018 02:15:00 PM +0000,07 - ON RAMP,3 - PROPERTY DAMAGE ONLY (PDO),3,08/21/2018 02:15:00 PM +0000,TUE,F - FEMALE,1 - NO INJURY / NONE REPORTED,D34C086C-FD0C-4978-8685-60E4BE06B84F,1 - DAYLIGHT,185011685,"7 - SIDESWIPE, SAME DIRECTION",01 - DRY,1 - STRAIGHT LEVEL,"2 - BLACKTOP, BITUMINOUS, ASPHALT",CARTHAGE,D - DRIVER,1 - CLEAR,45237
8XX ALTOONA ST,39.13633,-84.487688,UNKNOWN,WALNUT HILLS,WALNUT HILLS,08/28/2018 07:00:00 PM +0000,01 - NOT AN INTERSECTION,3 - PROPERTY DAMAGE ONLY (PDO),3,08/28/2018 07:44:00 PM +0000,TUE,,1 - NO INJURY / NONE REPORTED,2AD68476-CC17-4706-8D21-09955965F1E5,1 - DAYLIGHT,185012031,"7 - SIDESWIPE, SAME DIRECTION",01 - DRY,2 - STRAIGHT GRADE,"2 - BLACKTOP, BITUMINOUS, ASPHALT",WALNUT HILLS,D - DRIVER,1 - CLEAR,45206
72XX EASTLAWN DR,39.19479,-84.454473,UNKNOWN,ROSELAWN,ROSELAWN,08/23/2018 03:30:00 PM +0000,03 - T-INTERSECTION,2 - INJURY,2,08/23/2018 08:00:00 PM +0000,THU,,1 - NO INJURY / NONE REPORTED,EEFC30CD-821B-4F5C-B470-43542245EC2C,1 - DAYLIGHT,185011807,1 - NOT COLLISION BETWEEN TWO MOTOR VEHICLES IN TRANSPORT,01 - DRY,1 - STRAIGHT LEVEL,"2 - BLACKTOP, BITUMINOUS, ASPHALT",ROSELAWN,D - DRIVER,1 - CLEAR,45237
47XX HAMILTON AV,39.179093,-84.545488,26-30,NORTHSIDE,NORTHSIDE,08/08/2018 10:30:46 AM +0000,03 - T-INTERSECTION,2 - INJURY,2,08/08/2018 10:39:46 AM +0000,WED,F - FEMALE,2 - POSSIBLE,C4BA7AC7-0FBA-4352-B8C6-B9EE5B39E0E6,1 - DAYLIGHT,185011004,2 - REAR-END,01 - DRY,2 - STRAIGHT GRADE,"2 - BLACKTOP, BITUMINOUS, ASPHALT",COLLEGE HILL,D - DRIVER,1 - CLEAR,45223
1XX E 3RD ST,39.098811,84.510872,61-70,N/A,N/A,08/21/2018 10:30:00 PM +0000,02 - FOUR-WAY INTERSECTION,2 - INJURY,2,08/21/2018 11:32:00 PM +0000,TUE,F - FEMALE,1 - NO INJURY / NONE REPORTED,0E5D0AF8-D23B-41BE-8B58-6E453BF15E8F,4 - DARK - LIGHTED ROADWAY,185011706,6 - ANGLE,01 - DRY,1 - STRAIGHT LEVEL,"2 - BLACKTOP, BITUMINOUS, ASPHALT",N/A,D - DRIVER,1 - CLEAR,45202
XX E MCMILLAN ST,39.126618,-84.510738,18-25,MOUNT AUBURN,MOUNT  AUBURN,08/07/2018 06:55:00 AM +0000,01 - NOT AN INTERSECTION,3 - PROPERTY DAMAGE ONLY (PDO),3,08/07/2018 07:10:00 AM +0000,TUE,M - MALE,1 - NO INJURY / NONE REPORTED,93D71D5E-E5E1-4EF9-A887-FE3B7CD09924,1 - DAYLIGHT,185010925,2 - REAR-END,02 - WET,2 - STRAIGHT GRADE,1 - CONCRETE,MT. AUBURN,D - DRIVER,4 - RAIN,45219
8XX BEECH AV,39.110238,-84.578647,UNKNOWN,WEST PRICE HILL,WEST PRICE HILL,08/05/2018 05:00:00 PM +0000,01 - NOT AN INTERSECTION,3 - PROPERTY DAMAGE ONLY (PDO),3,08/06/2018 08:00:00 AM +0000,SUN,,1 - NO INJURY / NONE REPORTED,E2DDDC0A-9F0A-46FD-AF58-DD8A097F77A4,9 - UNKNOWN,185010869,9 - UNKNOWN,01 - DRY,1 - STRAIGHT LEVEL,"2 - BLACKTOP, BITUMINOUS, ASPHALT",EAST PRICE HILL,D - DRIVER,1 - CLEAR,45205
13XX TENNESSEE AV,39.167124,84.469832,18-25,N/A,N/A,08/07/2018 01:30:00 PM +0000,02 - FOUR-WAY INTERSECTION,2 - INJURY,2,08/07/2018 01:40:00 PM +0000,TUE,M - MALE,1 - NO INJURY / NONE REPORTED,E7113308-9C84-46EA-A537-7BAE58424E12,1 - DAYLIGHT,185010956,2 - REAR-END,01 - DRY,1 - STRAIGHT LEVEL,"2 - BLACKTOP, BITUMINOUS, ASPHALT",N/A,D - DRIVER,2 - CLOUDY,45229
38XX PAXTON AV,39.147811,84.428184,41-50,N/A,N/A,08/18/2018 11:40:00 AM +0000,01 - NOT AN INTERSECTION,3 - PROPERTY DAMAGE ONLY (PDO),3,08/18/2018 12:00:00 PM +0000,SAT,M - MALE,1 - NO INJURY / NONE REPORTED,4441DA73-3282-4C41-A0FE-7B1AF64E2FC2,1 - DAYLIGHT,185011542,5 - BACKING,01 - DRY,1 - STRAIGHT LEVEL,"2 - BLACKTOP, BITUMINOUS, ASPHALT",N/A,D - DRIVER,1 - CLEAR,45209
S I75 AT 1-8 MM,39.114472,-84.533105,51-60,WEST END,WEST  END,08/13/2018 06:37:00 AM +0000,01 - NOT AN INTERSECTION,3 - PROPERTY DAMAGE ONLY (PDO),3,08/13/2018 06:37:00 AM +0000,MON,M - MALE,1 - NO INJURY / NONE REPORTED,0203C465-CA03-4667-BD59-73B3738F4E50,1 - DAYLIGHT,185011235,"7 - SIDESWIPE, SAME DIRECTION",01 - DRY,1 - STRAIGHT LEVEL,"2 - BLACKTOP, BITUMINOUS, ASPHALT",QUEENSGATE,D - DRIVER,1 - CLEAR,45214
21XX MADISON RD,39.133855,84.460053,31-40,N/A,N/A,08/15/2018 12:39:00 PM +0000,01 - NOT AN INTERSECTION,3 - PROPERTY DAMAGE ONLY (PDO),3,08/15/2018 12:52:00 PM +0000,WED,M - MALE,1 - NO INJURY / NONE REPORTED,E793E5C7-1779-449F-964B-8236FCF31341,1 - DAYLIGHT,185011344,2 - REAR-END,01 - DRY,1 - STRAIGHT LEVEL,"2 - BLACKTOP, BITUMINOUS, ASPHALT",N/A,D - DRIVER,2 - CLOUDY,45208
10XX SYCAMORE,39.105808,-84.508896,41-50,DOWNTOWN,C. B. D. / RIVERFRONT,08/28/2018 10:03:00 AM +0000,01 - NOT AN INTERSECTION,3 - PROPERTY DAMAGE ONLY (PDO),3,08/28/2018 10:07:00 AM +0000,TUE,F - FEMALE,1 - NO INJURY / NONE REPORTED,7470E3F5-87D1-4575-A9BD-BCCCA8D9503B,1 - DAYLIGHT,185012000,5 - BACKING,01 - DRY,1 - STRAIGHT LEVEL,"2 - BLACKTOP, BITUMINOUS, ASPHALT",DOWNTOWN,D - DRIVER,1 - CLEAR,45202
S I75 AT 0-9 MM,39.103869,84.525808,41-50,N/A,N/A,08/03/2018 05:45:00 PM +0000,04 - Y-INTERSECTION,3 - PROPERTY DAMAGE ONLY (PDO),3,08/03/2018 05:55:00 PM +0000,FRI,M - MALE,1 - NO INJURY / NONE REPORTED,82512F40-E981-4A00-975F-80DF662A3260,1 - DAYLIGHT,185010774,"7 - SIDESWIPE, SAME DIRECTION",01 - DRY,4 - CURVE GRADE,"2 - BLACKTOP, BITUMINOUS, ASPHALT",N/A,D - DRIVER,1 - CLEAR,45202
W I275 AT 72-8 MM,39.060781,84.422032,18-25,N/A,N/A,08/14/2018 01:43:00 PM +0000,01 - NOT AN INTERSECTION,2 - INJURY,2,08/14/2018 01:45:00 PM +0000,TUE,M - MALE,3 - NON-INCAPACITATING,9ADF40BC-CCD5-464D-A075-7E20B45F3E68,1 - DAYLIGHT,185011296,"7 - SIDESWIPE, SAME DIRECTION",01 - DRY,4 - CURVE GRADE,1 - CONCRETE,N/A,D - DRIVER,1 - CLEAR,45226
7XX W KING DR,39.140986,84.531253,51-60,N/A,N/A,08/15/2018 09:24:00 AM +0000,03 - T-INTERSECTION,3 - PROPERTY DAMAGE ONLY (PDO),3,08/15/2018 09:24:00 AM +0000,WED,F - FEMALE,1 - NO INJURY / NONE REPORTED,3025EF37-4335-48ED-9177-959AECAD9671,1 - DAYLIGHT,185011333,6 - ANGLE,01 - DRY,2 - STRAIGHT GRADE,"2 - BLACKTOP, BITUMINOUS, ASPHALT",N/A,D - DRIVER,2 - CLOUDY,45220
36XX VINE ST,39.149585,84.510981,26-30,N/A,N/A,08/23/2018 04:45:00 PM +0000,01 - NOT AN INTERSECTION,3 - PROPERTY DAMAGE ONLY (PDO),3,08/23/2018 04:50:00 PM +0000,THU,F - FEMALE,1 - NO INJURY / NONE REPORTED,429E12E4-3A6E-465D-A697-D1BBB66B243B,1 - DAYLIGHT,185011793,2 - REAR-END,01 - DRY,1 - STRAIGHT LEVEL,"2 - BLACKTOP, BITUMINOUS, ASPHALT",N/A,D - DRIVER,1 - CLEAR,45220
1XX E 2ND ST,39.099138,84.511404,41-50,N/A,N/A,08/09/2018 06:15:00 PM +0000,02 - FOUR-WAY INTERSECTION,2 - INJURY,2,08/09/2018 06:15:00 PM +0000,THU,M - MALE,2 - POSSIBLE,D0F23EDC-092F-433D-BD10-84F7164A3182,1 - DAYLIGHT,185011071,1 - NOT COLLISION BETWEEN TWO MOTOR VEHICLES IN TRANSPORT,01 - DRY,1 - STRAIGHT LEVEL,1 - CONCRETE,N/A,P - PEDESTRIAN,1 - CLEAR,45202
28XX W NORTH BEND RD,39.189802,-84.580918,61-70,MOUNT AIRY,MOUNT AIRY,08/02/2018 02:00:00 PM +0000,03 - T-INTERSECTION,3 - PROPERTY DAMAGE ONLY (PDO),3,08/02/2018 02:06:00 PM +0000,THU,F - FEMALE,1 - NO INJURY / NONE REPORTED,5170621B-734F-4CBD-AA2E-853F26196C59,1 - DAYLIGHT,185010705,2 - REAR-END,01 - DRY,1 - STRAIGHT LEVEL,"2 - BLACKTOP, BITUMINOUS, ASPHALT",MT. AIRY,D - DRIVER,1 - CLEAR,45239