ADDRESS_X,LATITUDE_X,LONGITUDE_X,AGE,COMMUNITY_COUNCIL_NEIGHBORHOOD,CPD_NEIGHBORHOOD,CRASHDATE,CRASHLOCATION,CRASHSEVERITY,CRASHSEVERITYID,DATECRASHREPORTED,DAYOFWEEK,GENDER,INJURIES,INSTANCEID,LIGHTCONDITIONSPRIMARY,LOCALREPORTNO,MANNEROFCRASH,ROADCONDITIONSPRIMARY,ROADCONTOUR,ROADSURFACE,SNA_NEIGHBORHOOD,TYPEOFPERSON,WEATHER,ZIP
58XX KELLOGG AV,39.065949,-84.423819,51-60,CALIFORNIA,CALIFORNIA,08/26/2018 01:38:00 PM +0000,01 - NOT AN INTERSECTION,3 - PROPERTY DAMAGE ONLY (PDO),3,08/26/2018 01:41:00 PM +0000,SUN,F - FEMALE,1 - NO INJURY / NONE REPORTED,27EDFDB5-FF26-45A6-A975-67E7CCA1BE29,1 - DAYLIGHT,185011920,6 - ANGLE,01 - DRY,1 - STRAIGHT LEVEL,"2 - BLACKTOP, BITUMINOUS, ASPHALT",CALIFORNIA,D - DRIVER,1 - CLEAR,45228
57XX WINTON RD,39.192908,84.522935,61-70,N/A,N/A,08/15/2018 05:29:35 PM +0000,01 - NOT AN INTERSECTION,3 - PROPERTY DAMAGE ONLY (PDO),3,08/15/2018 05:35:42 PM +0000,WED,M - MALE,1 - NO INJURY / NONE REPORTED,3F344C4F-E947-4F88-B1D9-52202D9652F1,1 - DAYLIGHT,185011374,"7 - SIDESWIPE, SAME DIRECTION",02 - WET,2 - STRAIGHT GRADE,"2 - BLACKTOP, BITUMINOUS, ASPHALT",N/A,D - DRIVER,4 - RAIN,45232
8XX E KING DR,39.13446,-84.491175,31-40,WALNUT HILLS,WALNUT HILLS,08/15/2018 11:57:00 PM +0000,03 - T-INTERSECTION,3 - PROPERTY DAMAGE ONLY (PDO),3,08/15/2018 11:57:00 PM +0000,WED,M - MALE,1 - NO INJURY / NONE REPORTED,54B181A5-7502-431A-BD55-90F0E644EE7E,4 - DARK - LIGHTED ROADWAY,185011387,2 - REAR-END,02 - WET,1 - STRAIGHT LEVEL,"2 - BLACKTOP, BITUMINOUS, ASPHALT",WALNUT HILLS,D - DRIVER,1 - CLEAR,45229
55XX GLENWAY AV,39.132581,84.610765,UNKNOWN,N/A,N/A,08/15/2018 05:44:00 PM +0000,01 - NOT AN INTERSECTION,3 - PROPERTY DAMAGE ONLY (PDO),3,08/15/2018 05:48:00 PM +0000,WED,M - MALE,1 - NO INJURY / NONE REPORTED,D2C31FB8-0141-43F2-AC4A-253DC4B06A90,1 - DAYLIGHT,185011383,2 - REAR-END,02 - WET,2 - STRAIGHT GRADE,"2 - BLACKTOP, BITUMINOUS, ASPHALT",N/A,D - DRIVER,1 - CLEAR,45238
31XX LINWOOD AV,39.131275,84.430827,UNKNOWN,N/A,N/A,08/15/2018 12:08:13 PM +0000,01 - NOT AN INTERSECTION,2 - INJURY,2,08/15/2018 12:11:14 PM +0000,WED,M - MALE,1 - NO INJURY / NONE REPORTED,79948ED4-1BA9-4EA3-BD57-E28176A51528,1 - DAYLIGHT,185011349,1 - NOT COLLISION BETWEEN TWO MOTOR VEHICLES IN TRANSPORT,01 - DRY,3 - CURVE LEVEL,"2 - BLACKTOP, BITUMINOUS, ASPHALT",N/A,D - DRIVER,1 - CLEAR,45208
21XX GEST ST,39.107912,-84.550961,61-70,LOWER PRICE HILL,LOWER PRICE  HILL,08/09/2018 06:30:00 PM +0000,02 - FOUR-WAY INTERSECTION,2 - INJURY,2,08/09/2018 06:34:00 PM +0000,THU,M - MALE,3 - NON-INCAPACITATING,23D41CF2-CC65-4B46-8D5D-D40247935579,1 - DAYLIGHT,185011072,6 - ANGLE,01 - DRY,1 - STRAIGHT LEVEL,"2 - BLACKTOP, BITUMINOUS, ASPHALT",LOWER PRICE HILL,D - DRIVER,1 - CLEAR,45204
19XX STATE AV,39.119333,84.545482,26-30,N/A,N/A,08/08/2018 12:10:00 PM +0000,03 - T-INTERSECTION,3 - PROPERTY DAMAGE ONLY (PDO),3,08/08/2018 12:13:00 PM +0000,WED,F - FEMALE,1 - NO INJURY / NONE REPORTED,0B829D24-53F0-4F2E-8FE1-D588F8403EA2,1 - DAYLIGHT,185011007,6 - ANGLE,01 - DRY,1 - STRAIGHT LEVEL,"2 - BLACKTOP, BITUMINOUS, ASPHALT",N/A,D - DRIVER,1 - CLEAR,45204
29XX BOUDINOT AV,39.135447,-84.605611,51-60,WESTWOOD,WESTWOOD,08/06/2018 12:47:00 PM +0000,02 - FOUR-WAY INTERSECTION,3 - PROPERTY DAMAGE ONLY (PDO),3,08/06/2018 12:48:00 PM +0000,MON,M - MALE,1 - NO INJURY / NONE REPORTED,E5EA456A-65D4-4AC4-ACEE-BDC6A30ED093,1 - DAYLIGHT,185010876,2 - REAR-END,01 - DRY,1 - STRAIGHT LEVEL,"2 - BLACKTOP, BITUMINOUS, ASPHALT",WESTWOOD,D - DRIVER,1 - CLEAR,45238
21XX SPRING GROVE,39.121735,-84.536308,26-30,WEST END,QUEENSGATE,08/04/2018 04:00:00 PM +0000,01 - NOT AN INTERSECTION,3 - PROPERTY DAMAGE ONLY (PDO),3,08/04/2018 04:17:00 PM +0000,SAT,F - FEMALE,1 - NO INJURY / NONE REPORTED,6AB9BA03-12F7-457E-A7AE-E24CC5C09840,1 - DAYLIGHT,185010823,2 - REAR-END,01 - DRY,1 - STRAIGHT LEVEL,"2 - BLACKTOP, BITUMINOUS, ASPHALT",QUEENSGATE,D - DRIVER,1 - CLEAR,45214
N I75 AT 10-4 MM,39.204919,-84.466054,51-60,ROSELAWN,ROSELAWN,08/23/2018 01:51:00 PM +0000,08 - OFF RAMP,3 - PROPERTY DAMAGE ONLY (PDO),3,08/23/2018 01:51:00 PM +0000,THU,M - MALE,1 - NO INJURY / NONE REPORTED,F8229308-9423-4B4C-A7F4-F56C555554E4,1 - DAYLIGHT,185011779,1 - NOT COLLISION BETWEEN TWO MOTOR VEHICLES IN TRANSPORT,01 - DRY,1 - STRAIGHT LEVEL,"2 - BLACKTOP, BITUMINOUS, ASPHALT",HARTWELL,D - DRIVER,1 - CLEAR,45237
37XX ST LAWRENCE AV,39.110158,84.576151,51-60,N/A,N/A,08/13/2018 10:32:00 AM +0000,02 - FOUR-WAY INTERSECTION,3 - PROPERTY DAMAGE ONLY (PDO),3,08/13/2018 10:32:00 AM +0000,MON,F - FEMALE,1 - NO INJURY / NONE REPORTED,0FA80D09-2529-43FF-BD9B-7BEFE081D685,1 - DAYLIGHT,185011243,1 - NOT COLLISION BETWEEN TWO MOTOR VEHICLES IN TRANSPORT,01 - DRY,1 - STRAIGHT LEVEL,"2 - BLACKTOP, BITUMINOUS, ASPHALT",N/A,D - DRIVER,1 - CLEAR,45205
61XX KELLOGG AV,39.059593,84.420716,51-60,N/A,N/A,08/18/2018 12:00:00 PM +0000,01 - NOT AN INTERSECTION,3 - PROPERTY DAMAGE ONLY (PDO),3,08/18/2018 12:05:00 PM +0000,SAT,F - FEMALE,1 - NO INJURY / NONE REPORTED,2DD46937-A2AB-4E67-B34E-CE757D78B07F,1 - DAYLIGHT,185011544,2 - REAR-END,01 - DRY,1 - STRAIGHT LEVEL,1 - CONCRETE,N/A,D - DRIVER,1 - CLEAR,45228
11XX N LYNNEBROOK DR,39.197286,-84.537596,18-25,COLLEGE HILL,COLLEGE  HILL,08/08/2018 07:55:11 AM +0000,01 - NOT AN INTERSECTION,3 - PROPERTY DAMAGE ONLY (PDO),3,08/08/2018 07:56:12 AM +0000,WED,F - FEMALE,1 - NO INJURY / NONE REPORTED,DEC17C99-6728-440F-93CB-6FF7894863D3,1 - DAYLIGHT,185010998,5 - BACKING,02 - WET,3 - CURVE LEVEL,1 - CONCRETE,COLLEGE HILL,D - DRIVER,1 - CLEAR,45224
63XX HAMILTON AV,39.206151,-84.547766,26-30,COLLEGE HILL,COLLEGE  HILL,08/13/2018 09:25:00 AM +0000,01 - NOT AN INTERSECTION,3 - PROPERTY DAMAGE ONLY (PDO),3,08/13/2018 09:30:00 AM +0000,MON,M - MALE,1 - NO INJURY / NONE REPORTED,CF2ADDE0-5994-4B68-B0CD-2C9FC03DAE8C,1 - DAYLIGHT,185011240,"7 - SIDESWIPE, SAME DIRECTION",01 - DRY,1 - STRAIGHT LEVEL,"2 - BLACKTOP, BITUMINOUS, ASPHALT",COLLEGE HILL,D - DRIVER,1 - CLEAR,45224
17XX COLUMBIA PY,39.129915,84.430551,18-25,N/A,N/A,08/04/2018 04:55:00 PM +0000,03 - T-INTERSECTION,3 - PROPERTY DAMAGE ONLY (PDO),3,08/04/2018 05:05:00 PM +0000,SAT,M - MALE,1 - NO INJURY / NONE REPORTED,FFE0D2A7-D4D9-4750-A07E-3A150717401F,1 - DAYLIGHT,185010826,2 - REAR-END,02 - WET,1 - STRAIGHT LEVEL,"2 - BLACKTOP, BITUMINOUS, ASPHALT",N/A,D - DRIVER,4 - RAIN,45202
66XX BEECHMONT AV,39.083656,84.375945,18-25,N/A,N/A,08/11/2018 10:48:00 AM +0000,10 - DRIVEWAY/ALLEY ACCESS,3 - PROPERTY DAMAGE ONLY (PDO),3,08/11/2018 10:50:00 AM +0000,SAT,F - FEMALE,1 - NO INJURY / NONE REPORTED,F896F1A7-37C1-4BE6-A3C1-6F328510F670,1 - DAYLIGHT,185011161,2 - REAR-END,01 - DRY,2 - STRAIGHT GRADE,"2 - BLACKTOP, BITUMINOUS, ASPHALT",N/A,D - DRIVER,1 - CLEAR,45230
42XX VICTORY PY,39.159376,84.473507,UNDER 18,N/A,N/A,08/26/2018 11:05:00 AM +0000,01 - NOT AN INTERSECTION,3 - PROPERTY DAMAGE ONLY (PDO),3,08/26/2018 11:07:00 AM +0000,SUN,F - FEMALE,1 - NO INJURY / NONE REPORTED,41634E6E-CF7D-4563-816F-B9DC79951730,1 - DAYLIGHT,185011917,"7 - SIDESWIPE, SAME DIRECTION",01 - DRY,1 - STRAIGHT LEVEL,"2 - BLACKTOP, BITUMINOUS, ASPHALT",N/A,O - OCCUPANT,1 - CLEAR,45229
2XX E LIBERTY ST,39.113126,84.513445,26-30,N/A,N/A,08/07/2018 01:00:00 PM +0000,01 - NOT AN INTERSECTION,3 - PROPERTY DAMAGE ONLY (PDO),3,08/07/2018 01:05:00 PM +0000,TUE,F - FEMALE,1 - NO INJURY / NONE REPORTED,F3DFCFA3-6D16-4509-83C9-B0994E61D7B5,1 - DAYLIGHT,185010950,"7 - SIDESWIPE, SAME DIRECTION",01 - DRY,1 - STRAIGHT LEVEL,"2 - BLACKTOP, BITUMINOUS, ASPHALT",N/A,D - DRIVER,1 - CLEAR,45202
N I71 EX 8B,39.154861,-84.442083,26-30,N/A,N/A,08/07/2018 08:00:00 AM +0000,01 - NOT AN INTERSECTION,3 - PROPERTY DAMAGE ONLY (PDO),3,08/07/2018 08:05:00 AM +0000,TUE,F - FEMALE,1 - NO INJURY / NONE REPORTED,524F7350-1E35-43D3-8967-B170A16A505E,1 - DAYLIGHT,185010931,2 - REAR-END,02 - WET,1 - STRAIGHT LEVEL,"2 - BLACKTOP, BITUMINOUS, ASPHALT",N/A,D - DRIVER,2 - CLOUDY,45209
40XX 8TH ST,39.107162,84.591898,26-30,N/A,N/A,08/24/2018 02:40:00 PM +0000,01 - NOT AN INTERSECTION,3 - PROPERTY DAMAGE ONLY (PDO),3,08/24/2018 02:46:00 PM +0000,FRI,F - FEMALE,1 - NO INJURY / NONE REPORTED,A65A350A-C69A-4504-89BB-BA148375C8DB,1 - DAYLIGHT,185011854,2 - REAR-END,01 - DRY,2 - STRAIGHT GRADE,"2 - BLACKTOP, BITUMINOUS, ASPHALT",N/A,D - DRIVER,1 - CLEAR,45205
N I471 AT 5-5MM,39.101538,84.496691,OVER 70,N/A,N/A,08/08/2018 06:27:29 AM +0000,08 - OFF RAMP,3 - PROPERTY DAMAGE ONLY (PDO),3,08/08/2018 06:27:29 AM +0000,WED,M - MALE,1 - NO INJURY / NONE REPORTED,751D54F8-F817-4402-8DBF-ECA840D1BD6B,2 - DAWN,185010997,2 - REAR-END,02 - WET,4 - CURVE GRADE,1 - CONCRETE,N/A,D - DRIVER,4 - RAIN,45202
N I75 AT 10-2 MM,39.203147,-84.466196,18-25,HARTWELL,HARTWELL,08/13/2018 02:36:00 AM +0000,01 - NOT AN INTERSECTION,3 - PROPERTY DAMAGE ONLY (PDO),3,08/13/2018 02:36:00 AM +0000,MON,M - MALE,1 - NO INJURY / NONE REPORTED,8D929164-37D5-4EE5-B009-4C75A1E285CF,4 - DARK - LIGHTED ROADWAY,185011234,6 - ANGLE,01 - DRY,1 - STRAIGHT LEVEL,"2 - BLACKTOP, BITUMINOUS, ASPHALT",HARTWELL,D - DRIVER,1 - CLEAR,45216
7XX W 6TH ST,39.101981,84.525345,18-25,N/A,N/A,08/16/2018 12:10:00 PM +0000,07 - ON RAMP,2 - INJURY,2,08/16/2018 12:13:00 PM +0000,THU,M - MALE,3 - NON-INCAPACITATING,FCFEB861-34EF-4FD2-B379-71DEADF26C5F,1 - DAYLIGHT,185011414,2 - REAR-END,02 - WET,3 - CURVE LEVEL,"2 - BLACKTOP, BITUMINOUS, ASPHALT",N/A,D - DRIVER,4 - RAIN,45203
15XX GROESBECK RD,39.194391,84.545761,31-40,N/A,N/A,08/16/2018 11:00:00 PM +0000,01 - NOT AN INTERSECTION,2 - INJURY,2,08/16/2018 11:00:00 PM +0000,THU,F - FEMALE,3 - NON-INCAPACITATING,BF1AA3EB-33C0-4BF8-A101-96B284A366B7,4 - DARK - LIGHTED ROADWAY,185011464,1 - NOT COLLISION BETWEEN TWO MOTOR VEHICLES IN TRANSPORT,02 - WET,1 - STRAIGHT LEVEL,"2 - BLACKTOP, BITUMINOUS, ASPHALT",N/A,O - OCCUPANT,4 - RAIN,45224
39XX GLENWAY AV,39.115036,-84.579111,UNDER 18,WEST PRICE HILL,WEST PRICE HILL,08/23/2018 02:40:00 PM +0000,01 - NOT AN INTERSECTION,3 - PROPERTY DAMAGE ONLY (PDO),3,08/23/2018 02:40:00 PM +0000,THU,M - MALE,1 - NO INJURY / NONE REPORTED,CBFD7BA1-A69F-4534-B218-3D2378BB4D8E,1 - DAYLIGHT,185011788,2 - REAR-END,01 - DRY,1 - STRAIGHT LEVEL,"2 - BLACKTOP, BITUMINOUS, ASPHALT",WEST PRICE HILL,D - DRIVER,1 - CLEAR,45205
N I75 AT 2-8 MM,39.127444,-84.533374,41-50,CAMP WASHINGTON,CAMP  WASHINGTON,08/28/2018 05:31:00 PM +0000,01 - NOT AN INTERSECTION,2 - INJURY,2,08/28/2018 05:33:00 PM +0000,TUE,M - MALE,2 - POSSIBLE,DD272605-5BB1-43A2-A48B-AEAD2FEF1399,1 - DAYLIGHT,185012023,2 - REAR-END,01 - DRY,1 - STRAIGHT LEVEL,"2 - BLACKTOP, BITUMINOUS, ASPHALT",CAMP WASHINGTON,D - DRIVER,1 - CLEAR,45214
73XX PADDOCK RD,39.193663,-84.475295,51-60,ROSELAWN,ROSELAWN,08/22/2018 08:38:00 AM +0000,01 - NOT AN INTERSECTION,2 - INJURY,2,08/22/2018 08:41:00 AM +0000,WED,M - MALE,3 - NON-INCAPACITATING,9D283018-204B-4795-8931-1302629034C1,1 - DAYLIGHT,185011730,2 - REAR-END,01 - DRY,1 - STRAIGHT LEVEL,"2 - BLACKTOP, BITUMINOUS, ASPHALT",ROSELAWN,D - DRIVER,1 - CLEAR,45216
9XX CHATEAU AV,39.107128,-84.560923,UNKNOWN,EAST PRICE HILL,EAST PRICE HILL,08/28/2018 11:05:00 PM +0000,01 - NOT AN INTERSECTION,3 - PROPERTY DAMAGE ONLY (PDO),3,08/28/2018 11:23:00 PM +0000,TUE,,1 - NO INJURY / NONE REPORTED,013B97E2-1F43-4E08-A9E5-5FA6C206179E,4 - DARK - LIGHTED ROADWAY,185012045,5 - BACKING,01 - DRY,1 - STRAIGHT LEVEL,"2 - BLACKTOP, BITUMINOUS, ASPHALT",EAST PRICE HILL,D - DRIVER,1 - CLEAR,45204
28XX RIVER RD,39.088411,-84.564477,31-40,SEDAMSVILLE,SEDAMSVILLE,08/08/2018 03:25:00 PM +0000,01 - NOT AN INTERSECTION,3 - PROPERTY DAMAGE ONLY (PDO),3,08/08/2018 03:30:00 PM +0000,WED,F - FEMALE,1 - NO INJURY / NONE REPORTED,BBE05E51-DDF8-448F-BED1-4880DB70013D,1 - DAYLIGHT,185011036,6 - ANGLE,01 - DRY,1 - STRAIGHT LEVEL,"2 - BLACKTOP, BITUMINOUS, ASPHALT",RIVERSIDE,D - DRIVER,1 - CLEAR,45204
57XX WINTON RD,39.191918,84.524325,31-40,N/A,N/A,08/15/2018 05:29:35 PM +0000,01 - NOT AN INTERSECTION,3 - PROPERTY DAMAGE ONLY (PDO),3,08/15/2018 05:35:42 PM +0000,WED,F - FEMALE,1 - NO INJURY / NONE REPORTED,3F344C4F-E947-4F88-B1D9-52202D9652F1,1 - DAYLIGHT,185011374,"7 - SIDESWIPE, SAME DIRECTION",02 - WET,2 - STRAIGHT GRADE,"2 - BLACKTOP, BITUMINOUS, ASPHALT",N/A,D - DRIVER,4 - RAIN,45232
21XX LANGDON FARM RD,39.104861,84.271231,26-30,N/A,N/A,08/12/2018 04:10:00 PM +0000,01 - NOT AN INTERSECTION,3 - PROPERTY DAMAGE ONLY (PDO),3,08/12/2018 04:15:00 PM +0000,SUN,F - FEMALE,1 - NO INJURY / NONE REPORTED,EA2DB676-2762-485F-AAB1-84E070568AD8,1 - DAYLIGHT,185011220,2 - REAR-END,01 - DRY,1 - STRAIGHT LEVEL,1 - CONCRETE,N/A,D - DRIVER,1 - CLEAR,45237
10.X MM I75 NB,39.192592,-84.476223,51-60,BOND HILL,BONDHILL,08/20/2018 07:57:00 PM +0000,01 - NOT AN INTERSECTION,2 - INJURY,2,08/20/2018 07:57:00 PM +0000,MON,F - FEMALE,2 - POSSIBLE,8BAD1A50-2943-444E-A1B1-67DF3625EDCE,1 - DAYLIGHT,185011656,"7 - SIDESWIPE, SAME DIRECTION",02 - WET,1 - STRAIGHT LEVEL,"2 - BLACKTOP, BITUMINOUS, ASPHALT",ROSELAWN,D - DRIVER,4 - RAIN,45237
8XX SUIRE AV,39.107591,84.582315,26-30,N/A,N/A,08/03/2018 10:30:00 AM +0000,10 - DRIVEWAY/ALLEY ACCESS,3 - PROPERTY DAMAGE ONLY (PDO),3,08/03/2018 11:40:00 AM +0000,FRI,F - FEMALE,1 - NO INJURY / NONE REPORTED,DA0C8C33-827F-496C-9C04-EE4D7636167B,1 - DAYLIGHT,185010756,5 - BACKING,01 - DRY,1 - STRAIGHT LEVEL,"2 - BLACKTOP, BITUMINOUS, ASPHALT",N/A,D - DRIVER,1 - CLEAR,45205
47XX SIMPSON AV,39.157453,-84.389145,26-30,MADISONVILLE,MADISONVILLE,08/15/2018 02:45:00 PM +0000,01 - NOT AN INTERSECTION,2 - INJURY,2,08/15/2018 02:51:00 PM +0000,WED,F - FEMALE,1 - NO INJURY / NONE REPORTED,A88EEE78-EB07-4992-93D7-0B04E960F540,1 - DAYLIGHT,185011352,"7 - SIDESWIPE, SAME DIRECTION",01 - DRY,1 - STRAIGHT LEVEL,"2 - BLACKTOP, BITUMINOUS, ASPHALT",MADISONVILLE,D - DRIVER,2 - CLOUDY,45227
6XX KINGS RUN DR,39.179511,84.515981,UNKNOWN,N/A,N/A,08/26/2018 01:13:00 AM +0000,02 - FOUR-WAY INTERSECTION,3 - PROPERTY DAMAGE ONLY (PDO),3,08/26/2018 01:13:00 AM +0000,SUN,,1 - NO INJURY / NONE REPORTED,6C93953E-E553-4E4F-B15C-C3A1033EF674,4 - DARK - LIGHTED ROADWAY,185011911,6 - ANGLE,01 - DRY,1 - STRAIGHT LEVEL,"2 - BLACKTOP, BITUMINOUS, ASPHALT",N/A,D - DRIVER,1 - CLEAR,45232
79XX SUNFIELD DR,39.207855,-84.455191,41-50,ROSELAWN,ROSELAWN,08/13/2018 01:15:00 PM +0000,03 - T-INTERSECTION,3 - PROPERTY DAMAGE ONLY (PDO),3,08/13/2018 01:16:00 PM +0000,MON,F - FEMALE,1 - NO INJURY / NONE REPORTED,7BB77016-8BF4-47D3-A0D6-CBE940D42AD4,1 - DAYLIGHT,185011251,6 - ANGLE,01 - DRY,1 - STRAIGHT LEVEL,"2 - BLACKTOP, BITUMINOUS, ASPHALT",ROSELAWN,D - DRIVER,1 - CLEAR,45237
28XX MONTANA AV,39.149418,84.593451,26-30,N/A,N/A,08/17/2018 06:39:00 PM +0000,01 - NOT AN INTERSECTION,3 - PROPERTY DAMAGE ONLY (PDO),3,08/17/2018 06:39:00 PM +0000,FRI,F - FEMALE,1 - NO INJURY / NONE REPORTED,1FF4A160-DC70-4AD4-9A75-C1A509C337D2,1 - DAYLIGHT,185011508,2 - REAR-END,01 - DRY,1 - STRAIGHT LEVEL,"2 - BLACKTOP, BITUMINOUS, ASPHALT",N/A,D - DRIVER,2 - CLOUDY,45211
31XX HARVEY AV,39.136459,-84.499114,18-25,AVONDALE,AVONDALE,08/15/2018 12:35:00 PM +0000,10 - DRIVEWAY/ALLEY ACCESS,3 - PROPERTY DAMAGE ONLY (PDO),3,08/15/2018 12:35:00 PM +0000,WED,F - FEMALE,1 - NO INJURY / NONE REPORTED,821298F2-719F-4CCF-BB41-E5B015F7448C,1 - DAYLIGHT,185011347,6 - ANGLE,01 - DRY,1 - STRAIGHT LEVEL,"2 - BLACKTOP, BITUMINOUS, ASPHALT",AVONDALE,O - OCCUPANT,2 - CLOUDY,45229
35XX GLENWAY AV,39.113295,-84.568503,18-25,EAST PRICE HILL,EAST PRICE HILL,08/05/2018 09:45:00 PM +0000,01 - NOT AN INTERSECTION,3 - PROPERTY DAMAGE ONLY (PDO),3,08/05/2018 09:48:00 PM +0000,SUN,M - MALE,1 - NO INJURY / NONE REPORTED,AC423B9F-E2AD-4BFE-AB4F-07D9039EE5D6,4 - DARK - LIGHTED ROADWAY,185010863,6 - ANGLE,01 - DRY,2 - STRAIGHT GRADE,"2 - BLACKTOP, BITUMINOUS, ASPHALT",EAST PRICE HILL,D - DRIVER,1 - CLEAR,45205
50XX PADDOCK RD,39.177111,-84.477491,UNKNOWN,BOND HILL,BONDHILL,08/17/2018 11:22:00 AM +0000,02 - FOUR-WAY INTERSECTION,3 - PROPERTY DAMAGE ONLY (PDO),3,08/17/2018 11:22:00 AM +0000,FRI,,1 - NO INJURY / NONE REPORTED,7F669E7E-B481-497E-BDF5-E57BD9C5D8CE,1 - DAYLIGHT,185011485,"7 - SIDESWIPE, SAME DIRECTION",01 - DRY,2 - STRAIGHT GRADE,"2 - BLACKTOP, BITUMINOUS, ASPHALT",BOND HILL,D - DRIVER,1 - CLEAR,45237
20XX QUEEN CITY AV,39.128703,84.567855,18-25,N/A,N/A,08/10/2018 07:55:00 AM +0000,01 - NOT AN INTERSECTION,3 - PROPERTY DAMAGE ONLY (PDO),3,08/10/2018 07:55:00 AM +0000,FRI,M - MALE,1 - NO INJURY / NONE REPORTED,3FD4CDDE-DB10-4D33-9825-77EA973A5382,1 - DAYLIGHT,185011088,2 - REAR-END,01 - DRY,1 - STRAIGHT LEVEL,"2 - BLACKTOP, BITUMINOUS, ASPHALT",N/A,D - DRIVER,1 - CLEAR,45214
3XX HOWELL AV,39.142313,-84.520348,18-25,CLIFTON,CLIFTON,08/08/2018 06:00:00 PM +0000,01 - NOT AN INTERSECTION,3 - PROPERTY DAMAGE ONLY (PDO),3,08/08/2018 06:05:00 PM +0000,WED,F - FEMALE,1 - NO INJURY / NONE REPORTED,51420E54-4A0F-4695-9DAE-5CBB44CC1F18,1 - DAYLIGHT,185011031,6 - ANGLE,01 - DRY,2 - STRAIGHT GRADE,"2 - BLACKTOP, BITUMINOUS, ASPHALT",CLIFTON,D - DRIVER,1 - CLEAR,45220
N I71 AT 0-6 MM,39.098145,-84.513855,UNKNOWN,DOWNTOWN,C. B. D. / RIVERFRONT,08/09/2018 05:20:00 PM +0000,01 - NOT AN INTERSECTION,2 - INJURY,2,08/09/2018 05:20:00 PM +0000,THU,,1 - NO INJURY / NONE REPORTED,B5C21297-A549-4D54-A106-86B3F39ABF8A,1 - DAYLIGHT,185011067,2 - REAR-END,01 - DRY,1 - STRAIGHT LEVEL,"2 - BLACKTOP, BITUMINOUS, ASPHALT",DOWNTOWN,D - DRIVER,1 - CLEAR,45202
36XX WARSAW AV,39.110267,-84.572501,61-70,EAST PRICE HILL,EAST PRICE HILL,08/15/2018 01:20:00 PM +0000,02 - FOUR-WAY INTERSECTION,3 - PROPERTY DAMAGE ONLY (PDO),3,08/15/2018 01:25:00 PM +0000,WED,M - MALE,1 - NO INJURY / NONE REPORTED,A35E4F50-D321-4DF8-9612-BC58D78A1E39,1 - DAYLIGHT,185011366,2 - REAR-END,01 - DRY,1 - STRAIGHT LEVEL,"2 - BLACKTOP, BITUMINOUS, ASPHALT",EAST PRICE HILL,D - DRIVER,1 - CLEAR,45205
10XX MCPHERSON AV,39.110143,84.570001,61-70,N/A,N/A,08/06/2018 01:40:00 PM +0000,01 - NOT AN INTERSECTION,3 - PROPERTY DAMAGE ONLY (PDO),3,08/06/2018 01:44:00 PM +0000,MON,F - FEMALE,1 - NO INJURY / NONE REPORTED,0620E484-5BA8-4EDA-B0B4-83190FC31B33,1 - DAYLIGHT,185010878,5 - BACKING,01 - DRY,2 - STRAIGHT GRADE,"2 - BLACKTOP, BITUMINOUS, ASPHALT",N/A,D - DRIVER,2 - CLOUDY,45205
S I71 AT 3-5 MM,39.131611,84.494255,31-40,N/A,N/A,08/22/2018 05:44:00 PM +0000,07 - ON RAMP,3 - PROPERTY DAMAGE ONLY (PDO),3,08/22/2018 05:45:00 PM +0000,WED,F - FEMALE,1 - NO INJURY / NONE REPORTED,1BF0E1E0-F17C-42D2-9505-8F82FB78FB76,1 - DAYLIGHT,185011750,6 - ANGLE,01 - DRY,1 - STRAIGHT LEVEL,1 - CONCRETE,N/A,D - DRIVER,1 - CLEAR,45206
26XX QUEEN CITY AV,39.130671,84.590042,51-60,N/A,N/A,08/07/2018 05:23:00 AM +0000,03 - T-INTERSECTION,2 - INJURY,2,08/07/2018 05:25:00 AM +0000,TUE,F - FEMALE,3 - NON-INCAPACITATING,96C600C8-DA3B-4E4C-883A-E8DA2329FE3A,4 - DARK - LIGHTED ROADWAY,185010923,6 - ANGLE,02 - WET,1 - STRAIGHT LEVEL,"2 - BLACKTOP, BITUMINOUS, ASPHALT",N/A,D - DRIVER,4 - RAIN,45238
N I75 AT 2.5 MM,39.122758,84.534013,26-30,N/A,N/A,08/17/2018 02:07:00 AM +0000,01 - NOT AN INTERSECTION,3 - PROPERTY DAMAGE ONLY (PDO),3,08/17/2018 02:07:00 AM +0000,FRI,M - MALE,1 - NO INJURY / NONE REPORTED,3846786D-E0F2-4820-AB84-630989EA0631,4 - DARK - LIGHTED ROADWAY,185011467,1 - NOT COLLISION BETWEEN TWO MOTOR VEHICLES IN TRANSPORT,02 - WET,1 - STRAIGHT LEVEL,"2 - BLACKTOP, BITUMINOUS, ASPHALT",N/A,D - DRIVER,4 - RAIN,45214