ADDRESS_X,LATITUDE_X,LONGITUDE_X,AGE,COMMUNITY_COUNCIL_NEIGHBORHOOD,CPD_NEIGHBORHOOD,CRASHDATE,CRASHLOCATION,CRASHSEVERITY,CRASHSEVERITYID,DATECRASHREPORTED,DAYOFWEEK,GENDER,INJURIES,INSTANCEID,LIGHTCONDITIONSPRIMARY,LOCALREPORTNO,MANNEROFCRASH,ROADCONDITIONSPRIMARY,ROADCONTOUR,ROADSURFACE,SNA_NEIGHBORHOOD,TYPEOFPERSON,WEATHER,ZIP
8XX WINDHAM AV,39.144341,84.489246,51-60,N/A,N/A,08/17/2018 04:46:00 PM +0000,01 - NOT AN INTERSECTION,2 - INJURY,2,08/17/2018 04:51:00 PM +0000,FRI,M - MALE,1 - NO INJURY / NONE REPORTED,639251B7-36F0-406A-8593-0715DF2A885A,1 - DAYLIGHT,185011520,5 - BACKING,01 - DRY,2 - STRAIGHT GRADE,"2 - BLACKTOP, BITUMINOUS, ASPHALT",N/A,O - OCCUPANT,2 - CLOUDY,45229
41XX JORA LN,39.153161,-84.419778,UNKNOWN,OAKLEY,OAKLEY,08/11/2018 01:00:00 AM +0000,01 - NOT AN INTERSECTION,3 - PROPERTY DAMAGE ONLY (PDO),3,08/11/2018 11:40:00 AM +0000,SAT,,1 - NO INJURY / NONE REPORTED,7A7F7CA6-84A4-453E-AABC-2A87E02EA902,9 - UNKNOWN,185011163,9 - UNKNOWN,99 - UNKNOWN,1 - STRAIGHT LEVEL,"2 - BLACKTOP, BITUMINOUS, ASPHALT",OAKLEY,D - DRIVER,9 - OTHER/UNKNOWN,45209
34XX MADISON RD,39.158491,-84.424165,18-25,OAKLEY,OAKLEY,08/14/2018 07:07:00 PM +0000,03 - T-INTERSECTION,3 - PROPERTY DAMAGE ONLY (PDO),3,08/14/2018 07:20:00 PM +0000,TUE,F - FEMALE,1 - NO INJURY / NONE REPORTED,830ED066-28E2-4419-9EEC-D88C9BC7A2EB,1 - DAYLIGHT,185011319,6 - ANGLE,01 - DRY,1 - STRAIGHT LEVEL,1 - CONCRETE,OAKLEY,D - DRIVER,1 - CLEAR,45209
E I275 AT 72-4 MM,39.059677,84.420654,18-25,N/A,N/A,08/08/2018 06:12:00 PM +0000,01 - NOT AN INTERSECTION,3 - PROPERTY DAMAGE ONLY (PDO),3,08/08/2018 06:12:00 PM +0000,WED,F - FEMALE,1 - NO INJURY / NONE REPORTED,15F0A299-93FC-4D71-B165-21417903EFE4,1 - DAYLIGHT,185011029,2 - REAR-END,01 - DRY,1 - STRAIGHT LEVEL,"2 - BLACKTOP, BITUMINOUS, ASPHALT",N/A,D - DRIVER,1 - CLEAR,45226
50XX WHETSEL AV,39.159518,84.393649,UNDER 18,N/A,N/A,08/06/2018 03:05:00 PM +0000,02 - FOUR-WAY INTERSECTION,2 - INJURY,2,08/06/2018 03:05:00 PM +0000,MON,F - FEMALE,2 - POSSIBLE,BFDB2846-8DEF-46E0-A77A-96AB6B3F78AD,1 - DAYLIGHT,185010883,6 - ANGLE,02 - WET,1 - STRAIGHT LEVEL,"2 - BLACKTOP, BITUMINOUS, ASPHALT",N/A,O - OCCUPANT,4 - RAIN,45227
3XX BROADWAY ST,39.123746,84.47705,18-25,N/A,N/A,08/23/2018 10:59:00 AM +0000,02 - FOUR-WAY INTERSECTION,3 - PROPERTY DAMAGE ONLY (PDO),3,08/23/2018 11:05:40 AM +0000,THU,F - FEMALE,1 - NO INJURY / NONE REPORTED,8D7E37E2-3121-4B52-8D89-E46A4D020879,1 - DAYLIGHT,185011772,6 - ANGLE,01 - DRY,2 - STRAIGHT GRADE,"2 - BLACKTOP, BITUMINOUS, ASPHALT",N/A,D - DRIVER,1 - CLEAR,45202
22XX RIVER RD,39.101173,-84.552881,UNKNOWN,LOWER PRICE HILL,LOWER PRICE  HILL,08/27/2018 02:20:00 AM +0000,01 - NOT AN INTERSECTION,3 - PROPERTY DAMAGE ONLY (PDO),3,08/27/2018 02:27:00 AM +0000,MON,,1 - NO INJURY / NONE REPORTED,B33ACC8C-8782-4553-839F-54829A3A1D47,4 - DARK - LIGHTED ROADWAY,185011936,1 - NOT COLLISION BETWEEN TWO MOTOR VEHICLES IN TRANSPORT,01 - DRY,3 - CURVE LEVEL,"2 - BLACKTOP, BITUMINOUS, ASPHALT",LOWER PRICE HILL,D - DRIVER,1 - CLEAR,45204
17XX MAIN ST,39.114493,84.512421,UNDER 18,N/A,N/A,08/17/2018 09:06:00 AM +0000,04 - Y-INTERSECTION,3 - PROPERTY DAMAGE ONLY (PDO),3,08/17/2018 10:07:39 AM +0000,FRI,F - FEMALE,1 - NO INJURY / NONE REPORTED,4A5CFA01-3BA2-4CFD-BC4B-27985B35B7D7,1 - DAYLIGHT,185011477,1 - NOT COLLISION BETWEEN TWO MOTOR VEHICLES IN TRANSPORT,01 - DRY,4 - CURVE GRADE,"2 - BLACKTOP, BITUMINOUS, ASPHALT",N/A,O - OCCUPANT,2 - CLOUDY,45202
48XX PADDOCK RD,39.174747,-84.478954,31-40,BOND HILL,BONDHILL,08/06/2018 04:11:00 PM +0000,01 - NOT AN INTERSECTION,3 - PROPERTY DAMAGE ONLY (PDO),3,08/06/2018 04:11:00 PM +0000,MON,M - MALE,1 - NO INJURY / NONE REPORTED,0105D28C-2565-478A-8232-B53F23A2CF7E,1 - DAYLIGHT,185010907,2 - REAR-END,01 - DRY,1 - STRAIGHT LEVEL,"2 - BLACKTOP, BITUMINOUS, ASPHALT",BOND HILL,D - DRIVER,2 - CLOUDY,45237
12XX HOPPLE ST,39.136819,84.537042,31-40,N/A,N/A,08/04/2018 11:50:53 AM +0000,03 - T-INTERSECTION,2 - INJURY,2,08/04/2018 11:59:07 AM +0000,SAT,M - MALE,1 - NO INJURY / NONE REPORTED,E84CF189-DD6B-4462-8A48-0CCE90FBE259,1 - DAYLIGHT,185010807,2 - REAR-END,01 - DRY,2 - STRAIGHT GRADE,1 - CONCRETE,N/A,D - DRIVER,2 - CLOUDY,45225
17XX QUEEN CITY AV,39.126491,84.552237,31-40,N/A,N/A,08/22/2018 07:10:00 AM +0000,01 - NOT AN INTERSECTION,3 - PROPERTY DAMAGE ONLY (PDO),3,08/22/2018 07:35:00 AM +0000,WED,M - MALE,1 - NO INJURY / NONE REPORTED,E640B57F-3A31-45ED-8810-80A9A110C4B7,1 - DAYLIGHT,185011711,2 - REAR-END,01 - DRY,1 - STRAIGHT LEVEL,"2 - BLACKTOP, BITUMINOUS, ASPHALT",N/A,D - DRIVER,1 - CLEAR,45214
19XX ANDINA AV,39.174449,-84.46136,51-60,BOND HILL,BONDHILL,08/06/2018 04:42:00 PM +0000,01 - NOT AN INTERSECTION,3 - PROPERTY DAMAGE ONLY (PDO),3,08/06/2018 04:43:00 PM +0000,MON,M - MALE,1 - NO INJURY / NONE REPORTED,EAD3DCA6-8B63-477D-A2B5-4C9D3FD2D05E,1 - DAYLIGHT,185010895,"7 - SIDESWIPE, SAME DIRECTION",01 - DRY,1 - STRAIGHT LEVEL,"2 - BLACKTOP, BITUMINOUS, ASPHALT",BOND HILL,O - OCCUPANT,1 - CLEAR,45237
24XX HARRISON AV,39.142233,-84.582305,18-25,WESTWOOD,WESTWOOD,08/07/2018 08:20:00 PM +0000,01 - NOT AN INTERSECTION,3 - PROPERTY DAMAGE ONLY (PDO),3,08/07/2018 08:23:00 PM +0000,TUE,F - FEMALE,1 - NO INJURY / NONE REPORTED,097E6465-A8A9-48CC-8616-0024D3987B31,1 - DAYLIGHT,185010984,2 - REAR-END,01 - DRY,1 - STRAIGHT LEVEL,"2 - BLACKTOP, BITUMINOUS, ASPHALT",WESTWOOD,D - DRIVER,1 - CLEAR,45211
36XX MONTGOMERY RD,39.144178,84.471425,41-50,N/A,N/A,08/06/2018 04:24:00 PM +0000,02 - FOUR-WAY INTERSECTION,3 - PROPERTY DAMAGE ONLY (PDO),3,08/06/2018 04:42:00 PM +0000,MON,F - FEMALE,1 - NO INJURY / NONE REPORTED,5EF7D628-E9B5-472B-A9D5-5BB5A9A0BA4A,1 - DAYLIGHT,185010894,6 - ANGLE,01 - DRY,1 - STRAIGHT LEVEL,"2 - BLACKTOP, BITUMINOUS, ASPHALT",N/A,D - DRIVER,1 - CLEAR,45207
20XX LANGDON FARM RD,39.183276,-84.455631,UNDER 18,ROSELAWN,BONDHILL,08/04/2018 05:35:00 PM +0000,01 - NOT AN INTERSECTION,2 - INJURY,2,08/04/2018 05:37:00 PM +0000,SAT,M - MALE,1 - NO INJURY / NONE REPORTED,009BDE0C-437C-4AA3-A7F4-B25F7170338B,1 - DAYLIGHT,185010829,6 - ANGLE,01 - DRY,1 - STRAIGHT LEVEL,"2 - BLACKTOP, BITUMINOUS, ASPHALT",ROSELAWN,O - OCCUPANT,1 - CLEAR,45237
59XX MONTGOMERY RD,39.180811,84.433046,31-40,N/A,N/A,08/10/2018 10:50:14 AM +0000,02 - FOUR-WAY INTERSECTION,3 - PROPERTY DAMAGE ONLY (PDO),3,08/10/2018 10:50:15 AM +0000,FRI,M - MALE,1 - NO INJURY / NONE REPORTED,61A513A8-38DC-4E68-A1E3-D95124D22CDD,1 - DAYLIGHT,185011090,6 - ANGLE,01 - DRY,1 - STRAIGHT LEVEL,"2 - BLACKTOP, BITUMINOUS, ASPHALT",N/A,D - DRIVER,2 - CLOUDY,45213
54XX COLERAIN AV,39.190818,84.570787,26-30,N/A,N/A,08/10/2018 06:45:00 PM +0000,02 - FOUR-WAY INTERSECTION,3 - PROPERTY DAMAGE ONLY (PDO),3,08/11/2018 09:12:30 AM +0000,FRI,F - FEMALE,1 - NO INJURY / NONE REPORTED,AF26BC1D-B9E5-4588-963D-74049893DBE1,1 - DAYLIGHT,185011155,2 - REAR-END,99 - UNKNOWN,1 - STRAIGHT LEVEL,"2 - BLACKTOP, BITUMINOUS, ASPHALT",N/A,D - DRIVER,2 - CLOUDY,45223
2XX E MEHRING WAY,39.095431,84.507798,31-40,N/A,N/A,08/24/2018 03:30:00 PM +0000,03 - T-INTERSECTION,3 - PROPERTY DAMAGE ONLY (PDO),3,08/24/2018 03:33:00 PM +0000,FRI,F - FEMALE,1 - NO INJURY / NONE REPORTED,087A53A5-AC3B-4640-8333-0EE5483CD9CF,1 - DAYLIGHT,185011844,"7 - SIDESWIPE, SAME DIRECTION",01 - DRY,1 - STRAIGHT LEVEL,1 - CONCRETE,N/A,D - DRIVER,1 - CLEAR,45202
52XX GLENWAY AV,39.123455,84.603961,18-25,N/A,N/A,08/13/2018 12:41:00 PM +0000,02 - FOUR-WAY INTERSECTION,3 - PROPERTY DAMAGE ONLY (PDO),3,08/13/2018 12:51:00 PM +0000,MON,F - FEMALE,1 - NO INJURY / NONE REPORTED,CBDE79EF-299E-415C-A899-8C4D0056B03A,1 - DAYLIGHT,185011249,2 - REAR-END,01 - DRY,1 - STRAIGHT LEVEL,"2 - BLACKTOP, BITUMINOUS, ASPHALT",N/A,D - DRIVER,1 - CLEAR,45238
32XX MONTANA AV,39.103729,-84.512806,26-30,DOWNTOWN,C. B. D. / RIVERFRONT,08/22/2018 03:55:22 PM +0000,03 - T-INTERSECTION,3 - PROPERTY DAMAGE ONLY (PDO),3,08/22/2018 04:02:23 PM +0000,WED,M - MALE,1 - NO INJURY / NONE REPORTED,C2F1AC3A-5B8E-470A-B5A9-4A7A9E00102A,1 - DAYLIGHT,185011743,6 - ANGLE,01 - DRY,1 - STRAIGHT LEVEL,"2 - BLACKTOP, BITUMINOUS, ASPHALT",DOWNTOWN,D - DRIVER,1 - CLEAR,45211
X W NORWOOD LATERAL,39.163571,-84.428861,51-60,OAKLEY,OAKLEY,08/23/2018 02:22:00 PM +0000,01 - NOT AN INTERSECTION,2 - INJURY,2,08/23/2018 02:22:00 PM +0000,THU,M - MALE,2 - POSSIBLE,E072F4CD-CD03-468C-A7AA-7E7709CB2E0F,1 - DAYLIGHT,185011804,2 - REAR-END,01 - DRY,2 - STRAIGHT GRADE,"2 - BLACKTOP, BITUMINOUS, ASPHALT",OAKLEY,D - DRIVER,1 - CLEAR,45209
7XX W 7TH ST,39.102481,84.523971,UNKNOWN,N/A,N/A,08/18/2018 01:16:00 AM +0000,01 - NOT AN INTERSECTION,3 - PROPERTY DAMAGE ONLY (PDO),3,08/18/2018 01:20:00 AM +0000,SAT,,1 - NO INJURY / NONE REPORTED,BFAF9791-BB17-4233-9A3F-F39288A5DE63,4 - DARK - LIGHTED ROADWAY,185011533,1 - NOT COLLISION BETWEEN TWO MOTOR VEHICLES IN TRANSPORT,01 - DRY,1 - STRAIGHT LEVEL,1 - CONCRETE,N/A,D - DRIVER,1 - CLEAR,45203
34XX WERK RD,39.140379,-84.618921,31-40,WESTWOOD,WESTWOOD,08/21/2018 05:05:00 PM +0000,01 - NOT AN INTERSECTION,3 - PROPERTY DAMAGE ONLY (PDO),3,08/21/2018 05:10:00 PM +0000,TUE,F - FEMALE,1 - NO INJURY / NONE REPORTED,F8D371C9-5D86-419C-9193-33B24AFF19B4,1 - DAYLIGHT,185011733,6 - ANGLE,01 - DRY,1 - STRAIGHT LEVEL,"2 - BLACKTOP, BITUMINOUS, ASPHALT",WESTWOOD,D - DRIVER,2 - CLOUDY,45211
28XX MARKBREIT AV,39.153521,-84.430851,18-25,OAKLEY,OAKLEY,08/16/2018 09:48:00 PM +0000,02 - FOUR-WAY INTERSECTION,3 - PROPERTY DAMAGE ONLY (PDO),3,08/16/2018 09:58:00 PM +0000,THU,F - FEMALE,1 - NO INJURY / NONE REPORTED,FA560143-48EA-46DA-B3C7-96FD8044109F,4 - DARK - LIGHTED ROADWAY,185011457,6 - ANGLE,02 - WET,1 - STRAIGHT LEVEL,"2 - BLACKTOP, BITUMINOUS, ASPHALT",OAKLEY,D - DRIVER,2 - CLOUDY,45209
S I75 AT 1-8 MM,39.115402,-84.531835,18-25,WEST END,WEST  END,08/13/2018 06:37:00 AM +0000,01 - NOT AN INTERSECTION,3 - PROPERTY DAMAGE ONLY (PDO),3,08/13/2018 06:37:00 AM +0000,MON,M - MALE,1 - NO INJURY / NONE REPORTED,0203C465-CA03-4667-BD59-73B3738F4E50,1 - DAYLIGHT,185011235,"7 - SIDESWIPE, SAME DIRECTION",01 - DRY,1 - STRAIGHT LEVEL,"2 - BLACKTOP, BITUMINOUS, ASPHALT",QUEENSGATE,D - DRIVER,1 - CLEAR,45214
21XX LANGDON FARM RD,39.104901,84.270771,61-70,N/A,N/A,08/12/2018 04:10:00 PM +0000,01 - NOT AN INTERSECTION,3 - PROPERTY DAMAGE ONLY (PDO),3,08/12/2018 04:15:00 PM +0000,SUN,F - FEMALE,1 - NO INJURY / NONE REPORTED,EA2DB676-2762-485F-AAB1-84E070568AD8,1 - DAYLIGHT,185011220,2 - REAR-END,01 - DRY,1 - STRAIGHT LEVEL,1 - CONCRETE,N/A,D - DRIVER,1 - CLEAR,45237
30XX CLIFTON AV,39.13606,84.520291,31-40,N/A,N/A,08/08/2018 06:10:00 AM +0000,02 - FOUR-WAY INTERSECTION,2 - INJURY,2,08/08/2018 06:14:00 AM +0000,WED,F - FEMALE,2 - POSSIBLE,40A3652A-0615-43AD-B24E-4FA7EA4E7069,2 - DAWN,185010991,6 - ANGLE,02 - WET,1 - STRAIGHT LEVEL,"2 - BLACKTOP, BITUMINOUS, ASPHALT",N/A,D - DRIVER,2 - CLOUDY,45220
12XX CHASE AV,39.163867,-84.532342,51-60,NORTHSIDE,NORTHSIDE,08/11/2018 02:15:00 PM +0000,02 - FOUR-WAY INTERSECTION,3 - PROPERTY DAMAGE ONLY (PDO),3,08/11/2018 02:40:00 PM +0000,SAT,M - MALE,1 - NO INJURY / NONE REPORTED,DA29EBA9-48E3-4BF4-AFFA-E58F4572A1CF,1 - DAYLIGHT,185011180,6 - ANGLE,02 - WET,1 - STRAIGHT LEVEL,1 - CONCRETE,NORTHSIDE,D - DRIVER,4 - RAIN,45223
50XX HAWAIIAN TE,39.183556,-84.563828,41-50,MOUNT AIRY,MOUNT AIRY,08/03/2018 09:45:00 AM +0000,01 - NOT AN INTERSECTION,3 - PROPERTY DAMAGE ONLY (PDO),3,08/03/2018 06:05:00 PM +0000,FRI,F - FEMALE,1 - NO INJURY / NONE REPORTED,FE0E10FE-8D06-4A27-B50F-45D73867D6CA,1 - DAYLIGHT,185010773,1 - NOT COLLISION BETWEEN TWO MOTOR VEHICLES IN TRANSPORT,01 - DRY,2 - STRAIGHT GRADE,1 - CONCRETE,MT. AIRY,O - OCCUPANT,1 - CLEAR,45223
62XX GLENWAY AV,39.149288,-84.622955,26-30,WESTWOOD,WESTWOOD,08/23/2018 07:50:00 PM +0000,03 - T-INTERSECTION,2 - INJURY,2,08/23/2018 07:59:00 PM +0000,THU,F - FEMALE,1 - NO INJURY / NONE REPORTED,5F949FE4-7E29-49FD-81CD-FBD590361EE4,3 - DUSK,185011806,6 - ANGLE,01 - DRY,1 - STRAIGHT LEVEL,"2 - BLACKTOP, BITUMINOUS, ASPHALT",WESTWOOD,O - OCCUPANT,1 - CLEAR,45211
8XX W 8TH ST,39.101681,84.527359,26-30,N/A,N/A,08/03/2018 02:20:00 PM +0000,01 - NOT AN INTERSECTION,2 - INJURY,2,08/03/2018 02:21:00 PM +0000,FRI,F - FEMALE,2 - POSSIBLE,A65AF3F0-171A-4EE6-9804-128AB206B5A5,1 - DAYLIGHT,185010760,6 - ANGLE,01 - DRY,2 - STRAIGHT GRADE,1 - CONCRETE,N/A,D - DRIVER,2 - CLOUDY,45203
55XX GLENWAY AV,39.131431,84.610745,31-40,N/A,N/A,08/15/2018 05:44:00 PM +0000,01 - NOT AN INTERSECTION,3 - PROPERTY DAMAGE ONLY (PDO),3,08/15/2018 05:48:00 PM +0000,WED,F - FEMALE,1 - NO INJURY / NONE REPORTED,D2C31FB8-0141-43F2-AC4A-253DC4B06A90,1 - DAYLIGHT,185011383,2 - REAR-END,02 - WET,2 - STRAIGHT GRADE,"2 - BLACKTOP, BITUMINOUS, ASPHALT",N/A,D - DRIVER,1 - CLEAR,45238
32XX MADISON RD,39.155651,84.425871,51-60,N/A,N/A,08/02/2018 07:57:00 AM +0000,01 - NOT AN INTERSECTION,3 - PROPERTY DAMAGE ONLY (PDO),3,08/02/2018 08:06:00 AM +0000,THU,M - MALE,1 - NO INJURY / NONE REPORTED,403D77A5-D241-423F-9142-68C9C5131672,1 - DAYLIGHT,185010692,"7 - SIDESWIPE, SAME DIRECTION",01 - DRY,1 - STRAIGHT LEVEL,"2 - BLACKTOP, BITUMINOUS, ASPHALT",N/A,D - DRIVER,2 - CLOUDY,45209
S I75 AT 10-4 MM,39.204368,84.467321,26-30,N/A,N/A,08/03/2018 12:30:00 PM +0000,01 - NOT AN INTERSECTION,3 - PROPERTY DAMAGE ONLY (PDO),3,08/03/2018 12:35:00 PM +0000,FRI,M - MALE,1 - NO INJURY / NONE REPORTED,C8491583-C0D6-411B-B686-EB3F8BF3FD58,1 - DAYLIGHT,185010755,2 - REAR-END,01 - DRY,1 - STRAIGHT LEVEL,"2 - BLACKTOP, BITUMINOUS, ASPHALT",N/A,D - DRIVER,1 - CLEAR,45237
25XX HARRISON,39.141723,-84.585047,51-60,WESTWOOD,WESTWOOD,08/26/2018 05:15:00 PM +0000,01 - NOT AN INTERSECTION,3 - PROPERTY DAMAGE ONLY (PDO),3,08/26/2018 05:26:00 PM +0000,SUN,M - MALE,1 - NO INJURY / NONE REPORTED,067196A4-6A41-4009-B0FC-0646B8C48A77,1 - DAYLIGHT,185011930,"7 - SIDESWIPE, SAME DIRECTION",01 - DRY,1 - STRAIGHT LEVEL,"2 - BLACKTOP, BITUMINOUS, ASPHALT",WESTWOOD,D - DRIVER,1 - CLEAR,45211
44XX GLENWAY AV,39.112014,-84.587797,31-40,WEST PRICE HILL,WEST PRICE HILL,08/09/2018 04:40:00 PM +0000,03 - T-INTERSECTION,3 - PROPERTY DAMAGE ONLY (PDO),3,08/09/2018 04:40:00 PM +0000,THU,M - MALE,1 - NO INJURY / NONE REPORTED,569ACA7B-5A28-4E13-8D46-D74E76776D0D,1 - DAYLIGHT,185011070,6 - ANGLE,01 - DRY,1 - STRAIGHT LEVEL,"2 - BLACKTOP, BITUMINOUS, ASPHALT",WEST PRICE HILL,D - DRIVER,1 - CLEAR,45205
XX E SEYMOUR AV,39.194805,-84.478286,51-60,CARTHAGE,CARTHAGE,08/07/2018 09:15:00 PM +0000,01 - NOT AN INTERSECTION,2 - INJURY,2,08/07/2018 09:15:00 PM +0000,TUE,M - MALE,2 - POSSIBLE,8DAF4E49-35F6-4376-9BD4-2B992C5DFA16,4 - DARK - LIGHTED ROADWAY,185011035,1 - NOT COLLISION BETWEEN TWO MOTOR VEHICLES IN TRANSPORT,01 - DRY,2 - STRAIGHT GRADE,"2 - BLACKTOP, BITUMINOUS, ASPHALT",CARTHAGE,D - DRIVER,2 - CLOUDY,45216
34XX WERK RD,39.141409,-84.618141,18-25,WESTWOOD,WESTWOOD,08/21/2018 05:05:00 PM +0000,01 - NOT AN INTERSECTION,3 - PROPERTY DAMAGE ONLY (PDO),3,08/21/2018 05:10:00 PM +0000,TUE,F - FEMALE,1 - NO INJURY / NONE REPORTED,F8D371C9-5D86-419C-9193-33B24AFF19B4,1 - DAYLIGHT,185011733,6 - ANGLE,01 - DRY,1 - STRAIGHT LEVEL,"2 - BLACKTOP, BITUMINOUS, ASPHALT",WESTWOOD,D - DRIVER,2 - CLOUDY,45211
S I75 AT 8-0 MM,39.176922,-84.486972,61-70,BOND HILL,BONDHILL,08/06/2018 03:44:00 PM +0000,01 - NOT AN INTERSECTION,3 - PROPERTY DAMAGE ONLY (PDO),3,08/06/2018 03:46:00 PM +0000,MON,M - MALE,1 - NO INJURY / NONE REPORTED,71D2BD52-690C-4C43-BB33-587BABC5221D,1 - DAYLIGHT,185010886,2 - REAR-END,02 - WET,3 - CURVE LEVEL,1 - CONCRETE,BOND HILL,D - DRIVER,4 - RAIN,45237
23XX VICTORY PY,39.184018,84.421653,61-70,N/A,N/A,08/20/2018 06:20:00 PM +0000,02 - FOUR-WAY INTERSECTION,3 - PROPERTY DAMAGE ONLY (PDO),3,08/20/2018 06:21:00 PM +0000,MON,M - MALE,1 - NO INJURY / NONE REPORTED,A8B8AAB9-7174-4454-A555-27708038E743,1 - DAYLIGHT,185011652,1 - NOT COLLISION BETWEEN TWO MOTOR VEHICLES IN TRANSPORT,01 - DRY,1 - STRAIGHT LEVEL,"2 - BLACKTOP, BITUMINOUS, ASPHALT",N/A,P - PEDESTRIAN,1 - CLEAR,45206
73XX VINE ST,39.197819,-84.477711,51-60,CARTHAGE,CARTHAGE,08/11/2018 02:49:00 PM +0000,02 - FOUR-WAY INTERSECTION,3 - PROPERTY DAMAGE ONLY (PDO),3,08/11/2018 02:49:00 PM +0000,SAT,M - MALE,1 - NO INJURY / NONE REPORTED,7FC4C257-1A92-4856-83C4-5D8C771D7297,1 - DAYLIGHT,185011181,6 - ANGLE,01 - DRY,1 - STRAIGHT LEVEL,"2 - BLACKTOP, BITUMINOUS, ASPHALT",CARTHAGE,D - DRIVER,1 - CLEAR,45216
9XX EZZARD CHARLES DR,39.109101,84.531937,UNDER 18,N/A,N/A,08/18/2018 11:35:00 AM +0000,02 - FOUR-WAY INTERSECTION,2 - INJURY,2,08/18/2018 11:45:00 AM +0000,SAT,M - MALE,2 - POSSIBLE,2E49B1AA-C47E-44C5-A098-42A21AB8AAC6,1 - DAYLIGHT,185011540,6 - ANGLE,01 - DRY,1 - STRAIGHT LEVEL,"2 - BLACKTOP, BITUMINOUS, ASPHALT",N/A,O - OCCUPANT,1 - CLEAR,45203
8XX WEST 6TH ST,39.100584,84.524328,41-50,N/A,N/A,08/20/2018 03:50:00 PM +0000,04 - Y-INTERSECTION,2 - INJURY,2,08/27/2018 03:15:00 PM +0000,MON,F - FEMALE,2 - POSSIBLE,CF577FD2-FD9B-4AF7-8D48-B336BD705A4D,1 - DAYLIGHT,185012004,2 - REAR-END,01 - DRY,1 - STRAIGHT LEVEL,"2 - BLACKTOP, BITUMINOUS, ASPHALT",N/A,D - DRIVER,1 - CLEAR,45203
72XX EASTLAWN DR,39.19491,-84.454813,31-40,ROSELAWN,ROSELAWN,08/23/2018 03:30:00 PM +0000,03 - T-INTERSECTION,2 - INJURY,2,08/23/2018 08:00:00 PM +0000,THU,M - MALE,2 - POSSIBLE,EEFC30CD-821B-4F5C-B470-43542245EC2C,1 - DAYLIGHT,185011807,1 - NOT COLLISION BETWEEN TWO MOTOR VEHICLES IN TRANSPORT,01 - DRY,1 - STRAIGHT LEVEL,"2 - BLACKTOP, BITUMINOUS, ASPHALT",ROSELAWN,O - OCCUPANT,1 - CLEAR,45237
12XX HERSCHEL AV,39.133065,-84.421891,26-30,MOUNT LOOKOUT,MT.  LOOKOUT,08/16/2018 12:22:00 PM +0000,10 - DRIVEWAY/ALLEY ACCESS,3 - PROPERTY DAMAGE ONLY (PDO),3,08/16/2018 12:22:00 PM +0000,THU,F - FEMALE,1 - NO INJURY / NONE REPORTED,66BDC297-C789-4F1D-85CF-77E346DE7A04,1 - DAYLIGHT,185011415,6 - ANGLE,02 - WET,1 - STRAIGHT LEVEL,1 - CONCRETE,MT. LOOKOUT,D - DRIVER,4 - RAIN,45208
40XX BEEKMAN ST,39.157567,-84.551006,31-40,SOUTH CUMMINSVILLE,S.. CUMMINSVILLE,08/03/2018 06:39:00 PM +0000,02 - FOUR-WAY INTERSECTION,3 - PROPERTY DAMAGE ONLY (PDO),3,08/03/2018 06:44:00 PM +0000,FRI,M - MALE,1 - NO INJURY / NONE REPORTED,B6724BE6-2036-4927-A090-74946A108E59,1 - DAYLIGHT,185010782,6 - ANGLE,01 - DRY,1 - STRAIGHT LEVEL,"2 - BLACKTOP, BITUMINOUS, ASPHALT",SOUTH CUMMINSVILLE,D - DRIVER,1 - CLEAR,45225
31XX GLENHILLS WY,39.128384,84.602604,41-50,N/A,N/A,08/09/2018 08:35:00 AM +0000,03 - T-INTERSECTION,3 - PROPERTY DAMAGE ONLY (PDO),3,08/09/2018 08:38:00 AM +0000,THU,M - MALE,1 - NO INJURY / NONE REPORTED,C4BC5C6C-4CA9-453B-903C-B810E22087D9,1 - DAYLIGHT,185011054,2 - REAR-END,01 - DRY,1 - STRAIGHT LEVEL,"2 - BLACKTOP, BITUMINOUS, ASPHALT",N/A,D - DRIVER,1 - CLEAR,45238
9XX RACE ST,39.104628,84.516413,31-40,N/A,N/A,08/04/2018 08:35:00 AM +0000,02 - FOUR-WAY INTERSECTION,2 - INJURY,2,08/04/2018 08:36:00 AM +0000,SAT,F - FEMALE,1 - NO INJURY / NONE REPORTED,60E9A205-C902-422F-8691-D8739B10E495,1 - DAYLIGHT,185010801,6 - ANGLE,01 - DRY,1 - STRAIGHT LEVEL,"2 - BLACKTOP, BITUMINOUS, ASPHALT",N/A,D - DRIVER,1 - CLEAR,45202
20XX LANGDON FARM RD,39.183216,-84.455441,UNDER 18,ROSELAWN,BONDHILL,08/04/2018 05:35:00 PM +0000,01 - NOT AN INTERSECTION,2 - INJURY,2,08/04/2018 05:37:00 PM +0000,SAT,M - MALE,1 - NO INJURY / NONE REPORTED,009BDE0C-437C-4AA3-A7F4-B25F7170338B,1 - DAYLIGHT,185010829,6 - ANGLE,01 - DRY,1 - STRAIGHT LEVEL,"2 - BLACKTOP, BITUMINOUS, ASPHALT",ROSELAWN,O - OCCUPANT,1 - CLEAR,45237