ADDRESS_X,LATITUDE_X,LONGITUDE_X,AGE,COMMUNITY_COUNCIL_NEIGHBORHOOD,CPD_NEIGHBORHOOD,CRASHDATE,CRASHLOCATION,CRASHSEVERITY,CRASHSEVERITYID,DATECRASHREPORTED,DAYOFWEEK,GENDER,INJURIES,INSTANCEID,LIGHTCONDITIONSPRIMARY,LOCALREPORTNO,MANNEROFCRASH,ROADCONDITIONSPRIMARY,ROADCONTOUR,ROADSURFACE,SNA_NEIGHBORHOOD,TYPEOFPERSON,WEATHER,ZIP
76XX READING RD,39.201297,84.456284,41-50,N/A,N/A,08/04/2018 02:02:00 PM +0000,01 - NOT AN INTERSECTION,3 - PROPERTY DAMAGE ONLY (PDO),3,08/04/2018 02:02:00 PM +0000,SAT,F - FEMALE,1 - NO INJURY / NONE REPORTED,82C3CC44-9471-4FB5-A17B-92174724950B,1 - DAYLIGHT,185010814,4 - REAR-TO-REAR,01 - DRY,1 - STRAIGHT LEVEL,"2 - BLACKTOP, BITUMINOUS, ASPHALT",N/A,D - DRIVER,1 - CLEAR,45237
39XX BEEKMAN ST,39.158743,84.551013,41-50,N/A,N/A,08/14/2018 07:51:00 AM +0000,08 - OFF RAMP,3 - PROPERTY DAMAGE ONLY (PDO),3,08/14/2018 07:51:00 AM +0000,TUE,M - MALE,1 - NO INJURY / NONE REPORTED,A31A017C-A397-4A25-B90B-F12FDE89D93C,1 - DAYLIGHT,185011284,6 - ANGLE,01 - DRY,1 - STRAIGHT LEVEL,"2 - BLACKTOP, BITUMINOUS, ASPHALT",N/A,D - DRIVER,1 - CLEAR,45223
S I71 AT 0-6 MM,39.097994,84.518006,61-70,N/A,N/A,08/17/2018 04:45:00 PM +0000,01 - NOT AN INTERSECTION,3 - PROPERTY DAMAGE ONLY (PDO),3,08/17/2018 04:47:00 PM +0000,FRI,M - MALE,1 - NO INJURY / NONE REPORTED,6E40290E-FD2C-4483-B883-BDD760D59D4E,1 - DAYLIGHT,185011513,2 - REAR-END,01 - DRY,1 - STRAIGHT LEVEL,"2 - BLACKTOP, BITUMINOUS, ASPHALT",N/A,D - DRIVER,2 - CLOUDY,
17XX COLUMBIA PY,39.116916,84.486528,UNKNOWN,N/A,N/A,08/15/2018 11:23:00 PM +0000,01 - NOT AN INTERSECTION,2 - INJURY,2,08/16/2018 09:41:03 PM +0000,WED,,1 - NO INJURY / NONE REPORTED,68C96E4C-4783-462E-B5C8-064DD4C17A58,5 - DARK – ROADWAY NOT LIGHTED,185011451,2 - REAR-END,02 - WET,1 - STRAIGHT LEVEL,"2 - BLACKTOP, BITUMINOUS, ASPHALT",N/A,D - DRIVER,4 - RAIN,45202
36XX VINE ST,39.149584,84.510345,18-25,N/A,N/A,08/08/2018 09:03:00 AM +0000,01 - NOT AN INTERSECTION,3 - PROPERTY DAMAGE ONLY (PDO),3,08/08/2018 09:06:00 AM +0000,WED,M - MALE,1 - NO INJURY / NONE REPORTED,40407B2C-4F26-4536-B9F5-50E571BBCEFC,1 - DAYLIGHT,185011001,"8 - SIDESWIPE, OPPOSITE DIRECTION",01 - DRY,1 - STRAIGHT LEVEL,"2 - BLACKTOP, BITUMINOUS, ASPHALT",N/A,D - DRIVER,2 - CLOUDY,45220
8XX FREEMAN AV,39.104621,-84.532141,UNKNOWN,QUEENSGATE,QUEENSGATE,08/03/2018 07:57:00 PM +0000,02 - FOUR-WAY INTERSECTION,3 - PROPERTY DAMAGE ONLY (PDO),3,08/03/2018 07:57:00 PM +0000,FRI,,1 - NO INJURY / NONE REPORTED,A3695D38-5B8D-4E00-AF22-B44DAA34DC2D,3 - DUSK,185010784,6 - ANGLE,01 - DRY,1 - STRAIGHT LEVEL,"2 - BLACKTOP, BITUMINOUS, ASPHALT",QUEENSGATE,D - DRIVER,1 - CLEAR,45203
21XX W NORTH BEND,39.202057,-84.562564,18-25,COLLEGE HILL,COLLEGE  HILL,08/02/2018 04:40:00 PM +0000,01 - NOT AN INTERSECTION,3 - PROPERTY DAMAGE ONLY (PDO),3,08/02/2018 04:41:00 PM +0000,THU,F - FEMALE,1 - NO INJURY / NONE REPORTED,93EC0836-11B2-48C7-A979-9104642C4FC2,1 - DAYLIGHT,185010711,"7 - SIDESWIPE, SAME DIRECTION",01 - DRY,1 - STRAIGHT LEVEL,"2 - BLACKTOP, BITUMINOUS, ASPHALT",COLLEGE HILL,D - DRIVER,1 - CLEAR,45224
47XX MARBURG AV,39.161103,-84.424483,41-50,OAKLEY,OAKLEY,08/28/2018 07:40:00 PM +0000,02 - FOUR-WAY INTERSECTION,3 - PROPERTY DAMAGE ONLY (PDO),3,08/28/2018 07:42:00 PM +0000,TUE,F - FEMALE,1 - NO INJURY / NONE REPORTED,EBEACB06-E29C-4903-A90D-EF24F9A74B91,1 - DAYLIGHT,185012029,6 - ANGLE,01 - DRY,1 - STRAIGHT LEVEL,"2 - BLACKTOP, BITUMINOUS, ASPHALT",OAKLEY,D - DRIVER,1 - CLEAR,45209
23XX BOONE ST,39.122593,84.497264,31-40,N/A,N/A,08/15/2018 12:02:00 PM +0000,02 - FOUR-WAY INTERSECTION,3 - PROPERTY DAMAGE ONLY (PDO),3,08/15/2018 12:02:00 PM +0000,WED,M - MALE,1 - NO INJURY / NONE REPORTED,6F1274C2-5BA5-4FF8-AF43-CBBE1C628847,1 - DAYLIGHT,185011345,6 - ANGLE,01 - DRY,2 - STRAIGHT GRADE,"2 - BLACKTOP, BITUMINOUS, ASPHALT",N/A,D - DRIVER,2 - CLOUDY,45206
50XX RIDGE AV,39.164446,84.423481,26-30,N/A,N/A,08/04/2018 08:35:00 AM +0000,01 - NOT AN INTERSECTION,3 - PROPERTY DAMAGE ONLY (PDO),3,08/04/2018 08:50:00 AM +0000,SAT,F - FEMALE,1 - NO INJURY / NONE REPORTED,F35FFFE0-FE8B-4616-B5D1-E96C90769ED7,1 - DAYLIGHT,185010800,1 - NOT COLLISION BETWEEN TWO MOTOR VEHICLES IN TRANSPORT,01 - DRY,4 - CURVE GRADE,"2 - BLACKTOP, BITUMINOUS, ASPHALT",N/A,D - DRIVER,1 - CLEAR,45209
56XX HAMILTON AVENUE,39.194231,84.555581,26-30,N/A,N/A,08/16/2018 02:45:00 PM +0000,01 - NOT AN INTERSECTION,3 - PROPERTY DAMAGE ONLY (PDO),3,08/16/2018 02:54:00 PM +0000,THU,M - MALE,1 - NO INJURY / NONE REPORTED,5084CBB7-F327-449E-B225-D0A52243E502,1 - DAYLIGHT,185011426,2 - REAR-END,02 - WET,2 - STRAIGHT GRADE,"2 - BLACKTOP, BITUMINOUS, ASPHALT",N/A,D - DRIVER,4 - RAIN,45224
42XX VINE ST,39.161284,-84.505014,41-50,NORTH AVONDALE,CLIFTON,08/07/2018 05:59:00 PM +0000,02 - FOUR-WAY INTERSECTION,3 - PROPERTY DAMAGE ONLY (PDO),3,08/07/2018 06:00:00 PM +0000,TUE,F - FEMALE,1 - NO INJURY / NONE REPORTED,7D348371-E2F1-4F04-974A-34BAD2919EED,1 - DAYLIGHT,185010970,5 - BACKING,02 - WET,2 - STRAIGHT GRADE,"2 - BLACKTOP, BITUMINOUS, ASPHALT",CLIFTON,D - DRIVER,2 - CLOUDY,45217
12XX PURCELL AV,39.114441,84.563156,51-60,N/A,N/A,08/23/2018 11:40:00 AM +0000,01 - NOT AN INTERSECTION,2 - INJURY,2,08/23/2018 11:42:00 AM +0000,THU,M - MALE,2 - POSSIBLE,139E1B87-504B-4604-89EC-17A525EAE1AF,1 - DAYLIGHT,185011773,1 - NOT COLLISION BETWEEN TWO MOTOR VEHICLES IN TRANSPORT,01 - DRY,1 - STRAIGHT LEVEL,"2 - BLACKTOP, BITUMINOUS, ASPHALT",N/A,P - PEDESTRIAN,1 - CLEAR,45205
63XX GRACELY DR,39.107225,84.687973,61-70,N/A,N/A,08/04/2018 07:51:00 PM +0000,02 - FOUR-WAY INTERSECTION,3 - PROPERTY DAMAGE ONLY (PDO),3,08/04/2018 07:51:00 PM +0000,SAT,F - FEMALE,1 - NO INJURY / NONE REPORTED,40599206-D793-4DEA-AD6E-1C0AB6170850,1 - DAYLIGHT,185010834,6 - ANGLE,01 - DRY,1 - STRAIGHT LEVEL,1 - CONCRETE,N/A,D - DRIVER,1 - CLEAR,45233
50XX PADDOCK RD,39.177761,-84.477951,OVER 70,BOND HILL,BONDHILL,08/15/2018 04:51:00 PM +0000,02 - FOUR-WAY INTERSECTION,3 - PROPERTY DAMAGE ONLY (PDO),3,08/15/2018 04:51:00 PM +0000,WED,F - FEMALE,1 - NO INJURY / NONE REPORTED,09F9F826-8D56-4B4B-8C95-BEF23E7D62B5,1 - DAYLIGHT,185011384,"7 - SIDESWIPE, SAME DIRECTION",02 - WET,1 - STRAIGHT LEVEL,"2 - BLACKTOP, BITUMINOUS, ASPHALT",BOND HILL,D - DRIVER,4 - RAIN,45237
7XX VINE ST,39.10364,-84.513092,31-40,DOWNTOWN,C. B. D. / RIVERFRONT,08/09/2018 05:20:00 PM +0000,02 - FOUR-WAY INTERSECTION,3 - PROPERTY DAMAGE ONLY (PDO),3,08/09/2018 07:44:00 PM +0000,THU,M - MALE,1 - NO INJURY / NONE REPORTED,F09D9C47-D8E9-4EB3-AECE-C15BF8B8B807,1 - DAYLIGHT,185011074,"7 - SIDESWIPE, SAME DIRECTION",01 - DRY,1 - STRAIGHT LEVEL,1 - CONCRETE,DOWNTOWN,D - DRIVER,1 - CLEAR,45202
40XX ERIE AV,39.150899,84.404995,61-70,N/A,N/A,08/22/2018 12:10:52 PM +0000,01 - NOT AN INTERSECTION,3 - PROPERTY DAMAGE ONLY (PDO),3,08/22/2018 12:10:53 PM +0000,WED,M - MALE,1 - NO INJURY / NONE REPORTED,DF9E1F0C-A79B-41A9-A11B-173685BCFA92,1 - DAYLIGHT,185011722,"7 - SIDESWIPE, SAME DIRECTION",01 - DRY,3 - CURVE LEVEL,"2 - BLACKTOP, BITUMINOUS, ASPHALT",N/A,D - DRIVER,1 - CLEAR,45209
2XX GOODMAN AV,39.136891,-84.503563,OVER 70,CORRYVILLE,CORRYVILLE,08/06/2018 11:45:37 AM +0000,01 - NOT AN INTERSECTION,3 - PROPERTY DAMAGE ONLY (PDO),3,08/07/2018 10:27:38 AM +0000,MON,M - MALE,1 - NO INJURY / NONE REPORTED,FEFB46FC-821C-43E6-8EE5-43B4465D240B,1 - DAYLIGHT,185011015,"7 - SIDESWIPE, SAME DIRECTION",01 - DRY,1 - STRAIGHT LEVEL,1 - CONCRETE,CORRYVILLE,D - DRIVER,1 - CLEAR,45229
30XX CLIFTON AV,39.135851,84.520783,41-50,N/A,N/A,08/13/2018 12:50:00 PM +0000,02 - FOUR-WAY INTERSECTION,2 - INJURY,2,08/13/2018 01:03:00 PM +0000,MON,F - FEMALE,3 - NON-INCAPACITATING,70B3DA5B-80F4-4AA0-B8FB-1FE76A969D33,1 - DAYLIGHT,185011245,2 - REAR-END,01 - DRY,1 - STRAIGHT LEVEL,1 - CONCRETE,N/A,D - DRIVER,1 - CLEAR,45220
62XX PADDOCK RD,39.102201,-84.512321,UNKNOWN,DOWNTOWN,C. B. D. / RIVERFRONT,08/13/2018 11:40:00 AM +0000,01 - NOT AN INTERSECTION,2 - INJURY,2,08/13/2018 11:45:00 AM +0000,MON,,1 - NO INJURY / NONE REPORTED,9A655FC5-3739-40CA-B302-4396B6681E8E,1 - DAYLIGHT,185011244,2 - REAR-END,01 - DRY,2 - STRAIGHT GRADE,"2 - BLACKTOP, BITUMINOUS, ASPHALT",DOWNTOWN,D - DRIVER,1 - CLEAR,45216
55XX HAMILTON AV,39.191683,-84.545201,51-60,COLLEGE HILL,COLLEGE  HILL,08/06/2018 04:40:00 PM +0000,01 - NOT AN INTERSECTION,2 - INJURY,2,08/06/2018 04:44:17 PM +0000,MON,M - MALE,3 - NON-INCAPACITATING,DFD4C6D4-6450-4101-8CA8-BA848333FB9F,1 - DAYLIGHT,185010889,1 - NOT COLLISION BETWEEN TWO MOTOR VEHICLES IN TRANSPORT,01 - DRY,2 - STRAIGHT GRADE,"2 - BLACKTOP, BITUMINOUS, ASPHALT",COLLEGE HILL,D - DRIVER,1 - CLEAR,45224
73XX PADDOCK RD,39.194198,-84.476386,18-25,CARTHAGE,CARTHAGE,08/23/2018 09:05:00 AM +0000,01 - NOT AN INTERSECTION,3 - PROPERTY DAMAGE ONLY (PDO),3,08/23/2018 09:08:00 AM +0000,THU,M - MALE,1 - NO INJURY / NONE REPORTED,A10DA8AE-31B4-4E61-AACC-7FAAB91729C4,1 - DAYLIGHT,185011765,"7 - SIDESWIPE, SAME DIRECTION",01 - DRY,1 - STRAIGHT LEVEL,"2 - BLACKTOP, BITUMINOUS, ASPHALT",CARTHAGE,D - DRIVER,1 - CLEAR,45216
S I75 AT 4-1 MM,39.143521,84.535393,61-70,N/A,N/A,08/20/2018 04:35:00 PM +0000,01 - NOT AN INTERSECTION,3 - PROPERTY DAMAGE ONLY (PDO),3,08/20/2018 04:40:00 PM +0000,MON,M - MALE,1 - NO INJURY / NONE REPORTED,368C8683-B1BC-455E-83CB-BB86312E4546,1 - DAYLIGHT,185011643,2 - REAR-END,01 - DRY,1 - STRAIGHT LEVEL,"2 - BLACKTOP, BITUMINOUS, ASPHALT",N/A,D - DRIVER,1 - CLEAR,45223
13XX TENNESSEE AV,39.168914,84.471162,31-40,N/A,N/A,08/07/2018 01:30:00 PM +0000,02 - FOUR-WAY INTERSECTION,2 - INJURY,2,08/07/2018 01:40:00 PM +0000,TUE,F - FEMALE,2 - POSSIBLE,E7113308-9C84-46EA-A537-7BAE58424E12,1 - DAYLIGHT,185010956,2 - REAR-END,01 - DRY,1 - STRAIGHT LEVEL,"2 - BLACKTOP, BITUMINOUS, ASPHALT",N/A,O - OCCUPANT,2 - CLOUDY,45229
32XX VINE ST,39.137001,84.508533,18-25,N/A,N/A,08/17/2018 12:00:00 AM +0000,02 - FOUR-WAY INTERSECTION,2 - INJURY,2,08/17/2018 12:03:00 AM +0000,FRI,M - MALE,2 - POSSIBLE,81EDF3E6-4BDA-454F-95AF-8135D0137E06,4 - DARK - LIGHTED ROADWAY,185011463,6 - ANGLE,02 - WET,1 - STRAIGHT LEVEL,"2 - BLACKTOP, BITUMINOUS, ASPHALT",N/A,O - OCCUPANT,4 - RAIN,45220
45XX GLENWAY AV,39.112791,84.588965,26-30,N/A,N/A,08/07/2018 07:39:00 PM +0000,03 - T-INTERSECTION,2 - INJURY,2,08/07/2018 07:39:00 PM +0000,TUE,F - FEMALE,3 - NON-INCAPACITATING,3D137D55-3FB7-4B62-B7A2-09F795426AFF,1 - DAYLIGHT,185010978,3 - HEAD-ON,01 - DRY,3 - CURVE LEVEL,"2 - BLACKTOP, BITUMINOUS, ASPHALT",N/A,O - OCCUPANT,1 - CLEAR,45205
50XX COLERAIN AV,39.177109,84.561661,18-25,N/A,N/A,08/14/2018 03:54:06 AM +0000,01 - NOT AN INTERSECTION,2 - INJURY,2,08/14/2018 04:00:00 AM +0000,TUE,M - MALE,2 - POSSIBLE,90563DC2-321D-4B31-9B32-1424C95623BA,4 - DARK - LIGHTED ROADWAY,185011281,1 - NOT COLLISION BETWEEN TWO MOTOR VEHICLES IN TRANSPORT,01 - DRY,2 - STRAIGHT GRADE,"2 - BLACKTOP, BITUMINOUS, ASPHALT",N/A,D - DRIVER,1 - CLEAR,45223
2XX READING RD,39.130651,-84.497831,61-70,AVONDALE,AVONDALE,08/27/2018 10:15:00 AM +0000,01 - NOT AN INTERSECTION,3 - PROPERTY DAMAGE ONLY (PDO),3,08/27/2018 10:17:00 AM +0000,MON,M - MALE,1 - NO INJURY / NONE REPORTED,66040426-C503-46FE-AC07-8E5459B316B7,1 - DAYLIGHT,185011947,2 - REAR-END,01 - DRY,2 - STRAIGHT GRADE,"2 - BLACKTOP, BITUMINOUS, ASPHALT",AVONDALE,D - DRIVER,1 - CLEAR,45206
56XX RIDGE,39.176668,84.42693,26-30,N/A,N/A,08/25/2018 02:11:00 PM +0000,01 - NOT AN INTERSECTION,3 - PROPERTY DAMAGE ONLY (PDO),3,08/25/2018 02:12:00 PM +0000,SAT,F - FEMALE,1 - NO INJURY / NONE REPORTED,D5F415A1-316E-4069-A80B-F1931DABDF81,1 - DAYLIGHT,185011878,2 - REAR-END,02 - WET,1 - STRAIGHT LEVEL,"2 - BLACKTOP, BITUMINOUS, ASPHALT",N/A,D - DRIVER,4 - RAIN,45213
X W CORRY ST,39.127828,-84.509274,UNKNOWN,CORRYVILLE,CORRYVILLE,08/17/2018 03:45:00 PM +0000,01 - NOT AN INTERSECTION,3 - PROPERTY DAMAGE ONLY (PDO),3,08/17/2018 05:40:00 PM +0000,FRI,,1 - NO INJURY / NONE REPORTED,D7FCD6A1-FB80-45C0-8EDD-567AA0BF6060,1 - DAYLIGHT,185011505,6 - ANGLE,01 - DRY,1 - STRAIGHT LEVEL,"2 - BLACKTOP, BITUMINOUS, ASPHALT",CORRYVILLE,D - DRIVER,1 - CLEAR,45219
12XX MCKEONE AV,39.114913,84.586245,UNKNOWN,N/A,N/A,08/05/2018 07:00:00 AM +0000,01 - NOT AN INTERSECTION,3 - PROPERTY DAMAGE ONLY (PDO),3,08/05/2018 07:27:00 AM +0000,SUN,,1 - NO INJURY / NONE REPORTED,8F1E6CE8-B730-4C63-9205-56E26F88F8BB,9 - UNKNOWN,185010848,1 - NOT COLLISION BETWEEN TWO MOTOR VEHICLES IN TRANSPORT,99 - UNKNOWN,1 - STRAIGHT LEVEL,"2 - BLACKTOP, BITUMINOUS, ASPHALT",N/A,D - DRIVER,9 - OTHER/UNKNOWN,45205
8XX LEXINGTON AV,39.146847,-84.488058,18-25,AVONDALE,AVONDALE,08/13/2018 08:45:00 PM +0000,01 - NOT AN INTERSECTION,3 - PROPERTY DAMAGE ONLY (PDO),3,08/13/2018 09:00:00 PM +0000,MON,F - FEMALE,1 - NO INJURY / NONE REPORTED,60F20029-7F46-46D6-BE2C-9D1BEAFD4876,3 - DUSK,185011295,6 - ANGLE,01 - DRY,1 - STRAIGHT LEVEL,"2 - BLACKTOP, BITUMINOUS, ASPHALT",AVONDALE,D - DRIVER,1 - CLEAR,45229
73XX VINE ST,39.196219,-84.478051,31-40,CARTHAGE,CARTHAGE,08/11/2018 02:49:00 PM +0000,02 - FOUR-WAY INTERSECTION,3 - PROPERTY DAMAGE ONLY (PDO),3,08/11/2018 02:49:00 PM +0000,SAT,F - FEMALE,1 - NO INJURY / NONE REPORTED,7FC4C257-1A92-4856-83C4-5D8C771D7297,1 - DAYLIGHT,185011181,6 - ANGLE,01 - DRY,1 - STRAIGHT LEVEL,"2 - BLACKTOP, BITUMINOUS, ASPHALT",CARTHAGE,D - DRIVER,1 - CLEAR,45216
41XX DANE AV,39.161526,-84.533001,UNKNOWN,NORTHSIDE,NORTHSIDE,08/27/2018 05:49:13 PM +0000,02 - FOUR-WAY INTERSECTION,3 - PROPERTY DAMAGE ONLY (PDO),3,08/27/2018 06:23:35 PM +0000,MON,,1 - NO INJURY / NONE REPORTED,3D6C85D0-8A3F-43C3-8A58-417C3C0DEF4D,1 - DAYLIGHT,185011971,6 - ANGLE,01 - DRY,1 - STRAIGHT LEVEL,"2 - BLACKTOP, BITUMINOUS, ASPHALT",NORTHSIDE,D - DRIVER,1 - CLEAR,45223
28XX MONTANA AV,39.148058,84.595221,41-50,N/A,N/A,08/17/2018 06:39:00 PM +0000,01 - NOT AN INTERSECTION,3 - PROPERTY DAMAGE ONLY (PDO),3,08/17/2018 06:39:00 PM +0000,FRI,F - FEMALE,1 - NO INJURY / NONE REPORTED,1FF4A160-DC70-4AD4-9A75-C1A509C337D2,1 - DAYLIGHT,185011508,2 - REAR-END,01 - DRY,1 - STRAIGHT LEVEL,"2 - BLACKTOP, BITUMINOUS, ASPHALT",N/A,D - DRIVER,2 - CLOUDY,45211
39XX VINE ST,39.158471,-84.504021,51-60,NORTH AVONDALE,NORTH AVONDALE,08/06/2018 01:18:00 PM +0000,02 - FOUR-WAY INTERSECTION,3 - PROPERTY DAMAGE ONLY (PDO),3,08/06/2018 01:18:00 PM +0000,MON,M - MALE,1 - NO INJURY / NONE REPORTED,24B0F6DD-F108-47E5-AA2D-AED41D894AFA,1 - DAYLIGHT,185010884,6 - ANGLE,02 - WET,1 - STRAIGHT LEVEL,"2 - BLACKTOP, BITUMINOUS, ASPHALT",AVONDALE,D - DRIVER,4 - RAIN,45217
XX E HOLLISTER ST,39.125971,-84.509379,18-25,MOUNT AUBURN,MOUNT  AUBURN,08/20/2018 11:15:00 PM +0000,01 - NOT AN INTERSECTION,3 - PROPERTY DAMAGE ONLY (PDO),3,08/20/2018 11:15:00 PM +0000,MON,M - MALE,1 - NO INJURY / NONE REPORTED,1F91FB98-CA11-42AD-B250-54C002CD022F,4 - DARK - LIGHTED ROADWAY,185011663,5 - BACKING,02 - WET,2 - STRAIGHT GRADE,"2 - BLACKTOP, BITUMINOUS, ASPHALT",MT. AUBURN,D - DRIVER,2 - CLOUDY,45219
S I75 AT 9-2 MM,39.191514,84.477417,26-30,N/A,N/A,08/17/2018 05:45:00 PM +0000,01 - NOT AN INTERSECTION,2 - INJURY,2,08/17/2018 05:47:00 PM +0000,FRI,F - FEMALE,1 - NO INJURY / NONE REPORTED,F35238FE-821B-4B32-A209-719CC0E3CF12,1 - DAYLIGHT,185011515,2 - REAR-END,01 - DRY,1 - STRAIGHT LEVEL,"2 - BLACKTOP, BITUMINOUS, ASPHALT",N/A,D - DRIVER,2 - CLOUDY,45216
N I75 AT 8-1 MM,39.137791,-84.484845,18-25,WALNUT HILLS,WALNUT HILLS,08/14/2018 06:03:00 PM +0000,01 - NOT AN INTERSECTION,3 - PROPERTY DAMAGE ONLY (PDO),3,08/14/2018 06:04:00 PM +0000,TUE,F - FEMALE,1 - NO INJURY / NONE REPORTED,8614FFE3-E5A0-45A5-B6A8-F570C1D3F15B,1 - DAYLIGHT,185011313,"7 - SIDESWIPE, SAME DIRECTION",01 - DRY,1 - STRAIGHT LEVEL,"2 - BLACKTOP, BITUMINOUS, ASPHALT",WALNUT HILLS,D - DRIVER,2 - CLOUDY,45237
0.X W NORWOOD LATERAL,39.175013,-84.483649,OVER 70,BOND HILL,BONDHILL,08/23/2018 02:30:00 PM +0000,01 - NOT AN INTERSECTION,3 - PROPERTY DAMAGE ONLY (PDO),3,08/23/2018 02:32:00 PM +0000,THU,M - MALE,1 - NO INJURY / NONE REPORTED,F6B76186-FF03-444C-81DA-12768A64A863,1 - DAYLIGHT,185011784,2 - REAR-END,01 - DRY,1 - STRAIGHT LEVEL,"2 - BLACKTOP, BITUMINOUS, ASPHALT",BOND HILL,D - DRIVER,1 - CLEAR,45237
10XX WOODBRIAR LN,39.114071,-84.608225,UNKNOWN,WEST PRICE HILL,WEST PRICE HILL,08/10/2018 05:30:00 PM +0000,99 - UNKNOWN,3 - PROPERTY DAMAGE ONLY (PDO),3,08/11/2018 07:00:00 AM +0000,FRI,,1 - NO INJURY / NONE REPORTED,A0B3C735-CDE7-448E-BBBB-E68949420187,6 - DARK – UNKNOWN ROADWAY LIGHTING,185011160,9 - UNKNOWN,99 - UNKNOWN,9 - UNKNOWN,6 - OTHER,WEST PRICE HILL,D - DRIVER,9 - OTHER/UNKNOWN,45238
29XX CLIFTON AV,39.134003,-84.519673,18-25,CORRYVILLE - HEIGHTS,CLIFTON/UNIVERSITY HEIGHTS,08/22/2018 07:40:00 PM +0000,02 - FOUR-WAY INTERSECTION,3 - PROPERTY DAMAGE ONLY (PDO),3,08/22/2018 07:49:29 PM +0000,WED,F - FEMALE,1 - NO INJURY / NONE REPORTED,3084D2E2-1D68-4E4E-837E-7C25C8C8BA3E,1 - DAYLIGHT,185011754,6 - ANGLE,01 - DRY,1 - STRAIGHT LEVEL,"2 - BLACKTOP, BITUMINOUS, ASPHALT",CUF,D - DRIVER,1 - CLEAR,45221
S I75 AT 1-8 MM,39.114702,-84.532355,51-60,WEST END,WEST  END,08/10/2018 12:15:00 PM +0000,01 - NOT AN INTERSECTION,3 - PROPERTY DAMAGE ONLY (PDO),3,08/10/2018 12:15:00 PM +0000,FRI,M - MALE,1 - NO INJURY / NONE REPORTED,C6A453AD-C765-442E-BDB8-17668B1B9157,1 - DAYLIGHT,185011098,2 - REAR-END,01 - DRY,1 - STRAIGHT LEVEL,"2 - BLACKTOP, BITUMINOUS, ASPHALT",QUEENSGATE,D - DRIVER,2 - CLOUDY,45214
29XX HARRISON AV,39.147386,84.598073,31-40,N/A,N/A,08/19/2018 06:30:00 PM +0000,01 - NOT AN INTERSECTION,3 - PROPERTY DAMAGE ONLY (PDO),3,08/19/2018 06:40:00 PM +0000,SUN,F - FEMALE,1 - NO INJURY / NONE REPORTED,20E40586-9A5C-4441-905E-B17EE2E19245,1 - DAYLIGHT,185011598,"7 - SIDESWIPE, SAME DIRECTION",01 - DRY,1 - STRAIGHT LEVEL,"2 - BLACKTOP, BITUMINOUS, ASPHALT",N/A,D - DRIVER,1 - CLEAR,45211
23XX BEECHMONT AV,39.097523,84.388231,31-40,N/A,N/A,08/21/2018 09:40:00 PM +0000,01 - NOT AN INTERSECTION,3 - PROPERTY DAMAGE ONLY (PDO),3,08/21/2018 09:46:00 PM +0000,TUE,F - FEMALE,1 - NO INJURY / NONE REPORTED,C310A6ED-32A7-49E1-8A65-80F42410E024,4 - DARK - LIGHTED ROADWAY,185011708,"7 - SIDESWIPE, SAME DIRECTION",01 - DRY,2 - STRAIGHT GRADE,"2 - BLACKTOP, BITUMINOUS, ASPHALT",N/A,D - DRIVER,1 - CLEAR,45230
11XX MARTIN DR,39.108747,84.493201,26-30,N/A,N/A,08/28/2018 08:28:59 PM +0000,08 - OFF RAMP,2 - INJURY,2,08/28/2018 08:29:04 PM +0000,TUE,M - MALE,3 - NON-INCAPACITATING,86251B10-CC6A-4166-AD37-4E975E1D57B7,4 - DARK - LIGHTED ROADWAY,185012035,"7 - SIDESWIPE, SAME DIRECTION",01 - DRY,2 - STRAIGHT GRADE,"2 - BLACKTOP, BITUMINOUS, ASPHALT",N/A,D - DRIVER,1 - CLEAR,45202
13XX MAIN ST,39.110809,84.511672,UNKNOWN,N/A,N/A,08/24/2018 10:00:00 AM +0000,01 - NOT AN INTERSECTION,3 - PROPERTY DAMAGE ONLY (PDO),3,08/24/2018 11:15:00 AM +0000,FRI,,1 - NO INJURY / NONE REPORTED,7324FFD2-CEF9-43DE-BF72-59724EA44004,1 - DAYLIGHT,185011826,5 - BACKING,01 - DRY,1 - STRAIGHT LEVEL,"2 - BLACKTOP, BITUMINOUS, ASPHALT",N/A,D - DRIVER,1 - CLEAR,45202
2XX W CENTRAL PY,39.107336,84.517843,41-50,N/A,N/A,08/06/2018 01:11:00 PM +0000,01 - NOT AN INTERSECTION,3 - PROPERTY DAMAGE ONLY (PDO),3,08/06/2018 01:39:23 PM +0000,MON,F - FEMALE,1 - NO INJURY / NONE REPORTED,B203FB49-A494-478F-B3D0-D131235A9090,1 - DAYLIGHT,185010877,"7 - SIDESWIPE, SAME DIRECTION",01 - DRY,1 - STRAIGHT LEVEL,"2 - BLACKTOP, BITUMINOUS, ASPHALT",N/A,D - DRIVER,1 - CLEAR,45202
46XX MARBURG AV,39.161021,-84.425391,18-25,OAKLEY,OAKLEY,08/12/2018 06:20:00 PM +0000,02 - FOUR-WAY INTERSECTION,3 - PROPERTY DAMAGE ONLY (PDO),3,08/12/2018 06:24:00 PM +0000,SUN,F - FEMALE,1 - NO INJURY / NONE REPORTED,1D10D151-C536-4E32-A428-E60D3F312274,1 - DAYLIGHT,185011223,6 - ANGLE,01 - DRY,1 - STRAIGHT LEVEL,"2 - BLACKTOP, BITUMINOUS, ASPHALT",OAKLEY,D - DRIVER,1 - CLEAR,45209