ADDRESS_X,LATITUDE_X,LONGITUDE_X,AGE,COMMUNITY_COUNCIL_NEIGHBORHOOD,CPD_NEIGHBORHOOD,CRASHDATE,CRASHLOCATION,CRASHSEVERITY,CRASHSEVERITYID,DATECRASHREPORTED,DAYOFWEEK,GENDER,INJURIES,INSTANCEID,LIGHTCONDITIONSPRIMARY,LOCALREPORTNO,MANNEROFCRASH,ROADCONDITIONSPRIMARY,ROADCONTOUR,ROADSURFACE,SNA_NEIGHBORHOOD,TYPEOFPERSON,WEATHER,ZIP
24XX COLUMBIA PY,39.125761,84.464215,51-60,N/A,N/A,08/28/2018 08:09:00 PM +0000,02 - FOUR-WAY INTERSECTION,2 - INJURY,2,08/28/2018 08:09:00 PM +0000,TUE,M - MALE,2 - POSSIBLE,3646EFAF-4308-4B1C-97CA-E62C6C98AC8D,4 - DARK - LIGHTED ROADWAY,185012033,6 - ANGLE,01 - DRY,1 - STRAIGHT LEVEL,1 - CONCRETE,N/A,D - DRIVER,1 - CLEAR,45202
27XX MONTANA AV,39.150461,84.58781,26-30,N/A,N/A,08/28/2018 09:04:00 AM +0000,01 - NOT AN INTERSECTION,3 - PROPERTY DAMAGE ONLY (PDO),3,08/28/2018 09:04:00 AM +0000,TUE,M - MALE,1 - NO INJURY / NONE REPORTED,05EC1D12-E9CE-4CAC-BF6D-728C1078B8A0,1 - DAYLIGHT,185011994,2 - REAR-END,01 - DRY,1 - STRAIGHT LEVEL,"2 - BLACKTOP, BITUMINOUS, ASPHALT",N/A,D - DRIVER,1 - CLEAR,45211
29XX BOUDINOT AV,39.137217,-84.605101,18-25,WESTWOOD,WESTWOOD,08/06/2018 12:47:00 PM +0000,02 - FOUR-WAY INTERSECTION,3 - PROPERTY DAMAGE ONLY (PDO),3,08/06/2018 12:48:00 PM +0000,MON,M - MALE,1 - NO INJURY / NONE REPORTED,E5EA456A-65D4-4AC4-ACEE-BDC6A30ED093,1 - DAYLIGHT,185010876,2 - REAR-END,01 - DRY,1 - STRAIGHT LEVEL,"2 - BLACKTOP, BITUMINOUS, ASPHALT",WESTWOOD,D - DRIVER,1 - CLEAR,45238
N I71 AT 3-8 MM,39.136595,-84.491668,26-30,WALNUT HILLS,WALNUT HILLS,08/17/2018 04:35:00 PM +0000,08 - OFF RAMP,3 - PROPERTY DAMAGE ONLY (PDO),3,08/17/2018 04:39:00 PM +0000,FRI,F - FEMALE,1 - NO INJURY / NONE REPORTED,73F83E2A-EBE5-4017-BEC8-A9E725FC0C35,1 - DAYLIGHT,185011498,1 - NOT COLLISION BETWEEN TWO MOTOR VEHICLES IN TRANSPORT,01 - DRY,4 - CURVE GRADE,1 - CONCRETE,WALNUT HILLS,D - DRIVER,1 - CLEAR,45237
1XX E LIBERTY ST,39.112331,84.522798,61-70,N/A,N/A,08/16/2018 01:56:00 PM +0000,02 - FOUR-WAY INTERSECTION,2 - INJURY,2,08/16/2018 02:00:00 PM +0000,THU,M - MALE,1 - NO INJURY / NONE REPORTED,9129B5BE-0166-467F-9A60-3BBA9A12155F,1 - DAYLIGHT,185011424,2 - REAR-END,02 - WET,1 - STRAIGHT LEVEL,"2 - BLACKTOP, BITUMINOUS, ASPHALT",N/A,D - DRIVER,2 - CLOUDY,45202
10XX WINFIELD AV,39.112551,84.583758,UNKNOWN,N/A,N/A,08/05/2018 02:05:00 PM +0000,02 - FOUR-WAY INTERSECTION,2 - INJURY,2,08/05/2018 02:14:00 PM +0000,SUN,,1 - NO INJURY / NONE REPORTED,1DBDD731-A041-4A61-B4EA-AE6CE5AF90EC,1 - DAYLIGHT,185010855,1 - NOT COLLISION BETWEEN TWO MOTOR VEHICLES IN TRANSPORT,01 - DRY,2 - STRAIGHT GRADE,"2 - BLACKTOP, BITUMINOUS, ASPHALT",N/A,D - DRIVER,1 - CLEAR,45205
59XX RIDGE AV,39.178925,84.42778,18-25,N/A,N/A,08/27/2018 04:49:00 PM +0000,01 - NOT AN INTERSECTION,3 - PROPERTY DAMAGE ONLY (PDO),3,08/27/2018 05:00:00 PM +0000,MON,F - FEMALE,1 - NO INJURY / NONE REPORTED,C1F2AA8A-6DAB-47DD-85F0-47A7AF6403B6,1 - DAYLIGHT,185011967,2 - REAR-END,01 - DRY,1 - STRAIGHT LEVEL,1 - CONCRETE,N/A,D - DRIVER,1 - CLEAR,45213
27XX MONTANA AV,39.150081,-84.588104,26-30,WESTWOOD,WESTWOOD,08/21/2018 03:48:00 PM +0000,01 - NOT AN INTERSECTION,3 - PROPERTY DAMAGE ONLY (PDO),3,08/21/2018 03:48:00 PM +0000,TUE,M - MALE,1 - NO INJURY / NONE REPORTED,573056CB-7BF0-468F-AF5C-3DBAF44681D6,1 - DAYLIGHT,185011692,2 - REAR-END,01 - DRY,1 - STRAIGHT LEVEL,"2 - BLACKTOP, BITUMINOUS, ASPHALT",WESTWOOD,D - DRIVER,1 - CLEAR,45211
S I71 AT 2-6 MM,39.119266,-84.498476,26-30,WALNUT HILLS,WALNUT HILLS,08/02/2018 05:42:00 PM +0000,01 - NOT AN INTERSECTION,3 - PROPERTY DAMAGE ONLY (PDO),3,08/02/2018 05:43:00 PM +0000,THU,F - FEMALE,1 - NO INJURY / NONE REPORTED,84E36AA3-3DA9-4A98-827D-5E5035B0AFE1,1 - DAYLIGHT,185010715,2 - REAR-END,01 - DRY,2 - STRAIGHT GRADE,"2 - BLACKTOP, BITUMINOUS, ASPHALT",WALNUT HILLS,D - DRIVER,1 - CLEAR,45219
45XX READING RD,39.167971,-84.469021,UNKNOWN,PADDOCK HILLS,PADDOCK  HILLS,08/16/2018 08:30:00 PM +0000,01 - NOT AN INTERSECTION,3 - PROPERTY DAMAGE ONLY (PDO),3,08/16/2018 08:35:00 PM +0000,THU,F - FEMALE,1 - NO INJURY / NONE REPORTED,658E5A7A-1C7B-44B6-BB09-3ED4E36C1BA0,3 - DUSK,185011450,5 - BACKING,02 - WET,1 - STRAIGHT LEVEL,1 - CONCRETE,NORTH AVONDALE - PADDOCK HILLS,D - DRIVER,4 - RAIN,45229
50XX PADDOCK RD,39.177701,-84.476841,UNKNOWN,BOND HILL,BONDHILL,08/14/2018 09:55:00 AM +0000,01 - NOT AN INTERSECTION,3 - PROPERTY DAMAGE ONLY (PDO),3,08/14/2018 09:58:00 AM +0000,TUE,,1 - NO INJURY / NONE REPORTED,769F8CD0-8E8A-4952-AE34-BD6569C1795F,1 - DAYLIGHT,185011287,6 - ANGLE,01 - DRY,1 - STRAIGHT LEVEL,"2 - BLACKTOP, BITUMINOUS, ASPHALT",BOND HILL,D - DRIVER,1 - CLEAR,45237
4XX E 4TH ST,39.09809,39.09981,18-25,N/A,N/A,08/27/2018 07:56:00 AM +0000,01 - NOT AN INTERSECTION,3 - PROPERTY DAMAGE ONLY (PDO),3,08/27/2018 07:59:00 AM +0000,MON,F - FEMALE,1 - NO INJURY / NONE REPORTED,204FC394-E34E-435E-9124-ED3726F352AA,1 - DAYLIGHT,185011950,"7 - SIDESWIPE, SAME DIRECTION",01 - DRY,1 - STRAIGHT LEVEL,"2 - BLACKTOP, BITUMINOUS, ASPHALT",N/A,D - DRIVER,1 - CLEAR,45202
21XX CENTRAL PY,39.119654,-84.525346,61-70,OTR,OVER-THE-RHINE,08/27/2018 12:05:00 PM +0000,01 - NOT AN INTERSECTION,3 - PROPERTY DAMAGE ONLY (PDO),3,08/27/2018 12:10:00 PM +0000,MON,F - FEMALE,1 - NO INJURY / NONE REPORTED,0F3C706F-9631-413E-9C55-37907FB14478,1 - DAYLIGHT,185011959,"7 - SIDESWIPE, SAME DIRECTION",01 - DRY,1 - STRAIGHT LEVEL,"2 - BLACKTOP, BITUMINOUS, ASPHALT",OVER-THE-RHINE,D - DRIVER,1 - CLEAR,45214
18XX ELMORE,39.155837,-84.549314,26-30,SOUTH CUMMINSVILLE,S.. CUMMINSVILLE,08/27/2018 12:30:00 PM +0000,01 - NOT AN INTERSECTION,3 - PROPERTY DAMAGE ONLY (PDO),3,08/27/2018 12:32:00 PM +0000,MON,F - FEMALE,1 - NO INJURY / NONE REPORTED,EC60387D-329D-430C-A7DA-FDB7DD6E712C,1 - DAYLIGHT,185011952,6 - ANGLE,01 - DRY,1 - STRAIGHT LEVEL,"2 - BLACKTOP, BITUMINOUS, ASPHALT",SOUTH CUMMINSVILLE,D - DRIVER,1 - CLEAR,45223
25XX RANCHVALE DR,39.102595,84.390723,31-40,N/A,N/A,08/07/2018 09:10:00 PM +0000,01 - NOT AN INTERSECTION,2 - INJURY,2,08/07/2018 09:14:00 PM +0000,TUE,F - FEMALE,3 - NON-INCAPACITATING,C7EB7552-3AE6-4F3A-B94A-F17B86C99D93,4 - DARK - LIGHTED ROADWAY,185010987,"8 - SIDESWIPE, OPPOSITE DIRECTION",01 - DRY,2 - STRAIGHT GRADE,"2 - BLACKTOP, BITUMINOUS, ASPHALT",N/A,D - DRIVER,1 - CLEAR,45230
63XX MONTGOMERY RD,39.184368,-84.422243,41-50,PLEASANT RIDGE,PLEASANT RIDGE,08/20/2018 04:44:00 PM +0000,01 - NOT AN INTERSECTION,3 - PROPERTY DAMAGE ONLY (PDO),3,08/20/2018 04:45:00 PM +0000,MON,M - MALE,1 - NO INJURY / NONE REPORTED,C9F13834-AB88-454A-A08E-C5815EF16FCD,1 - DAYLIGHT,185011647,"7 - SIDESWIPE, SAME DIRECTION",01 - DRY,1 - STRAIGHT LEVEL,"2 - BLACKTOP, BITUMINOUS, ASPHALT",PLEASANT RIDGE,D - DRIVER,1 - CLEAR,45213
3XX BROADWAY ST,39.122286,84.47788,OVER 70,N/A,N/A,08/23/2018 10:59:00 AM +0000,02 - FOUR-WAY INTERSECTION,3 - PROPERTY DAMAGE ONLY (PDO),3,08/23/2018 11:05:40 AM +0000,THU,F - FEMALE,1 - NO INJURY / NONE REPORTED,8D7E37E2-3121-4B52-8D89-E46A4D020879,1 - DAYLIGHT,185011772,6 - ANGLE,01 - DRY,2 - STRAIGHT GRADE,"2 - BLACKTOP, BITUMINOUS, ASPHALT",N/A,D - DRIVER,1 - CLEAR,45202
33XX GLENWAY AV,39.113718,-84.563331,OVER 70,EAST PRICE HILL,EAST PRICE HILL,08/07/2018 11:17:00 AM +0000,02 - FOUR-WAY INTERSECTION,2 - INJURY,2,08/07/2018 11:19:00 AM +0000,TUE,M - MALE,2 - POSSIBLE,4431D367-824A-4621-99B8-39683784BD03,1 - DAYLIGHT,185010944,6 - ANGLE,01 - DRY,1 - STRAIGHT LEVEL,"2 - BLACKTOP, BITUMINOUS, ASPHALT",EAST PRICE HILL,D - DRIVER,1 - CLEAR,45205
3XX W MITCHELL AV,39.165288,84.514365,51-60,N/A,N/A,08/13/2018 04:16:48 PM +0000,01 - NOT AN INTERSECTION,3 - PROPERTY DAMAGE ONLY (PDO),3,08/13/2018 04:21:21 PM +0000,MON,M - MALE,1 - NO INJURY / NONE REPORTED,2B946C60-DB29-40BA-8C01-771B5DB757D4,1 - DAYLIGHT,185011255,"7 - SIDESWIPE, SAME DIRECTION",01 - DRY,1 - STRAIGHT LEVEL,"2 - BLACKTOP, BITUMINOUS, ASPHALT",N/A,D - DRIVER,1 - CLEAR,45232
8XX LEXINGTON AV,39.145907,-84.488448,UNKNOWN,AVONDALE,AVONDALE,08/13/2018 08:45:00 PM +0000,01 - NOT AN INTERSECTION,3 - PROPERTY DAMAGE ONLY (PDO),3,08/13/2018 09:00:00 PM +0000,MON,M - MALE,1 - NO INJURY / NONE REPORTED,60F20029-7F46-46D6-BE2C-9D1BEAFD4876,3 - DUSK,185011295,6 - ANGLE,01 - DRY,1 - STRAIGHT LEVEL,"2 - BLACKTOP, BITUMINOUS, ASPHALT",AVONDALE,D - DRIVER,1 - CLEAR,45229
N I75 AT 2-9 MM,39.125043,-84.535943,UNKNOWN,WEST END,WEST  END,08/08/2018 05:30:00 AM +0000,01 - NOT AN INTERSECTION,3 - PROPERTY DAMAGE ONLY (PDO),3,08/09/2018 06:00:00 AM +0000,WED,,1 - NO INJURY / NONE REPORTED,5A99BB2F-9980-4E6A-AA5C-F263B1DB3C34,4 - DARK - LIGHTED ROADWAY,185011081,"7 - SIDESWIPE, SAME DIRECTION",02 - WET,1 - STRAIGHT LEVEL,"2 - BLACKTOP, BITUMINOUS, ASPHALT",WEST END,D - DRIVER,4 - RAIN,45214
39XX VINE ST,39.157171,-84.504973,41-50,CLIFTON,CLIFTON,08/03/2018 07:53:00 AM +0000,01 - NOT AN INTERSECTION,2 - INJURY,2,08/03/2018 07:53:00 AM +0000,FRI,M - MALE,1 - NO INJURY / NONE REPORTED,420E25ED-9D67-4AEB-821A-ACF5A0F378D6,1 - DAYLIGHT,185010740,2 - REAR-END,01 - DRY,1 - STRAIGHT LEVEL,"2 - BLACKTOP, BITUMINOUS, ASPHALT",CLIFTON,D - DRIVER,1 - CLEAR,45217
63XX MONTGOMERY RD,39.185398,-84.421093,61-70,PLEASANT RIDGE,PLEASANT RIDGE,08/20/2018 04:44:00 PM +0000,01 - NOT AN INTERSECTION,3 - PROPERTY DAMAGE ONLY (PDO),3,08/20/2018 04:45:00 PM +0000,MON,M - MALE,1 - NO INJURY / NONE REPORTED,C9F13834-AB88-454A-A08E-C5815EF16FCD,1 - DAYLIGHT,185011647,"7 - SIDESWIPE, SAME DIRECTION",01 - DRY,1 - STRAIGHT LEVEL,"2 - BLACKTOP, BITUMINOUS, ASPHALT",PLEASANT RIDGE,D - DRIVER,1 - CLEAR,45213
26XX BURNET AV,39.131011,-84.502212,61-70,AVONDALE,AVONDALE,08/06/2018 10:25:00 AM +0000,01 - NOT AN INTERSECTION,3 - PROPERTY DAMAGE ONLY (PDO),3,08/06/2018 10:57:00 AM +0000,MON,M - MALE,1 - NO INJURY / NONE REPORTED,A0C25EE7-9E7E-438D-96A7-83D63AB1BEB5,1 - DAYLIGHT,185010872,6 - ANGLE,01 - DRY,1 - STRAIGHT LEVEL,"2 - BLACKTOP, BITUMINOUS, ASPHALT",AVONDALE,D - DRIVER,1 - CLEAR,45219
55XX COLERAIN AV,39.19222,-84.57203,61-70,MOUNT AIRY,MOUNT AIRY,08/19/2018 06:30:00 PM +0000,01 - NOT AN INTERSECTION,3 - PROPERTY DAMAGE ONLY (PDO),3,08/19/2018 06:36:00 PM +0000,SUN,F - FEMALE,1 - NO INJURY / NONE REPORTED,1E35FAD1-644A-4897-B6EA-D18E3300A414,1 - DAYLIGHT,185011628,"7 - SIDESWIPE, SAME DIRECTION",01 - DRY,1 - STRAIGHT LEVEL,1 - CONCRETE,MT. AIRY,D - DRIVER,1 - CLEAR,45239
58XX RIVER RD,39.101182,-84.672772,41-50,RIVERSIDE - SAYLER PARK,SAYLER  PARK,08/11/2018 11:40:00 PM +0000,01 - NOT AN INTERSECTION,3 - PROPERTY DAMAGE ONLY (PDO),3,08/11/2018 11:46:00 PM +0000,SAT,M - MALE,1 - NO INJURY / NONE REPORTED,D86F6AB5-53F8-4224-8B97-F75F176C2FA7,4 - DARK - LIGHTED ROADWAY,185011200,1 - NOT COLLISION BETWEEN TWO MOTOR VEHICLES IN TRANSPORT,02 - WET,1 - STRAIGHT LEVEL,"2 - BLACKTOP, BITUMINOUS, ASPHALT",RIVERSIDE,D - DRIVER,"3 - FOG, SMOG, SMOKE",45233
S I75 AT 6-3 MM,39.163323,-84.509088,31-40,NORTH AVONDALE,CLIFTON,08/19/2018 07:57:00 PM +0000,01 - NOT AN INTERSECTION,2 - INJURY,2,08/19/2018 07:58:00 PM +0000,SUN,F - FEMALE,1 - NO INJURY / NONE REPORTED,75E3616D-F632-4CCC-B4A1-AA2E6953A98B,3 - DUSK,185011609,"7 - SIDESWIPE, SAME DIRECTION",01 - DRY,3 - CURVE LEVEL,"2 - BLACKTOP, BITUMINOUS, ASPHALT",CLIFTON,D - DRIVER,1 - CLEAR,45229
16XX WINCHELL AV,39.1134,84.53106,61-70,N/A,N/A,08/22/2018 03:35:00 PM +0000,02 - FOUR-WAY INTERSECTION,3 - PROPERTY DAMAGE ONLY (PDO),3,08/22/2018 03:35:00 PM +0000,WED,F - FEMALE,1 - NO INJURY / NONE REPORTED,8A1B5293-FBD9-44EB-BBC2-65C36BE7DA2D,1 - DAYLIGHT,185011789,6 - ANGLE,01 - DRY,1 - STRAIGHT LEVEL,"2 - BLACKTOP, BITUMINOUS, ASPHALT",N/A,D - DRIVER,1 - CLEAR,45214
38XX PAXTON AV,39.147971,84.428824,31-40,N/A,N/A,08/18/2018 11:40:00 AM +0000,01 - NOT AN INTERSECTION,3 - PROPERTY DAMAGE ONLY (PDO),3,08/18/2018 12:00:00 PM +0000,SAT,F - FEMALE,1 - NO INJURY / NONE REPORTED,4441DA73-3282-4C41-A0FE-7B1AF64E2FC2,1 - DAYLIGHT,185011542,5 - BACKING,01 - DRY,1 - STRAIGHT LEVEL,"2 - BLACKTOP, BITUMINOUS, ASPHALT",N/A,D - DRIVER,1 - CLEAR,45209
W SR 562 AT 0.1 MM,39.175159,-84.484703,UNDER 18,BOND HILL,BONDHILL,08/24/2018 03:15:00 PM +0000,01 - NOT AN INTERSECTION,3 - PROPERTY DAMAGE ONLY (PDO),3,08/24/2018 03:17:00 PM +0000,FRI,F - FEMALE,1 - NO INJURY / NONE REPORTED,EE0E7CCF-9761-4644-9A03-3CB77BAEA5B4,1 - DAYLIGHT,185011842,2 - REAR-END,01 - DRY,1 - STRAIGHT LEVEL,1 - CONCRETE,BOND HILL,D - DRIVER,1 - CLEAR,45237
10XX WOODLAWN AV,39.111381,-84.567615,UNKNOWN,EAST PRICE HILL,EAST PRICE HILL,08/28/2018 10:30:00 PM +0000,01 - NOT AN INTERSECTION,3 - PROPERTY DAMAGE ONLY (PDO),3,08/28/2018 10:39:00 PM +0000,TUE,,1 - NO INJURY / NONE REPORTED,D1CE623C-57F0-49B5-99D7-0EBF823B3C66,4 - DARK - LIGHTED ROADWAY,185012041,1 - NOT COLLISION BETWEEN TWO MOTOR VEHICLES IN TRANSPORT,01 - DRY,2 - STRAIGHT GRADE,"2 - BLACKTOP, BITUMINOUS, ASPHALT",EAST PRICE HILL,D - DRIVER,1 - CLEAR,45205
N I75 AT 10-2 MM,39.202637,-84.467606,31-40,HARTWELL,HARTWELL,08/13/2018 02:36:00 AM +0000,01 - NOT AN INTERSECTION,2 - INJURY,2,08/13/2018 02:36:00 AM +0000,MON,M - MALE,1 - NO INJURY / NONE REPORTED,FA04F320-8331-4F16-B533-0F4623C44F8D,4 - DARK - LIGHTED ROADWAY,185011232,2 - REAR-END,01 - DRY,1 - STRAIGHT LEVEL,"2 - BLACKTOP, BITUMINOUS, ASPHALT",HARTWELL,D - DRIVER,1 - CLEAR,45216
20XX CENTRAL PY,39.120341,-84.525186,18-25,OTR,OVER-THE-RHINE,08/08/2018 09:23:00 PM +0000,01 - NOT AN INTERSECTION,2 - INJURY,2,08/08/2018 09:24:00 PM +0000,WED,F - FEMALE,3 - NON-INCAPACITATING,8B4496D6-A2B1-49B0-BB0B-69B19A84726D,4 - DARK - LIGHTED ROADWAY,185011041,2 - REAR-END,01 - DRY,1 - STRAIGHT LEVEL,"2 - BLACKTOP, BITUMINOUS, ASPHALT",OVER-THE-RHINE,D - DRIVER,4 - RAIN,45214
S I75 AT 1-5 MM,39.113871,-84.531004,31-40,WEST END,WEST  END,08/28/2018 11:42:00 AM +0000,01 - NOT AN INTERSECTION,3 - PROPERTY DAMAGE ONLY (PDO),3,08/28/2018 11:44:00 AM +0000,TUE,M - MALE,1 - NO INJURY / NONE REPORTED,727BC35D-1CE5-483E-88B5-E0B67C3B4FB2,1 - DAYLIGHT,185012002,"7 - SIDESWIPE, SAME DIRECTION",01 - DRY,1 - STRAIGHT LEVEL,"2 - BLACKTOP, BITUMINOUS, ASPHALT",QUEENSGATE,D - DRIVER,1 - CLEAR,45202
22XX CENTRAL PY,39.120518,-84.529409,31-40,OTR,OVER-THE-RHINE,08/24/2018 11:32:29 AM +0000,02 - FOUR-WAY INTERSECTION,2 - INJURY,2,08/24/2018 11:42:54 AM +0000,FRI,M - MALE,3 - NON-INCAPACITATING,B646EB8D-1CEA-40C8-89F7-AA5A81FB4FF4,1 - DAYLIGHT,185011827,6 - ANGLE,01 - DRY,1 - STRAIGHT LEVEL,"2 - BLACKTOP, BITUMINOUS, ASPHALT",WEST END,D - DRIVER,1 - CLEAR,45214
36XX VINE ST,39.152555,-84.510246,31-40,CLIFTON,CLIFTON,08/14/2018 08:12:00 AM +0000,01 - NOT AN INTERSECTION,3 - PROPERTY DAMAGE ONLY (PDO),3,08/14/2018 08:14:00 AM +0000,TUE,F - FEMALE,1 - NO INJURY / NONE REPORTED,A6B23240-24F8-4C1A-989D-AF40F96D56A7,1 - DAYLIGHT,185011289,6 - ANGLE,01 - DRY,1 - STRAIGHT LEVEL,"2 - BLACKTOP, BITUMINOUS, ASPHALT",CLIFTON,D - DRIVER,1 - CLEAR,45220
20XX LANGDON FARM RD,39.182826,-84.455711,UNDER 18,ROSELAWN,BONDHILL,08/04/2018 05:35:00 PM +0000,01 - NOT AN INTERSECTION,2 - INJURY,2,08/04/2018 05:37:00 PM +0000,SAT,M - MALE,1 - NO INJURY / NONE REPORTED,009BDE0C-437C-4AA3-A7F4-B25F7170338B,1 - DAYLIGHT,185010829,6 - ANGLE,01 - DRY,1 - STRAIGHT LEVEL,"2 - BLACKTOP, BITUMINOUS, ASPHALT",ROSELAWN,O - OCCUPANT,1 - CLEAR,45237
32XX VINE ST,39.138221,-84.509483,31-40,CORRYVILLE,CORRYVILLE,08/23/2018 10:41:00 AM +0000,02 - FOUR-WAY INTERSECTION,2 - INJURY,2,08/23/2018 10:41:00 AM +0000,THU,F - FEMALE,3 - NON-INCAPACITATING,DEFB9570-47C8-4708-89D9-C29E8708C408,1 - DAYLIGHT,185011774,6 - ANGLE,01 - DRY,2 - STRAIGHT GRADE,"2 - BLACKTOP, BITUMINOUS, ASPHALT",CORRYVILLE,D - DRIVER,1 - CLEAR,45220
XX NORTH BEND RD,39.197801,-84.478772,UNKNOWN,CARTHAGE,CARTHAGE,08/19/2018 08:40:00 PM +0000,02 - FOUR-WAY INTERSECTION,3 - PROPERTY DAMAGE ONLY (PDO),3,08/19/2018 08:49:00 PM +0000,SUN,,1 - NO INJURY / NONE REPORTED,59EF7D4C-F9DD-4556-B809-8B2BDB96ADE4,4 - DARK - LIGHTED ROADWAY,185011605,"8 - SIDESWIPE, OPPOSITE DIRECTION",01 - DRY,1 - STRAIGHT LEVEL,"2 - BLACKTOP, BITUMINOUS, ASPHALT",CARTHAGE,D - DRIVER,1 - CLEAR,45216
12XX WESTERN HILLS VIA,39.125337,-84.542102,18-25,CAMP WASHINGTON,CAMP  WASHINGTON,08/04/2018 01:39:00 AM +0000,04 - Y-INTERSECTION,2 - INJURY,2,08/04/2018 01:39:00 AM +0000,SAT,F - FEMALE,3 - NON-INCAPACITATING,0D2F5AA1-A14F-4A4E-9C29-FC8C35D7DA9F,4 - DARK - LIGHTED ROADWAY,185010793,"7 - SIDESWIPE, SAME DIRECTION",01 - DRY,1 - STRAIGHT LEVEL,"2 - BLACKTOP, BITUMINOUS, ASPHALT",CAMP WASHINGTON,D - DRIVER,1 - CLEAR,45214
27XX COLUMBIA PY,39.126166,-84.46109,41-50,HYDE PARK,EAST  END,08/27/2018 07:29:00 AM +0000,01 - NOT AN INTERSECTION,2 - INJURY,2,08/27/2018 07:30:00 AM +0000,MON,M - MALE,1 - NO INJURY / NONE REPORTED,CED55BFC-7390-4C84-AF89-5F7A81C9EC4F,1 - DAYLIGHT,185011939,2 - REAR-END,01 - DRY,1 - STRAIGHT LEVEL,"2 - BLACKTOP, BITUMINOUS, ASPHALT",HYDE PARK,D - DRIVER,1 - CLEAR,45208
74XX PADDOCK RD,39.197252,-84.476419,UNDER 18,CARTHAGE,CARTHAGE,08/09/2018 09:21:00 PM +0000,01 - NOT AN INTERSECTION,2 - INJURY,2,08/09/2018 09:32:23 PM +0000,THU,M - MALE,2 - POSSIBLE,AA0C0BEE-C8CC-4443-B18E-E595989D9F06,4 - DARK - LIGHTED ROADWAY,185011082,6 - ANGLE,01 - DRY,3 - CURVE LEVEL,1 - CONCRETE,CARTHAGE,O - OCCUPANT,1 - CLEAR,45216
S I75 AT 10-6 MM,39.207341,84.464623,51-60,N/A,N/A,08/16/2018 05:05:00 PM +0000,01 - NOT AN INTERSECTION,2 - INJURY,2,08/16/2018 05:05:00 PM +0000,THU,M - MALE,1 - NO INJURY / NONE REPORTED,1F0EFB73-BB08-479F-A195-CABA4562683C,1 - DAYLIGHT,185011443,2 - REAR-END,01 - DRY,1 - STRAIGHT LEVEL,"2 - BLACKTOP, BITUMINOUS, ASPHALT",N/A,D - DRIVER,2 - CLOUDY,
47XX PADDOCK RD,39.172275,84.478866,OVER 70,N/A,N/A,08/20/2018 08:04:00 AM +0000,02 - FOUR-WAY INTERSECTION,2 - INJURY,2,08/20/2018 08:04:00 AM +0000,MON,F - FEMALE,3 - NON-INCAPACITATING,0AD3D1FF-3D68-4D32-96B0-31432C232F03,1 - DAYLIGHT,185011617,6 - ANGLE,01 - DRY,2 - STRAIGHT GRADE,"2 - BLACKTOP, BITUMINOUS, ASPHALT",N/A,D - DRIVER,1 - CLEAR,45229
36XX VINE ST,39.149684,84.511255,51-60,N/A,N/A,08/08/2018 09:03:00 AM +0000,01 - NOT AN INTERSECTION,3 - PROPERTY DAMAGE ONLY (PDO),3,08/08/2018 09:06:00 AM +0000,WED,M - MALE,1 - NO INJURY / NONE REPORTED,40407B2C-4F26-4536-B9F5-50E571BBCEFC,1 - DAYLIGHT,185011001,"8 - SIDESWIPE, OPPOSITE DIRECTION",01 - DRY,1 - STRAIGHT LEVEL,"2 - BLACKTOP, BITUMINOUS, ASPHALT",N/A,D - DRIVER,2 - CLOUDY,45220
39XX GLENWAY AV,39.115096,-84.577741,UNDER 18,WEST PRICE HILL,WEST PRICE HILL,08/23/2018 02:40:00 PM +0000,01 - NOT AN INTERSECTION,3 - PROPERTY DAMAGE ONLY (PDO),3,08/23/2018 02:40:00 PM +0000,THU,M - MALE,1 - NO INJURY / NONE REPORTED,CBFD7BA1-A69F-4534-B218-3D2378BB4D8E,1 - DAYLIGHT,185011788,2 - REAR-END,01 - DRY,1 - STRAIGHT LEVEL,"2 - BLACKTOP, BITUMINOUS, ASPHALT",WEST PRICE HILL,D - DRIVER,1 - CLEAR,45205
27XX VICTORY PY,-0.00043,-0.00011,31-40,N/A,N/A,08/15/2018 05:15:00 PM +0000,01 - NOT AN INTERSECTION,3 - PROPERTY DAMAGE ONLY (PDO),3,08/15/2018 07:00:00 PM +0000,WED,F - FEMALE,1 - NO INJURY / NONE REPORTED,563611F4-D230-4467-8889-73F5FEE924DB,1 - DAYLIGHT,185011376,"7 - SIDESWIPE, SAME DIRECTION",02 - WET,1 - STRAIGHT LEVEL,"2 - BLACKTOP, BITUMINOUS, ASPHALT",N/A,D - DRIVER,4 - RAIN,45206
2XX FAIRBANKS AV,39.092885,-84.574147,41-50,SEDAMSVILLE,SEDAMSVILLE,08/02/2018 07:38:00 PM +0000,01 - NOT AN INTERSECTION,2 - INJURY,2,08/02/2018 07:39:00 PM +0000,THU,F - FEMALE,3 - NON-INCAPACITATING,E974F03B-B873-4511-958E-72EA2946E9ED,1 - DAYLIGHT,185010722,6 - ANGLE,01 - DRY,2 - STRAIGHT GRADE,"2 - BLACKTOP, BITUMINOUS, ASPHALT",RIVERSIDE,D - DRIVER,1 - CLEAR,45204