ADDRESS_X,LATITUDE_X,LONGITUDE_X,AGE,COMMUNITY_COUNCIL_NEIGHBORHOOD,CPD_NEIGHBORHOOD,CRASHDATE,CRASHLOCATION,CRASHSEVERITY,CRASHSEVERITYID,DATECRASHREPORTED,DAYOFWEEK,GENDER,INJURIES,INSTANCEID,LIGHTCONDITIONSPRIMARY,LOCALREPORTNO,MANNEROFCRASH,ROADCONDITIONSPRIMARY,ROADCONTOUR,ROADSURFACE,SNA_NEIGHBORHOOD,TYPEOFPERSON,WEATHER,ZIP
2XX W MCMILLAN ST,39.128815,84.522221,41-50,N/A,N/A,08/13/2018 04:16:00 PM +0000,01 - NOT AN INTERSECTION,3 - PROPERTY DAMAGE ONLY (PDO),3,08/13/2018 04:20:00 PM +0000,MON,F - FEMALE,1 - NO INJURY / NONE REPORTED,230E238C-D967-43CE-8C9B-586D9FCDBF53,1 - DAYLIGHT,185011322,"7 - SIDESWIPE, SAME DIRECTION",01 - DRY,2 - STRAIGHT GRADE,"2 - BLACKTOP, BITUMINOUS, ASPHALT",N/A,D - DRIVER,1 - CLEAR,45219
13XX HOPPLE ST,39.136281,84.536788,26-30,N/A,N/A,08/13/2018 12:30:09 PM +0000,01 - NOT AN INTERSECTION,3 - PROPERTY DAMAGE ONLY (PDO),3,08/13/2018 12:35:00 PM +0000,MON,M - MALE,1 - NO INJURY / NONE REPORTED,441EB077-660F-4AB8-8174-0A3F550E5E65,1 - DAYLIGHT,185011252,3 - HEAD-ON,01 - DRY,1 - STRAIGHT LEVEL,"2 - BLACKTOP, BITUMINOUS, ASPHALT",N/A,D - DRIVER,1 - CLEAR,45225
18XX HARRISON AV,39.127548,84.558972,UNDER 18,N/A,N/A,08/08/2018 09:35:00 AM +0000,01 - NOT AN INTERSECTION,2 - INJURY,2,08/08/2018 09:38:00 AM +0000,WED,F - FEMALE,2 - POSSIBLE,926C5C50-9D01-4BBE-8065-5CA350E1F3D6,1 - DAYLIGHT,185011005,6 - ANGLE,01 - DRY,2 - STRAIGHT GRADE,"2 - BLACKTOP, BITUMINOUS, ASPHALT",N/A,O - OCCUPANT,2 - CLOUDY,45214
N I71 AT 2-3 MM,39.141001,84.412836,18-25,N/A,N/A,08/24/2018 06:29:00 AM +0000,01 - NOT AN INTERSECTION,3 - PROPERTY DAMAGE ONLY (PDO),3,08/24/2018 06:29:00 AM +0000,FRI,M - MALE,1 - NO INJURY / NONE REPORTED,F4FC08C1-7242-45E6-B192-424395DA32BD,2 - DAWN,185011831,2 - REAR-END,01 - DRY,2 - STRAIGHT GRADE,"2 - BLACKTOP, BITUMINOUS, ASPHALT",N/A,D - DRIVER,1 - CLEAR,45219
35XX BEECHMONT AV,39.123696,84.417832,18-25,N/A,N/A,08/09/2018 10:45:00 AM +0000,01 - NOT AN INTERSECTION,3 - PROPERTY DAMAGE ONLY (PDO),3,08/09/2018 10:45:00 AM +0000,THU,F - FEMALE,1 - NO INJURY / NONE REPORTED,6E56A17F-647E-4B15-B097-371B29745FEA,1 - DAYLIGHT,185011058,2 - REAR-END,01 - DRY,1 - STRAIGHT LEVEL,1 - CONCRETE,N/A,D - DRIVER,1 - CLEAR,45226
2XX W CENTRAL PY,39.106676,84.518673,UNKNOWN,N/A,N/A,08/06/2018 01:11:00 PM +0000,01 - NOT AN INTERSECTION,3 - PROPERTY DAMAGE ONLY (PDO),3,08/06/2018 01:39:23 PM +0000,MON,,1 - NO INJURY / NONE REPORTED,B203FB49-A494-478F-B3D0-D131235A9090,1 - DAYLIGHT,185010877,"7 - SIDESWIPE, SAME DIRECTION",01 - DRY,1 - STRAIGHT LEVEL,"2 - BLACKTOP, BITUMINOUS, ASPHALT",N/A,D - DRIVER,1 - CLEAR,45202
5XX W KING DR,39.139521,-84.525353,51-60,CLIFTON,CLIFTON,08/04/2018 11:11:00 PM +0000,01 - NOT AN INTERSECTION,3 - PROPERTY DAMAGE ONLY (PDO),3,08/04/2018 11:11:00 PM +0000,SAT,M - MALE,1 - NO INJURY / NONE REPORTED,802B97EB-1C52-47EA-844E-AD9242A94965,5 - DARK – ROADWAY NOT LIGHTED,185010842,2 - REAR-END,01 - DRY,2 - STRAIGHT GRADE,"2 - BLACKTOP, BITUMINOUS, ASPHALT",CLIFTON,D - DRIVER,1 - CLEAR,45220
0.X SB I75,39.100103,84.520694,18-25,N/A,N/A,08/07/2018 05:24:00 PM +0000,01 - NOT AN INTERSECTION,3 - PROPERTY DAMAGE ONLY (PDO),3,08/07/2018 05:37:00 PM +0000,TUE,F - FEMALE,1 - NO INJURY / NONE REPORTED,40148779-520E-4395-88B3-BFDAAB4458D7,1 - DAYLIGHT,185010971,1 - NOT COLLISION BETWEEN TWO MOTOR VEHICLES IN TRANSPORT,02 - WET,3 - CURVE LEVEL,1 - CONCRETE,N/A,D - DRIVER,4 - RAIN,45202
23XX WHEELER ST,39.128291,84.520681,31-40,N/A,N/A,08/17/2018 09:10:00 PM +0000,01 - NOT AN INTERSECTION,3 - PROPERTY DAMAGE ONLY (PDO),3,08/17/2018 09:13:00 PM +0000,FRI,F - FEMALE,1 - NO INJURY / NONE REPORTED,2E0C8E2F-45C2-494F-B2E4-1A7570A181B6,5 - DARK – ROADWAY NOT LIGHTED,185011526,6 - ANGLE,01 - DRY,2 - STRAIGHT GRADE,"2 - BLACKTOP, BITUMINOUS, ASPHALT",N/A,O - OCCUPANT,2 - CLOUDY,45219
4XX E 5TH ST,39.101217,84.507281,31-40,N/A,N/A,08/28/2018 01:03:45 PM +0000,02 - FOUR-WAY INTERSECTION,3 - PROPERTY DAMAGE ONLY (PDO),3,08/28/2018 01:10:49 PM +0000,TUE,F - FEMALE,1 - NO INJURY / NONE REPORTED,2AAD174B-318F-42EE-9C8C-B0E5092A8170,1 - DAYLIGHT,185012007,2 - REAR-END,01 - DRY,1 - STRAIGHT LEVEL,"2 - BLACKTOP, BITUMINOUS, ASPHALT",N/A,D - DRIVER,1 - CLEAR,45202
25XX CLIFTON AV,39.128281,-84.520978,61-70,CUF - HEIGHTS,FAIRVIEW,08/16/2018 09:27:52 PM +0000,03 - T-INTERSECTION,2 - INJURY,2,08/16/2018 09:52:09 PM +0000,THU,F - FEMALE,3 - NON-INCAPACITATING,774CFB46-0C75-4635-A4BB-3109A052DC09,4 - DARK - LIGHTED ROADWAY,185011453,1 - NOT COLLISION BETWEEN TWO MOTOR VEHICLES IN TRANSPORT,02 - WET,1 - STRAIGHT LEVEL,"2 - BLACKTOP, BITUMINOUS, ASPHALT",CUF,P - PEDESTRIAN,4 - RAIN,45219
8XX SYCAMORE ST,39.106066,84.509987,18-25,N/A,N/A,08/10/2018 11:15:00 AM +0000,01 - NOT AN INTERSECTION,3 - PROPERTY DAMAGE ONLY (PDO),3,08/10/2018 11:15:00 AM +0000,FRI,M - MALE,1 - NO INJURY / NONE REPORTED,74DF80DF-7B99-4559-BD70-26D97D43283D,1 - DAYLIGHT,185011097,5 - BACKING,01 - DRY,1 - STRAIGHT LEVEL,"2 - BLACKTOP, BITUMINOUS, ASPHALT",N/A,D - DRIVER,2 - CLOUDY,45202
57XX WINTON RD,39.191278,84.522946,UNKNOWN,N/A,N/A,08/11/2018 03:28:39 PM +0000,03 - T-INTERSECTION,3 - PROPERTY DAMAGE ONLY (PDO),3,08/11/2018 03:33:50 PM +0000,SAT,,1 - NO INJURY / NONE REPORTED,52E88111-1B27-41FE-AE63-CA52DA5718F9,1 - DAYLIGHT,185011177,2 - REAR-END,01 - DRY,2 - STRAIGHT GRADE,"2 - BLACKTOP, BITUMINOUS, ASPHALT",N/A,D - DRIVER,2 - CLOUDY,45232
9XX COLUMBIA PY,0.00074,-0.00007,18-25,N/A,N/A,08/16/2018 11:29:00 AM +0000,01 - NOT AN INTERSECTION,2 - INJURY,2,08/16/2018 11:29:00 AM +0000,THU,F - FEMALE,3 - NON-INCAPACITATING,47F79259-F3F6-4666-BFAC-1C2C88D9BEAF,1 - DAYLIGHT,185011416,"7 - SIDESWIPE, SAME DIRECTION",02 - WET,3 - CURVE LEVEL,"2 - BLACKTOP, BITUMINOUS, ASPHALT",N/A,P - PEDESTRIAN,2 - CLOUDY,45202
4XX COLLINS AV,39.126488,84.469106,61-70,N/A,N/A,08/21/2018 12:57:51 PM +0000,03 - T-INTERSECTION,3 - PROPERTY DAMAGE ONLY (PDO),3,08/21/2018 02:12:43 PM +0000,TUE,M - MALE,1 - NO INJURY / NONE REPORTED,39C58011-6DB0-4606-866F-AC33E57128F4,1 - DAYLIGHT,185011683,6 - ANGLE,01 - DRY,2 - STRAIGHT GRADE,"2 - BLACKTOP, BITUMINOUS, ASPHALT",N/A,D - DRIVER,2 - CLOUDY,45206
49XX RIDGE AV,39.163279,84.421621,31-40,N/A,N/A,08/20/2018 04:02:00 PM +0000,02 - FOUR-WAY INTERSECTION,2 - INJURY,2,08/20/2018 04:03:00 PM +0000,MON,M - MALE,3 - NON-INCAPACITATING,E8E4E8AA-EEEF-4B99-A530-910A6E3CDC5A,1 - DAYLIGHT,185011636,6 - ANGLE,02 - WET,2 - STRAIGHT GRADE,1 - CONCRETE,N/A,O - OCCUPANT,4 - RAIN,45209
29XX OBSERVATORY AV,39.100831,84.512731,UNDER 18,N/A,N/A,08/07/2018 07:18:26 AM +0000,02 - FOUR-WAY INTERSECTION,2 - INJURY,2,08/07/2018 07:19:27 AM +0000,TUE,F - FEMALE,2 - POSSIBLE,484322EE-9059-4AD2-AA89-62081A5F5CCA,1 - DAYLIGHT,LCP18080700027,6 - ANGLE,02 - WET,1 - STRAIGHT LEVEL,"2 - BLACKTOP, BITUMINOUS, ASPHALT",N/A,O - OCCUPANT,4 - RAIN,45208
9XX EZZARD CHARLES DR,39.109721,84.530897,18-25,N/A,N/A,08/18/2018 11:35:00 AM +0000,02 - FOUR-WAY INTERSECTION,2 - INJURY,2,08/18/2018 11:45:00 AM +0000,SAT,M - MALE,1 - NO INJURY / NONE REPORTED,2E49B1AA-C47E-44C5-A098-42A21AB8AAC6,1 - DAYLIGHT,185011540,6 - ANGLE,01 - DRY,1 - STRAIGHT LEVEL,"2 - BLACKTOP, BITUMINOUS, ASPHALT",N/A,D - DRIVER,1 - CLEAR,45203
78XX ANTHONY WAYNE AV,39.200406,84.471749,31-40,N/A,N/A,08/20/2018 01:19:00 AM +0000,01 - NOT AN INTERSECTION,3 - PROPERTY DAMAGE ONLY (PDO),3,08/20/2018 01:19:00 AM +0000,MON,F - FEMALE,1 - NO INJURY / NONE REPORTED,48890AD4-6C1A-4976-BC12-C10134926013,4 - DARK - LIGHTED ROADWAY,185011610,1 - NOT COLLISION BETWEEN TWO MOTOR VEHICLES IN TRANSPORT,01 - DRY,3 - CURVE LEVEL,"2 - BLACKTOP, BITUMINOUS, ASPHALT",N/A,D - DRIVER,1 - CLEAR,45216
30XX RIVER RD,39.088132,84.568118,31-40,N/A,N/A,08/16/2018 04:12:00 PM +0000,01 - NOT AN INTERSECTION,3 - PROPERTY DAMAGE ONLY (PDO),3,08/16/2018 04:15:00 PM +0000,THU,M - MALE,1 - NO INJURY / NONE REPORTED,5D946A46-A2A9-42A0-B946-9F9A765D6E5B,1 - DAYLIGHT,185011444,1 - NOT COLLISION BETWEEN TWO MOTOR VEHICLES IN TRANSPORT,01 - DRY,1 - STRAIGHT LEVEL,"2 - BLACKTOP, BITUMINOUS, ASPHALT",N/A,D - DRIVER,2 - CLOUDY,45204
15XX BLAIR AV,39.140198,-84.477915,UNKNOWN,EVANSTON,EVANSTON,08/17/2018 01:15:00 AM +0000,01 - NOT AN INTERSECTION,3 - PROPERTY DAMAGE ONLY (PDO),3,08/18/2018 12:00:00 PM +0000,FRI,,,446925FE-B267-4643-B0D8-10C4F4E4F8ED,4 - DARK - LIGHTED ROADWAY,185011551,"7 - SIDESWIPE, SAME DIRECTION",02 - WET,1 - STRAIGHT LEVEL,"2 - BLACKTOP, BITUMINOUS, ASPHALT",EVANSTON,,4 - RAIN,45207
62XX GLENWAY AV,39.144876,84.624806,51-60,N/A,N/A,08/09/2018 12:35:00 PM +0000,01 - NOT AN INTERSECTION,3 - PROPERTY DAMAGE ONLY (PDO),3,08/09/2018 12:39:00 PM +0000,THU,M - MALE,1 - NO INJURY / NONE REPORTED,4C81538B-2900-4B78-9657-0F547FA1147A,1 - DAYLIGHT,185011060,2 - REAR-END,01 - DRY,1 - STRAIGHT LEVEL,"2 - BLACKTOP, BITUMINOUS, ASPHALT",N/A,D - DRIVER,1 - CLEAR,45211
32XX VINE ST,39.136791,84.509523,41-50,N/A,N/A,08/22/2018 11:08:00 AM +0000,01 - NOT AN INTERSECTION,2 - INJURY,2,08/22/2018 11:08:00 AM +0000,WED,F - FEMALE,2 - POSSIBLE,8E2AC09F-4BA4-47C3-8BE3-224F8851F41B,1 - DAYLIGHT,185011725,"7 - SIDESWIPE, SAME DIRECTION",01 - DRY,1 - STRAIGHT LEVEL,"2 - BLACKTOP, BITUMINOUS, ASPHALT",N/A,D - DRIVER,2 - CLOUDY,45220
48XX SPRING GROVE AV,39.168161,84.512438,26-30,N/A,N/A,08/13/2018 05:25:00 PM +0000,01 - NOT AN INTERSECTION,2 - INJURY,2,08/13/2018 05:27:00 PM +0000,MON,F - FEMALE,1 - NO INJURY / NONE REPORTED,D20736F8-E0AD-43B4-AC5B-2A668D9AFA8A,1 - DAYLIGHT,185011269,2 - REAR-END,01 - DRY,1 - STRAIGHT LEVEL,"2 - BLACKTOP, BITUMINOUS, ASPHALT",N/A,O - OCCUPANT,1 - CLEAR,45232
16XX WESTWOOD AV,39.124011,-84.553179,UNKNOWN,SOUTH FAIRMOUNT,SOUTH  FAIRMOUNT,08/06/2018 10:15:00 PM +0000,01 - NOT AN INTERSECTION,3 - PROPERTY DAMAGE ONLY (PDO),3,08/06/2018 10:15:00 PM +0000,MON,,1 - NO INJURY / NONE REPORTED,F513C0AE-3C3F-4151-80E2-BD95A9B4469D,4 - DARK - LIGHTED ROADWAY,185010909,"7 - SIDESWIPE, SAME DIRECTION",01 - DRY,1 - STRAIGHT LEVEL,1 - CONCRETE,EAST PRICE HILL,D - DRIVER,1 - CLEAR,45214
1XX W MCMILLAN ST,39.126851,84.518316,61-70,N/A,N/A,08/17/2018 10:25:00 AM +0000,01 - NOT AN INTERSECTION,3 - PROPERTY DAMAGE ONLY (PDO),3,08/17/2018 10:26:00 AM +0000,FRI,F - FEMALE,1 - NO INJURY / NONE REPORTED,850A2BCC-0442-48B8-A935-76A763E39FC4,1 - DAYLIGHT,185011479,1 - NOT COLLISION BETWEEN TWO MOTOR VEHICLES IN TRANSPORT,02 - WET,1 - STRAIGHT LEVEL,"2 - BLACKTOP, BITUMINOUS, ASPHALT",N/A,D - DRIVER,2 - CLOUDY,45219
46XX SPRING GROVE AV,39.164601,84.520301,31-40,N/A,N/A,08/21/2018 08:01:00 PM +0000,03 - T-INTERSECTION,3 - PROPERTY DAMAGE ONLY (PDO),3,08/21/2018 08:07:00 PM +0000,TUE,F - FEMALE,1 - NO INJURY / NONE REPORTED,5584F14B-C149-472E-B50E-90FFC2448706,1 - DAYLIGHT,185011700,"7 - SIDESWIPE, SAME DIRECTION",01 - DRY,3 - CURVE LEVEL,"2 - BLACKTOP, BITUMINOUS, ASPHALT",N/A,D - DRIVER,1 - CLEAR,45232
12XX W NORTH BEND RD,39.202029,84.538788,18-25,N/A,N/A,08/15/2018 05:20:06 PM +0000,03 - T-INTERSECTION,3 - PROPERTY DAMAGE ONLY (PDO),3,08/15/2018 05:25:13 PM +0000,WED,M - MALE,1 - NO INJURY / NONE REPORTED,3AD1487D-3BB5-4DCA-A9C3-1C998458FE6D,1 - DAYLIGHT,185011191,2 - REAR-END,02 - WET,1 - STRAIGHT LEVEL,"2 - BLACKTOP, BITUMINOUS, ASPHALT",N/A,D - DRIVER,4 - RAIN,45224
38XX VINE ST,39.155221,84.506635,41-50,N/A,N/A,08/25/2018 01:37:00 PM +0000,03 - T-INTERSECTION,3 - PROPERTY DAMAGE ONLY (PDO),3,08/25/2018 01:37:00 PM +0000,SAT,M - MALE,1 - NO INJURY / NONE REPORTED,6FF17B51-F81F-475F-9DB7-CE9C08D87C65,1 - DAYLIGHT,185011879,2 - REAR-END,02 - WET,1 - STRAIGHT LEVEL,"2 - BLACKTOP, BITUMINOUS, ASPHALT",N/A,D - DRIVER,4 - RAIN,45217
72XX EASTLAWN DR,39.193674,-84.456237,UNKNOWN,ROSELAWN,ROSELAWN,08/22/2018 03:35:00 PM +0000,01 - NOT AN INTERSECTION,3 - PROPERTY DAMAGE ONLY (PDO),3,08/22/2018 03:35:00 PM +0000,WED,,1 - NO INJURY / NONE REPORTED,2FA5C5A8-D3D8-4F13-A6B9-4F369EF0C830,1 - DAYLIGHT,185011737,"7 - SIDESWIPE, SAME DIRECTION",01 - DRY,1 - STRAIGHT LEVEL,"2 - BLACKTOP, BITUMINOUS, ASPHALT",ROSELAWN,D - DRIVER,1 - CLEAR,45237
72XX EASTLAWN DR,39.1932,-84.456453,31-40,ROSELAWN,ROSELAWN,08/23/2018 03:30:00 PM +0000,03 - T-INTERSECTION,2 - INJURY,2,08/23/2018 08:00:00 PM +0000,THU,F - FEMALE,3 - NON-INCAPACITATING,EEFC30CD-821B-4F5C-B470-43542245EC2C,1 - DAYLIGHT,185011807,1 - NOT COLLISION BETWEEN TWO MOTOR VEHICLES IN TRANSPORT,01 - DRY,1 - STRAIGHT LEVEL,"2 - BLACKTOP, BITUMINOUS, ASPHALT",ROSELAWN,O - OCCUPANT,1 - CLEAR,45237
21XX MONTANA AV,39.158605,-84.565349,18-25,NORTHSIDE,NORTHSIDE,08/08/2018 05:51:00 PM +0000,01 - NOT AN INTERSECTION,3 - PROPERTY DAMAGE ONLY (PDO),3,08/08/2018 05:52:00 PM +0000,WED,F - FEMALE,1 - NO INJURY / NONE REPORTED,6D08007D-EF01-4FCF-9E4A-09B865AF83DD,1 - DAYLIGHT,185011028,6 - ANGLE,01 - DRY,1 - STRAIGHT LEVEL,"2 - BLACKTOP, BITUMINOUS, ASPHALT",VILLAGES AT ROLL HILL,D - DRIVER,1 - CLEAR,45211
9XX DALTON AV,39.104238,-84.535671,26-30,QUEENSGATE,QUEENSGATE,08/10/2018 10:02:00 PM +0000,03 - T-INTERSECTION,3 - PROPERTY DAMAGE ONLY (PDO),3,08/10/2018 10:21:00 PM +0000,FRI,F - FEMALE,1 - NO INJURY / NONE REPORTED,FE0B428B-5AEE-492E-8E06-79028083BAF3,4 - DARK - LIGHTED ROADWAY,185011133,6 - ANGLE,01 - DRY,1 - STRAIGHT LEVEL,1 - CONCRETE,QUEENSGATE,D - DRIVER,1 - CLEAR,45203
34XX ERIE AV,39.141621,-84.419291,UNKNOWN,HYDE PARK,HYDE PARK,08/17/2018 10:34:00 AM +0000,01 - NOT AN INTERSECTION,3 - PROPERTY DAMAGE ONLY (PDO),3,08/17/2018 10:34:00 AM +0000,FRI,,1 - NO INJURY / NONE REPORTED,E5D7E517-43E3-4AA6-9DCD-0612D189C8EF,1 - DAYLIGHT,185011480,9 - UNKNOWN,02 - WET,1 - STRAIGHT LEVEL,"2 - BLACKTOP, BITUMINOUS, ASPHALT",HYDE PARK,D - DRIVER,4 - RAIN,45208
28XX LANGDON FARM RD,39.180987,84.437341,26-30,N/A,N/A,08/20/2018 04:03:00 PM +0000,01 - NOT AN INTERSECTION,3 - PROPERTY DAMAGE ONLY (PDO),3,08/20/2018 04:03:00 PM +0000,MON,M - MALE,1 - NO INJURY / NONE REPORTED,E98DF5CF-8B05-4451-A8E7-12357E820463,1 - DAYLIGHT,185011653,1 - NOT COLLISION BETWEEN TWO MOTOR VEHICLES IN TRANSPORT,02 - WET,4 - CURVE GRADE,"2 - BLACKTOP, BITUMINOUS, ASPHALT",N/A,D - DRIVER,2 - CLOUDY,45212
S I75 AT 9-2 MM,39.193164,84.477947,31-40,N/A,N/A,08/17/2018 05:45:00 PM +0000,01 - NOT AN INTERSECTION,2 - INJURY,2,08/17/2018 05:47:00 PM +0000,FRI,M - MALE,1 - NO INJURY / NONE REPORTED,F35238FE-821B-4B32-A209-719CC0E3CF12,1 - DAYLIGHT,185011515,2 - REAR-END,01 - DRY,1 - STRAIGHT LEVEL,"2 - BLACKTOP, BITUMINOUS, ASPHALT",N/A,O - OCCUPANT,2 - CLOUDY,45216
25XX CLIFTON AV,39.129365,84.521165,31-40,N/A,N/A,08/14/2018 02:04:21 PM +0000,01 - NOT AN INTERSECTION,3 - PROPERTY DAMAGE ONLY (PDO),3,08/14/2018 02:08:27 PM +0000,TUE,M - MALE,1 - NO INJURY / NONE REPORTED,40C54EC8-BB87-49FD-A19A-4AEBC37784A9,1 - DAYLIGHT,185011297,2 - REAR-END,01 - DRY,1 - STRAIGHT LEVEL,"2 - BLACKTOP, BITUMINOUS, ASPHALT",N/A,D - DRIVER,1 - CLEAR,45221
6XX VINE ST,39.104061,84.513898,26-30,N/A,N/A,08/25/2018 08:25:00 PM +0000,01 - NOT AN INTERSECTION,3 - PROPERTY DAMAGE ONLY (PDO),3,08/25/2018 08:27:00 PM +0000,SAT,M - MALE,1 - NO INJURY / NONE REPORTED,82E7801D-C5B8-4250-B49A-4E2D2F4B2EC4,4 - DARK - LIGHTED ROADWAY,185011900,6 - ANGLE,02 - WET,1 - STRAIGHT LEVEL,1 - CONCRETE,N/A,D - DRIVER,4 - RAIN,45202
23XX STRATFORD AV,39.12802,-84.52272,18-25,CUF,FAIRVIEW,08/19/2018 12:36:00 AM +0000,01 - NOT AN INTERSECTION,3 - PROPERTY DAMAGE ONLY (PDO),3,08/19/2018 12:36:00 AM +0000,SUN,M - MALE,1 - NO INJURY / NONE REPORTED,6560DF70-3D4E-4FDF-B03F-44886E080584,4 - DARK - LIGHTED ROADWAY,185011575,"8 - SIDESWIPE, OPPOSITE DIRECTION",01 - DRY,2 - STRAIGHT GRADE,"2 - BLACKTOP, BITUMINOUS, ASPHALT",CUF,D - DRIVER,1 - CLEAR,45219
50XX CROOKSHANK RD,39.126851,84.606751,26-30,N/A,N/A,08/17/2018 01:30:00 PM +0000,02 - FOUR-WAY INTERSECTION,3 - PROPERTY DAMAGE ONLY (PDO),3,08/17/2018 01:34:00 PM +0000,FRI,M - MALE,1 - NO INJURY / NONE REPORTED,D369A9ED-78B6-4D88-88F0-49FFBAB8E9F3,1 - DAYLIGHT,185011488,"7 - SIDESWIPE, SAME DIRECTION",01 - DRY,1 - STRAIGHT LEVEL,"2 - BLACKTOP, BITUMINOUS, ASPHALT",N/A,D - DRIVER,2 - CLOUDY,45238
51XX GLENCROSSING WY,39.129774,-84.615911,41-50,WESTWOOD,WESTWOOD,08/11/2018 08:50:00 AM +0000,01 - NOT AN INTERSECTION,3 - PROPERTY DAMAGE ONLY (PDO),3,08/11/2018 09:52:00 AM +0000,SAT,M - MALE,1 - NO INJURY / NONE REPORTED,484D478A-4B6E-409F-8A6A-0D498AA39D6E,1 - DAYLIGHT,185011157,1 - NOT COLLISION BETWEEN TWO MOTOR VEHICLES IN TRANSPORT,01 - DRY,1 - STRAIGHT LEVEL,"2 - BLACKTOP, BITUMINOUS, ASPHALT",WESTWOOD,D - DRIVER,1 - CLEAR,45238
65XX MONTGOMERY RD,39.188368,-84.415712,18-25,KENNEDY HEIGHTS,KENNEDY  HEIGHTS,08/19/2018 01:34:00 AM +0000,01 - NOT AN INTERSECTION,2 - INJURY,2,08/19/2018 01:35:00 AM +0000,SUN,F - FEMALE,2 - POSSIBLE,CBCFA897-9B35-4CA9-8A6B-2BFCF3AA2747,4 - DARK - LIGHTED ROADWAY,185011577,1 - NOT COLLISION BETWEEN TWO MOTOR VEHICLES IN TRANSPORT,01 - DRY,1 - STRAIGHT LEVEL,1 - CONCRETE,KENNEDY HEIGHTS,O - OCCUPANT,1 - CLEAR,45213
6XX WILLIAM HOWARD TAFT RD,39.128351,-84.500918,18-25,AVONDALE,AVONDALE,08/12/2018 04:30:00 PM +0000,01 - NOT AN INTERSECTION,3 - PROPERTY DAMAGE ONLY (PDO),3,08/12/2018 04:30:00 PM +0000,SUN,F - FEMALE,1 - NO INJURY / NONE REPORTED,8F699628-5475-4869-B67F-9C8A1763631E,1 - DAYLIGHT,185011219,2 - REAR-END,02 - WET,1 - STRAIGHT LEVEL,"2 - BLACKTOP, BITUMINOUS, ASPHALT",AVONDALE,D - DRIVER,4 - RAIN,45206
62XX CHANDLER ST,39.164411,84.391284,61-70,N/A,N/A,08/09/2018 07:50:00 PM +0000,01 - NOT AN INTERSECTION,3 - PROPERTY DAMAGE ONLY (PDO),3,08/09/2018 07:57:00 PM +0000,THU,M - MALE,1 - NO INJURY / NONE REPORTED,10A304A8-6462-4CBB-B9D0-2986694B0F8D,4 - DARK - LIGHTED ROADWAY,185011077,"7 - SIDESWIPE, SAME DIRECTION",01 - DRY,1 - STRAIGHT LEVEL,"2 - BLACKTOP, BITUMINOUS, ASPHALT",N/A,D - DRIVER,1 - CLEAR,45227
XX E LIBERTY ST,39.112301,-84.514025,OVER 70,OTR,OVER-THE-RHINE,08/04/2018 08:56:00 AM +0000,02 - FOUR-WAY INTERSECTION,2 - INJURY,2,08/04/2018 09:10:00 AM +0000,SAT,M - MALE,3 - NON-INCAPACITATING,B08AD2F6-FE30-42CF-B565-E67C0926DE19,1 - DAYLIGHT,185010803,6 - ANGLE,01 - DRY,1 - STRAIGHT LEVEL,"2 - BLACKTOP, BITUMINOUS, ASPHALT",OVER-THE-RHINE,D - DRIVER,2 - CLOUDY,45202
23XX RAVINE,39.128731,84.525661,18-25,N/A,N/A,08/14/2018 01:00:10 PM +0000,"06 - FIVE-POINT, OR MORE",3 - PROPERTY DAMAGE ONLY (PDO),3,08/14/2018 02:00:12 PM +0000,TUE,F - FEMALE,1 - NO INJURY / NONE REPORTED,C9CFFE3B-D8A2-4E67-95FA-59BA9AAA0754,1 - DAYLIGHT,185011294,1 - NOT COLLISION BETWEEN TWO MOTOR VEHICLES IN TRANSPORT,01 - DRY,1 - STRAIGHT LEVEL,"2 - BLACKTOP, BITUMINOUS, ASPHALT",N/A,D - DRIVER,1 - CLEAR,45219
46XX RIDGE AV,39.158633,84.420563,UNKNOWN,N/A,N/A,08/20/2018 05:39:00 AM +0000,02 - FOUR-WAY INTERSECTION,3 - PROPERTY DAMAGE ONLY (PDO),3,08/20/2018 05:40:00 AM +0000,MON,,1 - NO INJURY / NONE REPORTED,6974FCE9-F424-4426-BF7B-B1E9BD4A6E22,4 - DARK - LIGHTED ROADWAY,185011614,6 - ANGLE,01 - DRY,1 - STRAIGHT LEVEL,"2 - BLACKTOP, BITUMINOUS, ASPHALT",N/A,D - DRIVER,1 - CLEAR,45209
20XX HARRISON AV,39.133013,-84.566925,18-25,NORTH FAIRMOUNT,SOUTH  FAIRMOUNT,08/15/2018 06:21:00 AM +0000,01 - NOT AN INTERSECTION,3 - PROPERTY DAMAGE ONLY (PDO),3,08/15/2018 06:30:00 AM +0000,WED,M - MALE,1 - NO INJURY / NONE REPORTED,7CC3EBF4-3C0A-4AF2-908A-E785814A2027,1 - DAYLIGHT,185011331,1 - NOT COLLISION BETWEEN TWO MOTOR VEHICLES IN TRANSPORT,01 - DRY,1 - STRAIGHT LEVEL,"2 - BLACKTOP, BITUMINOUS, ASPHALT",NORTH FAIRMOUNT,D - DRIVER,1 - CLEAR,45214