ADDRESS_X,LATITUDE_X,LONGITUDE_X,AGE,COMMUNITY_COUNCIL_NEIGHBORHOOD,CPD_NEIGHBORHOOD,CRASHDATE,CRASHLOCATION,CRASHSEVERITY,CRASHSEVERITYID,DATECRASHREPORTED,DAYOFWEEK,GENDER,INJURIES,INSTANCEID,LIGHTCONDITIONSPRIMARY,LOCALREPORTNO,MANNEROFCRASH,ROADCONDITIONSPRIMARY,ROADCONTOUR,ROADSURFACE,SNA_NEIGHBORHOOD,TYPEOFPERSON,WEATHER,ZIP
13XX KNOWLTON ST,39.161886,84.532276,31-40,N/A,N/A,08/02/2018 12:48:00 PM +0000,02 - FOUR-WAY INTERSECTION,3 - PROPERTY DAMAGE ONLY (PDO),3,08/02/2018 12:49:00 PM +0000,THU,M - MALE,1 - NO INJURY / NONE REPORTED,6DADAA1C-EE71-41C7-BB55-C68C1FACD6D9,1 - DAYLIGHT,185010699,5 - BACKING,01 - DRY,1 - STRAIGHT LEVEL,"2 - BLACKTOP, BITUMINOUS, ASPHALT",N/A,D - DRIVER,1 - CLEAR,45223
49XX HAMILTON AV,39.180741,-84.544485,UNDER 18,COLLEGE HILL,COLLEGE  HILL,08/15/2018 04:33:08 PM +0000,01 - NOT AN INTERSECTION,3 - PROPERTY DAMAGE ONLY (PDO),3,08/15/2018 04:55:33 PM +0000,WED,M - MALE,1 - NO INJURY / NONE REPORTED,7321F2E9-13EB-42AA-8AAE-4CC87A1949EE,1 - DAYLIGHT,185011361,6 - ANGLE,02 - WET,4 - CURVE GRADE,"2 - BLACKTOP, BITUMINOUS, ASPHALT",COLLEGE HILL,O - OCCUPANT,4 - RAIN,45224
20XX READING RD,39.118777,-84.499993,41-50,WALNUT HILLS,WALNUT HILLS,08/10/2018 08:31:00 AM +0000,02 - FOUR-WAY INTERSECTION,3 - PROPERTY DAMAGE ONLY (PDO),3,08/10/2018 08:31:00 AM +0000,FRI,F - FEMALE,1 - NO INJURY / NONE REPORTED,B3F688F7-AC64-466A-877D-71C239D34CEB,1 - DAYLIGHT,185011089,"7 - SIDESWIPE, SAME DIRECTION",01 - DRY,2 - STRAIGHT GRADE,"2 - BLACKTOP, BITUMINOUS, ASPHALT",WALNUT HILLS,D - DRIVER,2 - CLOUDY,45206
3XX ELM ST,39.099009,84.514622,18-25,N/A,N/A,08/11/2018 09:21:00 AM +0000,02 - FOUR-WAY INTERSECTION,3 - PROPERTY DAMAGE ONLY (PDO),3,08/11/2018 09:21:00 AM +0000,SAT,F - FEMALE,1 - NO INJURY / NONE REPORTED,1F2AF304-AAAA-4F21-95C2-AFC79CAC242A,1 - DAYLIGHT,185011159,"7 - SIDESWIPE, SAME DIRECTION",01 - DRY,4 - CURVE GRADE,"2 - BLACKTOP, BITUMINOUS, ASPHALT",N/A,D - DRIVER,1 - CLEAR,45202
S I75 AT 10-4 MM,39.203798,84.466321,UNKNOWN,N/A,N/A,08/03/2018 12:30:00 PM +0000,01 - NOT AN INTERSECTION,3 - PROPERTY DAMAGE ONLY (PDO),3,08/03/2018 12:35:00 PM +0000,FRI,,1 - NO INJURY / NONE REPORTED,C8491583-C0D6-411B-B686-EB3F8BF3FD58,1 - DAYLIGHT,185010755,2 - REAR-END,01 - DRY,1 - STRAIGHT LEVEL,"2 - BLACKTOP, BITUMINOUS, ASPHALT",N/A,D - DRIVER,1 - CLEAR,45237
3XX W MCMILLAN ST,39.128391,-84.525611,18-25,CUF - HEIGHTS,FAIRVIEW,08/26/2018 10:54:00 AM +0000,"06 - FIVE-POINT, OR MORE",3 - PROPERTY DAMAGE ONLY (PDO),3,08/26/2018 10:55:00 AM +0000,SUN,M - MALE,1 - NO INJURY / NONE REPORTED,39DCA070-EA1F-47D9-A5A2-F86900A9F73A,1 - DAYLIGHT,185011916,6 - ANGLE,01 - DRY,2 - STRAIGHT GRADE,"2 - BLACKTOP, BITUMINOUS, ASPHALT",CUF,D - DRIVER,1 - CLEAR,45219
N I75 AT 0-8 MM,39.102624,84.525113,UNKNOWN,N/A,N/A,08/21/2018 04:45:10 AM +0000,01 - NOT AN INTERSECTION,3 - PROPERTY DAMAGE ONLY (PDO),3,08/21/2018 05:54:33 AM +0000,TUE,,1 - NO INJURY / NONE REPORTED,E99E3411-858C-49B9-9ECF-9F6C994861A2,5 - DARK – ROADWAY NOT LIGHTED,185011665,"7 - SIDESWIPE, SAME DIRECTION",01 - DRY,4 - CURVE GRADE,1 - CONCRETE,N/A,D - DRIVER,1 - CLEAR,45202
1XX E MCMICKEN AV,39.11296,-84.51389,26-30,OTR,OVER-THE-RHINE,08/24/2018 07:45:14 AM +0000,01 - NOT AN INTERSECTION,2 - INJURY,2,08/24/2018 07:50:16 AM +0000,FRI,F - FEMALE,2 - POSSIBLE,99076834-24CF-4F08-B2E4-FAD31A7E94C0,1 - DAYLIGHT,185011816,6 - ANGLE,01 - DRY,1 - STRAIGHT LEVEL,1 - CONCRETE,OVER-THE-RHINE,D - DRIVER,1 - CLEAR,45202
6XX GHOLSON AV,0.00032,0.00003,31-40,N/A,N/A,08/21/2018 10:55:00 PM +0000,01 - NOT AN INTERSECTION,2 - INJURY,2,08/21/2018 11:00:00 PM +0000,TUE,M - MALE,3 - NON-INCAPACITATING,B93D6F52-B020-45B6-AF32-26B066E7BFE2,4 - DARK - LIGHTED ROADWAY,185011705,6 - ANGLE,01 - DRY,1 - STRAIGHT LEVEL,"2 - BLACKTOP, BITUMINOUS, ASPHALT",N/A,D - DRIVER,1 - CLEAR,45229
36XX MONTGOMERY RD,39.144752,84.468519,41-50,N/A,N/A,08/15/2018 04:45:00 PM +0000,01 - NOT AN INTERSECTION,2 - INJURY,2,08/15/2018 04:55:00 PM +0000,WED,F - FEMALE,3 - NON-INCAPACITATING,51511F3C-E80E-4E2D-93D2-2A03D74E6FCE,1 - DAYLIGHT,185011382,2 - REAR-END,02 - WET,1 - STRAIGHT LEVEL,"2 - BLACKTOP, BITUMINOUS, ASPHALT",N/A,D - DRIVER,4 - RAIN,45207
17XX TUXWORTH AV,39.122041,-84.594251,UNKNOWN,WEST PRICE HILL,WEST PRICE HILL,08/11/2018 06:00:00 PM +0000,01 - NOT AN INTERSECTION,3 - PROPERTY DAMAGE ONLY (PDO),3,08/20/2018 10:52:00 AM +0000,SAT,,1 - NO INJURY / NONE REPORTED,919B086A-0D53-4B68-AC54-B0882438D1F2,1 - DAYLIGHT,185011621,1 - NOT COLLISION BETWEEN TWO MOTOR VEHICLES IN TRANSPORT,01 - DRY,1 - STRAIGHT LEVEL,1 - CONCRETE,WEST PRICE HILL,D - DRIVER,1 - CLEAR,45238
31XX HARRISON AV,39.154429,84.601535,18-25,N/A,N/A,08/24/2018 03:20:00 PM +0000,01 - NOT AN INTERSECTION,2 - INJURY,2,08/24/2018 03:45:00 PM +0000,FRI,M - MALE,3 - NON-INCAPACITATING,E4AB69FD-4E08-4B10-B891-6F72586FB0BE,1 - DAYLIGHT,185011857,1 - NOT COLLISION BETWEEN TWO MOTOR VEHICLES IN TRANSPORT,01 - DRY,1 - STRAIGHT LEVEL,1 - CONCRETE,N/A,P - PEDESTRIAN,1 - CLEAR,45211
2XX WARNER ST,39.125483,-84.523271,41-50,CUF,FAIRVIEW,08/12/2018 04:37:00 PM +0000,02 - FOUR-WAY INTERSECTION,3 - PROPERTY DAMAGE ONLY (PDO),3,08/12/2018 04:37:00 PM +0000,SUN,M - MALE,1 - NO INJURY / NONE REPORTED,06C47841-6082-4986-A647-2304DC0E5A0E,1 - DAYLIGHT,185011221,6 - ANGLE,01 - DRY,1 - STRAIGHT LEVEL,1 - CONCRETE,CUF,D - DRIVER,1 - CLEAR,45219
55XX GLENWAY AV,39.131976,84.609124,51-60,N/A,N/A,08/13/2018 05:40:00 PM +0000,03 - T-INTERSECTION,2 - INJURY,2,08/13/2018 06:18:00 PM +0000,MON,F - FEMALE,1 - NO INJURY / NONE REPORTED,BF86D1D1-068E-4167-9D86-80E35C373186,1 - DAYLIGHT,185011265,1 - NOT COLLISION BETWEEN TWO MOTOR VEHICLES IN TRANSPORT,01 - DRY,1 - STRAIGHT LEVEL,"2 - BLACKTOP, BITUMINOUS, ASPHALT",N/A,D - DRIVER,1 - CLEAR,45238
5XX E LIBERTY ST,39.111395,-84.502186,31-40,MOUNT AUBURN - WALNUT HILLS,C. B. D. / RIVERFRONT,08/15/2018 05:05:00 PM +0000,03 - T-INTERSECTION,3 - PROPERTY DAMAGE ONLY (PDO),3,08/15/2018 05:07:00 PM +0000,WED,F - FEMALE,1 - NO INJURY / NONE REPORTED,A35F9706-3762-4FE8-8789-A08424D720EA,1 - DAYLIGHT,185011365,2 - REAR-END,02 - WET,1 - STRAIGHT LEVEL,"2 - BLACKTOP, BITUMINOUS, ASPHALT",PENDLETON,D - DRIVER,4 - RAIN,45202
25XX ASHLAND AV,39.12484,84.48284,51-60,N/A,N/A,08/24/2018 02:35:00 PM +0000,01 - NOT AN INTERSECTION,3 - PROPERTY DAMAGE ONLY (PDO),3,08/24/2018 02:37:00 PM +0000,FRI,M - MALE,1 - NO INJURY / NONE REPORTED,52223093-8C9B-4B52-8E4D-F6B8D3729372,1 - DAYLIGHT,185011837,1 - NOT COLLISION BETWEEN TWO MOTOR VEHICLES IN TRANSPORT,01 - DRY,1 - STRAIGHT LEVEL,"2 - BLACKTOP, BITUMINOUS, ASPHALT",N/A,O - OCCUPANT,1 - CLEAR,45206
E I275 AT 73-0 MM,39.059687,-84.424026,51-60,CALIFORNIA,CALIFORNIA,08/24/2018 02:24:00 PM +0000,08 - OFF RAMP,2 - INJURY,2,08/24/2018 02:25:00 PM +0000,FRI,F - FEMALE,3 - NON-INCAPACITATING,62C499B7-9C40-4643-B57A-E196B7E99F15,1 - DAYLIGHT,185011836,2 - REAR-END,01 - DRY,2 - STRAIGHT GRADE,"2 - BLACKTOP, BITUMINOUS, ASPHALT",CALIFORNIA,D - DRIVER,2 - CLOUDY,45230
24XX SPRING GROVE AV,39.12516,-84.53564,26-30,CAMP WASHINGTON,CAMP  WASHINGTON,08/23/2018 10:50:00 AM +0000,10 - DRIVEWAY/ALLEY ACCESS,3 - PROPERTY DAMAGE ONLY (PDO),3,08/23/2018 10:59:00 AM +0000,THU,F - FEMALE,1 - NO INJURY / NONE REPORTED,C23293C1-B3B8-454F-B6B3-FE7DE1765A76,1 - DAYLIGHT,185011771,6 - ANGLE,01 - DRY,1 - STRAIGHT LEVEL,"2 - BLACKTOP, BITUMINOUS, ASPHALT",CAMP WASHINGTON,D - DRIVER,1 - CLEAR,45214
21XX W NORTH BEND RD,39.201349,-84.562012,26-30,COLLEGE HILL,COLLEGE  HILL,08/17/2018 03:30:00 PM +0000,01 - NOT AN INTERSECTION,3 - PROPERTY DAMAGE ONLY (PDO),3,08/17/2018 03:38:00 PM +0000,FRI,F - FEMALE,1 - NO INJURY / NONE REPORTED,E5D33EB7-79C2-41BB-A76D-F8AF963D7149,1 - DAYLIGHT,185011494,"7 - SIDESWIPE, SAME DIRECTION",01 - DRY,1 - STRAIGHT LEVEL,"2 - BLACKTOP, BITUMINOUS, ASPHALT",COLLEGE HILL,D - DRIVER,2 - CLOUDY,45224
49XX GLENWAY AV,39.120198,84.599753,26-30,N/A,N/A,08/20/2018 01:03:00 PM +0000,10 - DRIVEWAY/ALLEY ACCESS,3 - PROPERTY DAMAGE ONLY (PDO),3,08/20/2018 01:03:00 PM +0000,MON,M - MALE,1 - NO INJURY / NONE REPORTED,5CE3AA7A-9C1D-48F8-9CF1-CC8BBAE17502,1 - DAYLIGHT,185011624,6 - ANGLE,01 - DRY,1 - STRAIGHT LEVEL,"2 - BLACKTOP, BITUMINOUS, ASPHALT",N/A,D - DRIVER,1 - CLEAR,45238
14XX VINE ST,39.111195,84.514541,UNKNOWN,N/A,N/A,08/23/2018 06:59:00 PM +0000,01 - NOT AN INTERSECTION,3 - PROPERTY DAMAGE ONLY (PDO),3,08/23/2018 09:05:31 PM +0000,THU,F - FEMALE,1 - NO INJURY / NONE REPORTED,4BD9C744-B9C3-4310-9264-6093A7CD6DD0,1 - DAYLIGHT,185011808,"7 - SIDESWIPE, SAME DIRECTION",01 - DRY,1 - STRAIGHT LEVEL,"2 - BLACKTOP, BITUMINOUS, ASPHALT",N/A,D - DRIVER,1 - CLEAR,45202
N I75 AT 8-2,39.138901,-84.483995,41-50,WALNUT HILLS,WALNUT HILLS,08/23/2018 09:30:00 AM +0000,01 - NOT AN INTERSECTION,3 - PROPERTY DAMAGE ONLY (PDO),3,08/23/2018 09:33:00 AM +0000,THU,M - MALE,1 - NO INJURY / NONE REPORTED,37798C97-E5F5-44F3-98E5-7B4977C043AE,1 - DAYLIGHT,185011767,2 - REAR-END,01 - DRY,1 - STRAIGHT LEVEL,"2 - BLACKTOP, BITUMINOUS, ASPHALT",WALNUT HILLS,D - DRIVER,1 - CLEAR,45237
36XX COLUMBIA PY,39.114531,84.436243,51-60,N/A,N/A,08/10/2018 09:45:00 PM +0000,02 - FOUR-WAY INTERSECTION,3 - PROPERTY DAMAGE ONLY (PDO),3,08/10/2018 09:48:00 PM +0000,FRI,F - FEMALE,1 - NO INJURY / NONE REPORTED,36599F09-0D48-45B2-8565-5C0ACABEA0DD,4 - DARK - LIGHTED ROADWAY,185011135,6 - ANGLE,01 - DRY,1 - STRAIGHT LEVEL,"2 - BLACKTOP, BITUMINOUS, ASPHALT",N/A,D - DRIVER,1 - CLEAR,45226
S I75 AT 0-6 MM,39.101695,-84.521868,18-25,DOWNTOWN,QUEENSGATE,08/07/2018 04:40:00 PM +0000,07 - ON RAMP,2 - INJURY,2,08/07/2018 04:41:00 PM +0000,TUE,M - MALE,1 - NO INJURY / NONE REPORTED,62891337-9FCB-4E8E-BECC-6FEB886F1AC0,1 - DAYLIGHT,185010962,2 - REAR-END,02 - WET,4 - CURVE GRADE,"2 - BLACKTOP, BITUMINOUS, ASPHALT",DOWNTOWN,D - DRIVER,2 - CLOUDY,45202
40XX GLENWAY AV,39.114346,84.579623,31-40,N/A,N/A,08/20/2018 02:45:00 PM +0000,01 - NOT AN INTERSECTION,3 - PROPERTY DAMAGE ONLY (PDO),3,08/20/2018 02:45:00 PM +0000,MON,F - FEMALE,1 - NO INJURY / NONE REPORTED,CE3CA225-84A7-4F3A-BA71-C236D70BFB2C,1 - DAYLIGHT,185011679,"7 - SIDESWIPE, SAME DIRECTION",02 - WET,1 - STRAIGHT LEVEL,"2 - BLACKTOP, BITUMINOUS, ASPHALT",N/A,D - DRIVER,4 - RAIN,45205
29XX READING RD,39.131893,-84.497618,UNKNOWN,AVONDALE,AVONDALE,08/11/2018 09:58:00 PM +0000,01 - NOT AN INTERSECTION,3 - PROPERTY DAMAGE ONLY (PDO),3,08/11/2018 09:58:00 PM +0000,SAT,M - MALE,1 - NO INJURY / NONE REPORTED,753B010E-871A-466B-8303-F934C32175C6,4 - DARK - LIGHTED ROADWAY,185011198,1 - NOT COLLISION BETWEEN TWO MOTOR VEHICLES IN TRANSPORT,01 - DRY,1 - STRAIGHT LEVEL,"2 - BLACKTOP, BITUMINOUS, ASPHALT",AVONDALE,O - OCCUPANT,1 - CLEAR,45206
30XX GLENHILLS WY,39.129321,-84.604396,61-70,WESTWOOD,WESTWOOD,08/05/2018 03:44:00 PM +0000,02 - FOUR-WAY INTERSECTION,2 - INJURY,2,08/05/2018 03:45:00 PM +0000,SUN,F - FEMALE,3 - NON-INCAPACITATING,1B5796EE-7C41-42EE-A496-E19BB4569021,1 - DAYLIGHT,185010857,6 - ANGLE,01 - DRY,2 - STRAIGHT GRADE,"2 - BLACKTOP, BITUMINOUS, ASPHALT",WEST PRICE HILL,D - DRIVER,1 - CLEAR,45238
50XX PADDOCK RD,39.177161,-84.478231,UNDER 18,BOND HILL,BONDHILL,08/20/2018 02:54:00 PM +0000,02 - FOUR-WAY INTERSECTION,2 - INJURY,2,08/20/2018 02:54:00 PM +0000,MON,M - MALE,2 - POSSIBLE,0C039326-CB68-4971-8E1F-503E795B2B95,1 - DAYLIGHT,185011631,1 - NOT COLLISION BETWEEN TWO MOTOR VEHICLES IN TRANSPORT,02 - WET,1 - STRAIGHT LEVEL,"2 - BLACKTOP, BITUMINOUS, ASPHALT",BOND HILL,P - PEDESTRIAN,4 - RAIN,45237
11XX VINE ST,39.106778,84.514071,31-40,N/A,N/A,08/11/2018 10:46:00 AM +0000,02 - FOUR-WAY INTERSECTION,2 - INJURY,2,08/11/2018 10:46:00 AM +0000,SAT,M - MALE,4 - INCAPACITATING,78FB245F-FBB1-4225-8F8D-73A2E8C466A7,1 - DAYLIGHT,185011167,2 - REAR-END,01 - DRY,1 - STRAIGHT LEVEL,"2 - BLACKTOP, BITUMINOUS, ASPHALT",N/A,D - DRIVER,1 - CLEAR,45202
4XX W KING DR,39.135815,84.521006,18-25,N/A,N/A,08/18/2018 01:10:00 AM +0000,01 - NOT AN INTERSECTION,1 - FATAL INJURY,1,08/18/2018 01:10:00 AM +0000,SAT,M - MALE,5 - FATAL,6A61DF2A-DB5F-4B97-A153-B40CBE31DC45,4 - DARK - LIGHTED ROADWAY,185011535,1 - NOT COLLISION BETWEEN TWO MOTOR VEHICLES IN TRANSPORT,01 - DRY,4 - CURVE GRADE,"2 - BLACKTOP, BITUMINOUS, ASPHALT",N/A,D - DRIVER,1 - CLEAR,45220
48XX MATLOCK AV,39.175141,-84.47258,UNKNOWN,BOND HILL,BONDHILL,08/18/2018 10:10:00 PM +0000,02 - FOUR-WAY INTERSECTION,3 - PROPERTY DAMAGE ONLY (PDO),3,08/18/2018 10:14:00 PM +0000,SAT,,1 - NO INJURY / NONE REPORTED,B5F17F34-574F-4CC6-A4DE-78FA19F0F5C4,4 - DARK - LIGHTED ROADWAY,185011563,6 - ANGLE,01 - DRY,2 - STRAIGHT GRADE,"2 - BLACKTOP, BITUMINOUS, ASPHALT",BOND HILL,D - DRIVER,1 - CLEAR,45237
11XX BELVEDERE ST,39.110913,84.496091,UNKNOWN,N/A,N/A,08/26/2018 12:30:00 AM +0000,01 - NOT AN INTERSECTION,3 - PROPERTY DAMAGE ONLY (PDO),3,08/26/2018 08:00:00 AM +0000,SUN,,1 - NO INJURY / NONE REPORTED,2CF40A26-4B3F-4F88-81A3-CFED876C65C3,5 - DARK – ROADWAY NOT LIGHTED,185011914,1 - NOT COLLISION BETWEEN TWO MOTOR VEHICLES IN TRANSPORT,01 - DRY,2 - STRAIGHT GRADE,"2 - BLACKTOP, BITUMINOUS, ASPHALT",N/A,D - DRIVER,2 - CLOUDY,45202
26XX HIGHLAND AV,39.128114,84.502871,31-40,N/A,N/A,08/24/2018 01:35:00 PM +0000,02 - FOUR-WAY INTERSECTION,2 - INJURY,2,08/24/2018 01:37:00 PM +0000,FRI,F - FEMALE,1 - NO INJURY / NONE REPORTED,DFE643A1-B8B8-4B29-A242-837A2DD014F6,1 - DAYLIGHT,185011840,6 - ANGLE,01 - DRY,2 - STRAIGHT GRADE,"2 - BLACKTOP, BITUMINOUS, ASPHALT",N/A,D - DRIVER,2 - CLOUDY,45219
32XX MONTANA,39.149983,84.607839,UNDER 18,N/A,N/A,08/23/2018 10:05:00 AM +0000,01 - NOT AN INTERSECTION,2 - INJURY,2,08/23/2018 10:07:00 AM +0000,THU,F - FEMALE,2 - POSSIBLE,5C0E9076-35B3-4A63-9E72-6BEBFA55F44B,1 - DAYLIGHT,185011768,2 - REAR-END,01 - DRY,1 - STRAIGHT LEVEL,"2 - BLACKTOP, BITUMINOUS, ASPHALT",N/A,O - OCCUPANT,1 - CLEAR,45211
26XX HIGHLAND AV,39.128402,-84.502411,OVER 70,CORRYVILLE,CORRYVILLE,08/02/2018 12:57:00 PM +0000,01 - NOT AN INTERSECTION,3 - PROPERTY DAMAGE ONLY (PDO),3,08/02/2018 01:00:00 PM +0000,THU,M - MALE,1 - NO INJURY / NONE REPORTED,1547130A-F87A-44B3-BB75-EC02B14A2245,1 - DAYLIGHT,185010702,2 - REAR-END,01 - DRY,1 - STRAIGHT LEVEL,"2 - BLACKTOP, BITUMINOUS, ASPHALT",CORRYVILLE,D - DRIVER,2 - CLOUDY,45219
X W 2ND ST,39.097186,84.511814,31-40,N/A,N/A,08/07/2018 12:50:00 PM +0000,02 - FOUR-WAY INTERSECTION,3 - PROPERTY DAMAGE ONLY (PDO),3,08/07/2018 01:10:00 PM +0000,TUE,F - FEMALE,1 - NO INJURY / NONE REPORTED,F9CA1F40-5ABD-41EB-A099-AEDA8ABBCAF4,1 - DAYLIGHT,185010947,2 - REAR-END,01 - DRY,1 - STRAIGHT LEVEL,1 - CONCRETE,N/A,D - DRIVER,2 - CLOUDY,45202
37XX PAXTON AV,39.143947,84.432314,51-60,N/A,N/A,08/07/2018 01:00:00 PM +0000,01 - NOT AN INTERSECTION,3 - PROPERTY DAMAGE ONLY (PDO),3,08/08/2018 09:50:00 AM +0000,TUE,M - MALE,1 - NO INJURY / NONE REPORTED,7B9ACD0C-7F5C-47EA-82D9-1D4B5816CEF3,1 - DAYLIGHT,185011003,"7 - SIDESWIPE, SAME DIRECTION",01 - DRY,1 - STRAIGHT LEVEL,"2 - BLACKTOP, BITUMINOUS, ASPHALT",N/A,D - DRIVER,1 - CLEAR,45209
N I71 AT 4-1 MM,39.136936,84.487601,31-40,N/A,N/A,08/10/2018 08:25:00 PM +0000,01 - NOT AN INTERSECTION,3 - PROPERTY DAMAGE ONLY (PDO),3,08/10/2018 08:29:00 PM +0000,FRI,M - MALE,1 - NO INJURY / NONE REPORTED,C4F0FF29-FCF6-48FF-BD77-08D632CCC2E0,3 - DUSK,185011129,1 - NOT COLLISION BETWEEN TWO MOTOR VEHICLES IN TRANSPORT,01 - DRY,1 - STRAIGHT LEVEL,"2 - BLACKTOP, BITUMINOUS, ASPHALT",N/A,D - DRIVER,1 - CLEAR,45206
W I74 AT 18-6 MM,39.157669,84.550842,31-40,N/A,N/A,08/17/2018 04:11:00 PM +0000,08 - OFF RAMP,3 - PROPERTY DAMAGE ONLY (PDO),3,08/17/2018 04:12:00 PM +0000,FRI,M - MALE,1 - NO INJURY / NONE REPORTED,03F69C57-1F38-4311-9E80-866881E8E4BF,1 - DAYLIGHT,185011503,2 - REAR-END,01 - DRY,2 - STRAIGHT GRADE,1 - CONCRETE,N/A,D - DRIVER,2 - CLOUDY,45211
47XX PADDOCK RD,39.172928,84.379268,41-50,N/A,N/A,08/10/2018 02:10:00 PM +0000,08 - OFF RAMP,3 - PROPERTY DAMAGE ONLY (PDO),3,08/10/2018 02:15:00 PM +0000,FRI,M - MALE,1 - NO INJURY / NONE REPORTED,8CC74640-D225-45F7-9C79-0179C6BC723D,1 - DAYLIGHT,185011108,2 - REAR-END,01 - DRY,1 - STRAIGHT LEVEL,1 - CONCRETE,N/A,D - DRIVER,1 - CLEAR,45229
1XX W 72ND ST,39.196581,84.481011,26-30,N/A,N/A,08/23/2018 08:01:00 AM +0000,01 - NOT AN INTERSECTION,3 - PROPERTY DAMAGE ONLY (PDO),3,08/23/2018 08:01:00 AM +0000,THU,M - MALE,1 - NO INJURY / NONE REPORTED,9F3026F1-0FAC-4609-B0DA-42A00C4E5A9D,1 - DAYLIGHT,185011763,1 - NOT COLLISION BETWEEN TWO MOTOR VEHICLES IN TRANSPORT,01 - DRY,1 - STRAIGHT LEVEL,"2 - BLACKTOP, BITUMINOUS, ASPHALT",N/A,D - DRIVER,1 - CLEAR,45216
57XX COLERAIN AV,39.198269,-84.577311,26-30,MOUNT AIRY,MOUNT AIRY,08/13/2018 01:52:00 PM +0000,01 - NOT AN INTERSECTION,2 - INJURY,2,08/13/2018 01:54:00 PM +0000,MON,M - MALE,1 - NO INJURY / NONE REPORTED,7C90E890-954F-4977-A702-248372928576,1 - DAYLIGHT,185011283,1 - NOT COLLISION BETWEEN TWO MOTOR VEHICLES IN TRANSPORT,01 - DRY,1 - STRAIGHT LEVEL,"2 - BLACKTOP, BITUMINOUS, ASPHALT",MT. AIRY,D - DRIVER,1 - CLEAR,45239
16XX GLEN PARKER AV,39.171628,84.54149,26-30,N/A,N/A,08/05/2018 07:23:06 PM +0000,01 - NOT AN INTERSECTION,3 - PROPERTY DAMAGE ONLY (PDO),3,08/05/2018 07:29:10 PM +0000,SUN,M - MALE,1 - NO INJURY / NONE REPORTED,66960161-A253-43A4-A662-5BD5F4C6C3CE,1 - DAYLIGHT,185010862,1 - NOT COLLISION BETWEEN TWO MOTOR VEHICLES IN TRANSPORT,01 - DRY,2 - STRAIGHT GRADE,"2 - BLACKTOP, BITUMINOUS, ASPHALT",N/A,D - DRIVER,1 - CLEAR,45223
XX WUEST ST,39.161891,-84.506933,UNDER 18,NORTH AVONDALE,CLIFTON,08/21/2018 07:10:00 PM +0000,01 - NOT AN INTERSECTION,2 - INJURY,2,08/21/2018 07:15:00 PM +0000,TUE,F - FEMALE,2 - POSSIBLE,96BC06BD-4DD5-4648-8FD7-76E69ECAD5EE,3 - DUSK,185011739,1 - NOT COLLISION BETWEEN TWO MOTOR VEHICLES IN TRANSPORT,01 - DRY,1 - STRAIGHT LEVEL,"2 - BLACKTOP, BITUMINOUS, ASPHALT",CLIFTON,P - PEDESTRIAN,2 - CLOUDY,45217
17XX DANA AV,39.150851,84.480231,18-25,N/A,N/A,08/19/2018 06:15:00 PM +0000,01 - NOT AN INTERSECTION,3 - PROPERTY DAMAGE ONLY (PDO),3,08/19/2018 06:30:00 PM +0000,SUN,F - FEMALE,1 - NO INJURY / NONE REPORTED,60DF2EBA-FA73-4433-9252-81D67615DFA4,1 - DAYLIGHT,185011597,6 - ANGLE,01 - DRY,1 - STRAIGHT LEVEL,"2 - BLACKTOP, BITUMINOUS, ASPHALT",N/A,D - DRIVER,1 - CLEAR,45207
33XX GLENMORE AV,39.148735,-84.612536,UNKNOWN,WESTWOOD,WESTWOOD,08/26/2018 07:25:00 PM +0000,01 - NOT AN INTERSECTION,2 - INJURY,2,08/26/2018 07:25:00 PM +0000,SUN,M - MALE,1 - NO INJURY / NONE REPORTED,FCC37DC4-A7B3-4E35-9571-C74DABA42B43,1 - DAYLIGHT,185011933,5 - BACKING,01 - DRY,1 - STRAIGHT LEVEL,"2 - BLACKTOP, BITUMINOUS, ASPHALT",WESTWOOD,D - DRIVER,1 - CLEAR,45211
34XX MADISON RD,39.158351,-84.424735,61-70,OAKLEY,OAKLEY,08/14/2018 07:07:00 PM +0000,03 - T-INTERSECTION,3 - PROPERTY DAMAGE ONLY (PDO),3,08/14/2018 07:20:00 PM +0000,TUE,M - MALE,1 - NO INJURY / NONE REPORTED,830ED066-28E2-4419-9EEC-D88C9BC7A2EB,1 - DAYLIGHT,185011319,6 - ANGLE,01 - DRY,1 - STRAIGHT LEVEL,1 - CONCRETE,OAKLEY,D - DRIVER,1 - CLEAR,45209
E NORWOOD LATERAL AT 0-1,39.173501,84.484971,18-25,N/A,N/A,08/22/2018 09:25:00 AM +0000,01 - NOT AN INTERSECTION,3 - PROPERTY DAMAGE ONLY (PDO),3,08/22/2018 09:25:00 AM +0000,WED,F - FEMALE,1 - NO INJURY / NONE REPORTED,7A3EBCBD-79A8-4E32-846A-80B5DFA553CF,1 - DAYLIGHT,185011717,"7 - SIDESWIPE, SAME DIRECTION",01 - DRY,1 - STRAIGHT LEVEL,"2 - BLACKTOP, BITUMINOUS, ASPHALT",N/A,D - DRIVER,1 - CLEAR,45237
45XX SPRING GROVE AV,39.165944,-84.519679,41-50,SPRING GROVE VILLAGE,SPRING GROVE VILLAGE,08/13/2018 04:40:36 PM +0000,01 - NOT AN INTERSECTION,3 - PROPERTY DAMAGE ONLY (PDO),3,08/13/2018 04:45:54 PM +0000,MON,F - FEMALE,1 - NO INJURY / NONE REPORTED,CA96E8BB-E440-4E8C-86F7-40DFBEC32609,1 - DAYLIGHT,185011263,6 - ANGLE,01 - DRY,1 - STRAIGHT LEVEL,"2 - BLACKTOP, BITUMINOUS, ASPHALT",SPRING GROVE VILLAGE,D - DRIVER,1 - CLEAR,45232