ADDRESS_X,LATITUDE_X,LONGITUDE_X,AGE,COMMUNITY_COUNCIL_NEIGHBORHOOD,CPD_NEIGHBORHOOD,CRASHDATE,CRASHLOCATION,CRASHSEVERITY,CRASHSEVERITYID,DATECRASHREPORTED,DAYOFWEEK,GENDER,INJURIES,INSTANCEID,LIGHTCONDITIONSPRIMARY,LOCALREPORTNO,MANNEROFCRASH,ROADCONDITIONSPRIMARY,ROADCONTOUR,ROADSURFACE,SNA_NEIGHBORHOOD,TYPEOFPERSON,WEATHER,ZIP
3XX E KING DR,39.133236,-84.503677,18-25,CORRYVILLE,CORRYVILLE,08/06/2018 03:14:00 PM +0000,01 - NOT AN INTERSECTION,3 - PROPERTY DAMAGE ONLY (PDO),3,08/06/2018 03:14:00 PM +0000,MON,F - FEMALE,1 - NO INJURY / NONE REPORTED,6B569FE5-B947-42C1-AE8A-47507CBB5ECC,1 - DAYLIGHT,185010885,2 - REAR-END,02 - WET,1 - STRAIGHT LEVEL,"2 - BLACKTOP, BITUMINOUS, ASPHALT",CORRYVILLE,D - DRIVER,2 - CLOUDY,45219
40XX GLENWAY AV,39.114446,84.580013,UNDER 18,N/A,N/A,08/20/2018 02:45:00 PM +0000,01 - NOT AN INTERSECTION,3 - PROPERTY DAMAGE ONLY (PDO),3,08/20/2018 02:45:00 PM +0000,MON,M - MALE,1 - NO INJURY / NONE REPORTED,CE3CA225-84A7-4F3A-BA71-C236D70BFB2C,1 - DAYLIGHT,185011679,"7 - SIDESWIPE, SAME DIRECTION",02 - WET,1 - STRAIGHT LEVEL,"2 - BLACKTOP, BITUMINOUS, ASPHALT",N/A,D - DRIVER,4 - RAIN,45205
S I71 AT 0-9 MM,39.098358,84.514446,41-50,N/A,N/A,08/15/2018 04:12:00 PM +0000,01 - NOT AN INTERSECTION,3 - PROPERTY DAMAGE ONLY (PDO),3,08/15/2018 04:14:00 PM +0000,WED,M - MALE,1 - NO INJURY / NONE REPORTED,241BC3B5-EEC5-4CA7-B89A-87706A29D2EA,1 - DAYLIGHT,185011364,2 - REAR-END,02 - WET,1 - STRAIGHT LEVEL,"2 - BLACKTOP, BITUMINOUS, ASPHALT",N/A,D - DRIVER,4 - RAIN,45202
23XX WHEELER ST,39.125683,-84.52141,18-25,CUF,FAIRVIEW,08/16/2018 07:26:10 PM +0000,01 - NOT AN INTERSECTION,3 - PROPERTY DAMAGE ONLY (PDO),3,08/16/2018 07:58:27 PM +0000,THU,M - MALE,1 - NO INJURY / NONE REPORTED,79193B69-D3A4-4F2F-8680-96A7F48D223F,1 - DAYLIGHT,185011448,5 - BACKING,02 - WET,2 - STRAIGHT GRADE,"2 - BLACKTOP, BITUMINOUS, ASPHALT",CUF,D - DRIVER,4 - RAIN,45219
23XX CHICKASAW ST,39.128606,84.522611,UNKNOWN,N/A,N/A,08/04/2018 08:00:00 PM +0000,01 - NOT AN INTERSECTION,3 - PROPERTY DAMAGE ONLY (PDO),3,08/05/2018 10:55:00 AM +0000,SAT,,1 - NO INJURY / NONE REPORTED,B7DAA103-7FA6-499B-A14E-F7006322366F,9 - UNKNOWN,185010850,1 - NOT COLLISION BETWEEN TWO MOTOR VEHICLES IN TRANSPORT,01 - DRY,1 - STRAIGHT LEVEL,1 - CONCRETE,N/A,D - DRIVER,1 - CLEAR,45219
30XX HARRISON AV,30.204587,85.658819,UNKNOWN,N/A,N/A,08/25/2018 07:00:00 PM +0000,01 - NOT AN INTERSECTION,3 - PROPERTY DAMAGE ONLY (PDO),3,08/25/2018 09:00:00 PM +0000,SAT,,1 - NO INJURY / NONE REPORTED,E26A1B0E-2BF5-4B34-B6A8-BFA81E98B0E6,4 - DARK - LIGHTED ROADWAY,185011901,"7 - SIDESWIPE, SAME DIRECTION",02 - WET,1 - STRAIGHT LEVEL,"2 - BLACKTOP, BITUMINOUS, ASPHALT",N/A,D - DRIVER,2 - CLOUDY,45211
56XX RIDGE AV,39.175781,-84.415051,41-50,KENNEDY HEIGHTS,KENNEDY  HEIGHTS,08/16/2018 04:15:00 PM +0000,03 - T-INTERSECTION,3 - PROPERTY DAMAGE ONLY (PDO),3,08/16/2018 04:19:00 PM +0000,THU,M - MALE,1 - NO INJURY / NONE REPORTED,6BD2196A-2D82-4D1E-A9AC-1F80F246D5A0,1 - DAYLIGHT,185011445,2 - REAR-END,01 - DRY,2 - STRAIGHT GRADE,"2 - BLACKTOP, BITUMINOUS, ASPHALT",KENNEDY HEIGHTS,D - DRIVER,2 - CLOUDY,45213
40XX WATTERSON ST,39.149434,84.392772,61-70,N/A,N/A,08/22/2018 09:53:09 AM +0000,02 - FOUR-WAY INTERSECTION,3 - PROPERTY DAMAGE ONLY (PDO),3,08/22/2018 09:53:10 AM +0000,WED,M - MALE,1 - NO INJURY / NONE REPORTED,CC5EC183-F498-4FAC-BABF-38EDACC8EFB9,1 - DAYLIGHT,185011716,1 - NOT COLLISION BETWEEN TWO MOTOR VEHICLES IN TRANSPORT,01 - DRY,1 - STRAIGHT LEVEL,"2 - BLACKTOP, BITUMINOUS, ASPHALT",N/A,D - DRIVER,1 - CLEAR,45227
46XX KELLOGG AV,39.092867,84.425885,31-40,N/A,N/A,08/22/2018 10:35:00 AM +0000,01 - NOT AN INTERSECTION,3 - PROPERTY DAMAGE ONLY (PDO),3,08/22/2018 10:50:00 AM +0000,WED,M - MALE,1 - NO INJURY / NONE REPORTED,98DEB01D-A522-4C8C-9838-30C3B468BA95,1 - DAYLIGHT,185011723,"8 - SIDESWIPE, OPPOSITE DIRECTION",01 - DRY,1 - STRAIGHT LEVEL,"2 - BLACKTOP, BITUMINOUS, ASPHALT",N/A,D - DRIVER,1 - CLEAR,45226
N I75 AT 4-6 MM,39.152525,84.538748,51-60,N/A,N/A,08/17/2018 07:27:00 AM +0000,01 - NOT AN INTERSECTION,3 - PROPERTY DAMAGE ONLY (PDO),3,08/17/2018 07:28:00 AM +0000,FRI,M - MALE,1 - NO INJURY / NONE REPORTED,0FC7ED6B-C89C-4A75-BB0E-A647F0E95C74,1 - DAYLIGHT,185011481,6 - ANGLE,02 - WET,1 - STRAIGHT LEVEL,"2 - BLACKTOP, BITUMINOUS, ASPHALT",N/A,D - DRIVER,2 - CLOUDY,45214
N I75 AT 10-2 MM,39.203137,-84.466426,18-25,HARTWELL,HARTWELL,08/13/2018 02:36:00 AM +0000,01 - NOT AN INTERSECTION,3 - PROPERTY DAMAGE ONLY (PDO),3,08/13/2018 02:36:00 AM +0000,MON,M - MALE,1 - NO INJURY / NONE REPORTED,8D929164-37D5-4EE5-B009-4C75A1E285CF,4 - DARK - LIGHTED ROADWAY,185011234,6 - ANGLE,01 - DRY,1 - STRAIGHT LEVEL,"2 - BLACKTOP, BITUMINOUS, ASPHALT",HARTWELL,D - DRIVER,1 - CLEAR,45216
76XX READING RD,39.199671,-84.457483,UNDER 18,ROSELAWN,ROSELAWN,08/15/2018 03:45:00 PM +0000,03 - T-INTERSECTION,3 - PROPERTY DAMAGE ONLY (PDO),3,08/15/2018 03:45:00 PM +0000,WED,M - MALE,1 - NO INJURY / NONE REPORTED,1F666AE6-888B-48E4-877E-A1FE8D718BA9,1 - DAYLIGHT,185011373,6 - ANGLE,02 - WET,1 - STRAIGHT LEVEL,"2 - BLACKTOP, BITUMINOUS, ASPHALT",ROSELAWN,D - DRIVER,4 - RAIN,45237
41XX READING RD,39.157474,-84.475685,UNDER 18,PADDOCK HILLS,PADDOCK  HILLS,08/10/2018 05:29:00 PM +0000,01 - NOT AN INTERSECTION,3 - PROPERTY DAMAGE ONLY (PDO),3,08/10/2018 05:29:00 PM +0000,FRI,M - MALE,1 - NO INJURY / NONE REPORTED,389EA01A-DF9D-439D-80F8-A51C8DE23A8D,1 - DAYLIGHT,185011121,6 - ANGLE,02 - WET,3 - CURVE LEVEL,"2 - BLACKTOP, BITUMINOUS, ASPHALT",NORTH AVONDALE - PADDOCK HILLS,D - DRIVER,4 - RAIN,45229
2XX MCMILLAN ST,-0.00015,0.00097,18-25,N/A,N/A,08/28/2018 07:50:00 PM +0000,02 - FOUR-WAY INTERSECTION,2 - INJURY,2,08/28/2018 07:53:00 PM +0000,TUE,M - MALE,3 - NON-INCAPACITATING,D4CC6E69-0A80-4885-B6F4-ADC94E07826F,1 - DAYLIGHT,185012037,6 - ANGLE,01 - DRY,1 - STRAIGHT LEVEL,1 - CONCRETE,N/A,D - DRIVER,1 - CLEAR,45219
25XX FERGUSON RD,39.132879,-84.600917,18-25,WESTWOOD,WESTWOOD,08/10/2018 05:47:19 PM +0000,01 - NOT AN INTERSECTION,2 - INJURY,2,08/10/2018 05:47:34 PM +0000,FRI,M - MALE,1 - NO INJURY / NONE REPORTED,7FC172B9-EE21-4E41-844D-7BE72DE0BB6C,1 - DAYLIGHT,185011123,2 - REAR-END,01 - DRY,1 - STRAIGHT LEVEL,"2 - BLACKTOP, BITUMINOUS, ASPHALT",WESTWOOD,O - OCCUPANT,1 - CLEAR,45238
47XX SPRING GROVE AV,39.164553,-84.515481,31-40,SPRING GROVE VILLAGE,SPRING GROVE VILLAGE,08/08/2018 06:20:00 AM +0000,02 - FOUR-WAY INTERSECTION,3 - PROPERTY DAMAGE ONLY (PDO),3,08/08/2018 06:22:00 AM +0000,WED,F - FEMALE,1 - NO INJURY / NONE REPORTED,B5B74649-F306-4460-A0B7-0ADB3327F034,1 - DAYLIGHT,185010992,"7 - SIDESWIPE, SAME DIRECTION",02 - WET,1 - STRAIGHT LEVEL,"2 - BLACKTOP, BITUMINOUS, ASPHALT",SPRING GROVE VILLAGE,D - DRIVER,4 - RAIN,45232
23XX FERGUSON RD,39.127857,-84.598162,UNKNOWN,WESTWOOD,WESTWOOD,08/18/2018 08:48:00 PM +0000,01 - NOT AN INTERSECTION,3 - PROPERTY DAMAGE ONLY (PDO),3,08/18/2018 09:04:58 PM +0000,SAT,,1 - NO INJURY / NONE REPORTED,B9A38F7D-C4E6-48CC-96EA-0AEE5579E9FA,3 - DUSK,185011561,6 - ANGLE,01 - DRY,1 - STRAIGHT LEVEL,"2 - BLACKTOP, BITUMINOUS, ASPHALT",WESTWOOD,D - DRIVER,1 - CLEAR,45238
23XX FERGUSON RD,39.140791,-84.599951,UNKNOWN,WESTWOOD,WESTWOOD,08/18/2018 09:30:00 AM +0000,01 - NOT AN INTERSECTION,3 - PROPERTY DAMAGE ONLY (PDO),3,08/18/2018 11:30:00 AM +0000,SAT,,1 - NO INJURY / NONE REPORTED,4332D985-9C86-4662-B12B-27015F06F489,1 - DAYLIGHT,185011549,1 - NOT COLLISION BETWEEN TWO MOTOR VEHICLES IN TRANSPORT,01 - DRY,1 - STRAIGHT LEVEL,1 - CONCRETE,WESTWOOD,D - DRIVER,1 - CLEAR,45238
23XX WHEELER ST,39.125933,-84.51957,18-25,CUF,FAIRVIEW,08/16/2018 07:26:10 PM +0000,01 - NOT AN INTERSECTION,3 - PROPERTY DAMAGE ONLY (PDO),3,08/16/2018 07:58:27 PM +0000,THU,M - MALE,1 - NO INJURY / NONE REPORTED,79193B69-D3A4-4F2F-8680-96A7F48D223F,1 - DAYLIGHT,185011448,5 - BACKING,02 - WET,2 - STRAIGHT GRADE,"2 - BLACKTOP, BITUMINOUS, ASPHALT",CUF,D - DRIVER,4 - RAIN,45219
19XX W NORTH BEND RD,39.203908,-84.558856,26-30,COLLEGE HILL,COLLEGE  HILL,08/22/2018 11:36:00 PM +0000,01 - NOT AN INTERSECTION,3 - PROPERTY DAMAGE ONLY (PDO),3,08/22/2018 11:36:00 PM +0000,WED,M - MALE,1 - NO INJURY / NONE REPORTED,689F69F9-90BC-4B6A-B9D2-497DE9C93C94,4 - DARK - LIGHTED ROADWAY,185011760,6 - ANGLE,01 - DRY,2 - STRAIGHT GRADE,"2 - BLACKTOP, BITUMINOUS, ASPHALT",COLLEGE HILL,D - DRIVER,1 - CLEAR,45224
S I71 AT 2-2 MM,39.114042,-84.501925,41-50,WALNUT HILLS,WALNUT HILLS,08/28/2018 03:46:00 PM +0000,01 - NOT AN INTERSECTION,3 - PROPERTY DAMAGE ONLY (PDO),3,08/28/2018 03:47:00 PM +0000,TUE,F - FEMALE,1 - NO INJURY / NONE REPORTED,D93708B0-5093-484E-9B14-7AA7701EBA23,1 - DAYLIGHT,185012014,2 - REAR-END,01 - DRY,2 - STRAIGHT GRADE,"2 - BLACKTOP, BITUMINOUS, ASPHALT",WALNUT HILLS,D - DRIVER,1 - CLEAR,45202
15XX HARRISON AV,39.124295,-84.547647,UNKNOWN,SOUTH FAIRMOUNT,SOUTH  FAIRMOUNT,08/14/2018 07:40:00 PM +0000,01 - NOT AN INTERSECTION,3 - PROPERTY DAMAGE ONLY (PDO),3,08/15/2018 09:01:04 PM +0000,TUE,,1 - NO INJURY / NONE REPORTED,C0F57DFE-DAF2-427C-A54B-87712F97E2E7,1 - DAYLIGHT,185011381,"7 - SIDESWIPE, SAME DIRECTION",01 - DRY,3 - CURVE LEVEL,"2 - BLACKTOP, BITUMINOUS, ASPHALT",SOUTH FAIRMOUNT,D - DRIVER,1 - CLEAR,45214
9XX COLUMBIA PY,-0.00086,-0.00069,51-60,N/A,N/A,08/16/2018 11:29:00 AM +0000,01 - NOT AN INTERSECTION,2 - INJURY,2,08/16/2018 11:29:00 AM +0000,THU,M - MALE,3 - NON-INCAPACITATING,47F79259-F3F6-4666-BFAC-1C2C88D9BEAF,1 - DAYLIGHT,185011416,"7 - SIDESWIPE, SAME DIRECTION",02 - WET,3 - CURVE LEVEL,"2 - BLACKTOP, BITUMINOUS, ASPHALT",N/A,O - OCCUPANT,2 - CLOUDY,45202
3XX BOAL ST,,,UNKNOWN,N/A,N/A,08/28/2018 09:09:00 PM +0000,01 - NOT AN INTERSECTION,3 - PROPERTY DAMAGE ONLY (PDO),3,08/28/2018 09:09:00 PM +0000,TUE,,1 - NO INJURY / NONE REPORTED,6302E85B-AE00-4C65-8B45-B6AE282349C7,4 - DARK - LIGHTED ROADWAY,185012040,1 - NOT COLLISION BETWEEN TWO MOTOR VEHICLES IN TRANSPORT,01 - DRY,2 - STRAIGHT GRADE,"2 - BLACKTOP, BITUMINOUS, ASPHALT",N/A,D - DRIVER,1 - CLEAR,45202
31XX HARRISON AV,39.153049,84.601565,UNKNOWN,N/A,N/A,08/24/2018 03:20:00 PM +0000,01 - NOT AN INTERSECTION,2 - INJURY,2,08/24/2018 03:45:00 PM +0000,FRI,,1 - NO INJURY / NONE REPORTED,E4AB69FD-4E08-4B10-B891-6F72586FB0BE,1 - DAYLIGHT,185011857,1 - NOT COLLISION BETWEEN TWO MOTOR VEHICLES IN TRANSPORT,01 - DRY,1 - STRAIGHT LEVEL,1 - CONCRETE,N/A,D - DRIVER,1 - CLEAR,45211
17XX MAIN ST,39.114783,84.511931,26-30,N/A,N/A,08/17/2018 09:06:00 AM +0000,04 - Y-INTERSECTION,3 - PROPERTY DAMAGE ONLY (PDO),3,08/17/2018 10:07:39 AM +0000,FRI,M - MALE,1 - NO INJURY / NONE REPORTED,4A5CFA01-3BA2-4CFD-BC4B-27985B35B7D7,1 - DAYLIGHT,185011477,1 - NOT COLLISION BETWEEN TWO MOTOR VEHICLES IN TRANSPORT,01 - DRY,4 - CURVE GRADE,"2 - BLACKTOP, BITUMINOUS, ASPHALT",N/A,D - DRIVER,2 - CLOUDY,45202
36XX SAYBROOK,39.143591,84.414356,31-40,N/A,N/A,08/21/2018 03:15:00 PM +0000,01 - NOT AN INTERSECTION,3 - PROPERTY DAMAGE ONLY (PDO),3,08/23/2018 04:30:00 PM +0000,TUE,M - MALE,1 - NO INJURY / NONE REPORTED,5BF17682-7691-4AC9-9178-074868CC1279,1 - DAYLIGHT,185011790,"7 - SIDESWIPE, SAME DIRECTION",01 - DRY,1 - STRAIGHT LEVEL,"2 - BLACKTOP, BITUMINOUS, ASPHALT",N/A,D - DRIVER,1 - CLEAR,45208
20XX WARSAW AV,39.101776,84.553643,26-30,N/A,N/A,08/21/2018 09:28:11 AM +0000,07 - ON RAMP,3 - PROPERTY DAMAGE ONLY (PDO),3,08/21/2018 09:28:25 AM +0000,TUE,M - MALE,1 - NO INJURY / NONE REPORTED,EC947A8E-ED8A-4191-85A2-8CCBD7106AD3,1 - DAYLIGHT,185011678,1 - NOT COLLISION BETWEEN TWO MOTOR VEHICLES IN TRANSPORT,01 - DRY,4 - CURVE GRADE,1 - CONCRETE,N/A,D - DRIVER,2 - CLOUDY,45204
30XX COLERAIN AV,39.138415,84.538335,26-30,N/A,N/A,08/08/2018 02:25:00 PM +0000,01 - NOT AN INTERSECTION,3 - PROPERTY DAMAGE ONLY (PDO),3,08/08/2018 02:30:00 PM +0000,WED,M - MALE,1 - NO INJURY / NONE REPORTED,11195C5F-86C1-431F-B891-2B6AB4755A0C,1 - DAYLIGHT,185011019,"8 - SIDESWIPE, OPPOSITE DIRECTION",01 - DRY,1 - STRAIGHT LEVEL,"2 - BLACKTOP, BITUMINOUS, ASPHALT",N/A,D - DRIVER,2 - CLOUDY,45225
17XX LANGDON FARM RD,39.184808,-84.463418,UNKNOWN,BOND HILL,BONDHILL,08/02/2018 03:00:00 PM +0000,01 - NOT AN INTERSECTION,3 - PROPERTY DAMAGE ONLY (PDO),3,08/06/2018 08:20:00 PM +0000,THU,,1 - NO INJURY / NONE REPORTED,1DD2732F-9B17-4933-AA01-D912482565F4,1 - DAYLIGHT,185010906,1 - NOT COLLISION BETWEEN TWO MOTOR VEHICLES IN TRANSPORT,01 - DRY,1 - STRAIGHT LEVEL,"2 - BLACKTOP, BITUMINOUS, ASPHALT",BOND HILL,D - DRIVER,1 - CLEAR,45237
1XX E MCMICKEN AV,39.115295,84.513064,26-30,N/A,N/A,08/12/2018 07:23:00 PM +0000,01 - NOT AN INTERSECTION,3 - PROPERTY DAMAGE ONLY (PDO),3,08/12/2018 09:15:32 PM +0000,SUN,F - FEMALE,1 - NO INJURY / NONE REPORTED,B1ACE9B6-81D7-4AE8-854E-1E87E6DB75B3,1 - DAYLIGHT,185011228,2 - REAR-END,01 - DRY,1 - STRAIGHT LEVEL,"2 - BLACKTOP, BITUMINOUS, ASPHALT",N/A,D - DRIVER,1 - CLEAR,45202
X E NORWOOD LATERAL,39.173914,84.477208,51-60,N/A,N/A,08/07/2018 04:40:00 PM +0000,01 - NOT AN INTERSECTION,2 - INJURY,2,08/07/2018 04:43:00 PM +0000,TUE,F - FEMALE,1 - NO INJURY / NONE REPORTED,C1EE9EA4-D559-4F23-B5C4-0E1BEE8AA85E,1 - DAYLIGHT,185010963,"7 - SIDESWIPE, SAME DIRECTION",01 - DRY,3 - CURVE LEVEL,"2 - BLACKTOP, BITUMINOUS, ASPHALT",N/A,D - DRIVER,2 - CLOUDY,45237
30XX MADISON RD,39.152181,84.432138,26-30,N/A,N/A,08/24/2018 10:00:00 AM +0000,10 - DRIVEWAY/ALLEY ACCESS,3 - PROPERTY DAMAGE ONLY (PDO),3,08/27/2018 11:30:00 AM +0000,FRI,F - FEMALE,1 - NO INJURY / NONE REPORTED,7FEE54BC-DBA4-42D3-96D8-3FE690B1C299,1 - DAYLIGHT,185011946,5 - BACKING,01 - DRY,1 - STRAIGHT LEVEL,"2 - BLACKTOP, BITUMINOUS, ASPHALT",N/A,D - DRIVER,1 - CLEAR,45209
23XX BEEKMAN ST,39.12522,84.546391,61-70,N/A,N/A,08/17/2018 07:10:00 PM +0000,01 - NOT AN INTERSECTION,3 - PROPERTY DAMAGE ONLY (PDO),3,08/17/2018 07:11:00 PM +0000,FRI,F - FEMALE,1 - NO INJURY / NONE REPORTED,34BAAE0B-0F0C-460D-89E1-4F8782E50590,1 - DAYLIGHT,185011514,"7 - SIDESWIPE, SAME DIRECTION",01 - DRY,3 - CURVE LEVEL,"2 - BLACKTOP, BITUMINOUS, ASPHALT",N/A,D - DRIVER,1 - CLEAR,45214
50XX WEST HIGH,39.1261,-84.60507,UNKNOWN,WEST PRICE HILL,WEST PRICE HILL,08/28/2018 04:00:00 AM +0000,01 - NOT AN INTERSECTION,3 - PROPERTY DAMAGE ONLY (PDO),3,08/28/2018 04:49:00 AM +0000,TUE,,1 - NO INJURY / NONE REPORTED,43CC0325-B828-473D-BEB9-926F6248CF27,5 - DARK – ROADWAY NOT LIGHTED,185011988,9 - UNKNOWN,01 - DRY,2 - STRAIGHT GRADE,"2 - BLACKTOP, BITUMINOUS, ASPHALT",WEST PRICE HILL,D - DRIVER,1 - CLEAR,45238
4XX W 7TH ST,39.102616,-84.521465,41-50,WEST END,WEST  END,08/22/2018 09:00:00 AM +0000,10 - DRIVEWAY/ALLEY ACCESS,2 - INJURY,2,08/22/2018 09:02:00 AM +0000,WED,F - FEMALE,2 - POSSIBLE,EA3F2DC8-91C2-420C-BF59-399639AB742C,1 - DAYLIGHT,185011715,"7 - SIDESWIPE, SAME DIRECTION",01 - DRY,1 - STRAIGHT LEVEL,"2 - BLACKTOP, BITUMINOUS, ASPHALT",WEST END,D - DRIVER,2 - CLOUDY,45203
55XX GLENWAY AV,39.132361,84.609295,UNKNOWN,N/A,N/A,08/15/2018 05:44:00 PM +0000,01 - NOT AN INTERSECTION,3 - PROPERTY DAMAGE ONLY (PDO),3,08/15/2018 05:48:00 PM +0000,WED,F - FEMALE,1 - NO INJURY / NONE REPORTED,D2C31FB8-0141-43F2-AC4A-253DC4B06A90,1 - DAYLIGHT,185011383,2 - REAR-END,02 - WET,2 - STRAIGHT GRADE,"2 - BLACKTOP, BITUMINOUS, ASPHALT",N/A,D - DRIVER,1 - CLEAR,45238
51XX RHODE ISLAND AV,39.16905,-84.4591,26-30,BOND HILL,BONDHILL,08/21/2018 05:53:00 PM +0000,01 - NOT AN INTERSECTION,3 - PROPERTY DAMAGE ONLY (PDO),3,08/21/2018 05:53:00 PM +0000,TUE,M - MALE,1 - NO INJURY / NONE REPORTED,ED1744AB-658F-49DE-8052-7868CF847811,1 - DAYLIGHT,185011696,"7 - SIDESWIPE, SAME DIRECTION",01 - DRY,1 - STRAIGHT LEVEL,"2 - BLACKTOP, BITUMINOUS, ASPHALT",BOND HILL,D - DRIVER,1 - CLEAR,45237
25XX KIPLING AV,39.201979,84.575485,51-60,N/A,N/A,08/22/2018 07:37:00 AM +0000,01 - NOT AN INTERSECTION,3 - PROPERTY DAMAGE ONLY (PDO),3,08/22/2018 07:39:00 AM +0000,WED,M - MALE,1 - NO INJURY / NONE REPORTED,E3289840-9A23-4D03-8427-87FB87BE9A96,1 - DAYLIGHT,185011719,6 - ANGLE,01 - DRY,1 - STRAIGHT LEVEL,"2 - BLACKTOP, BITUMINOUS, ASPHALT",N/A,D - DRIVER,1 - CLEAR,45239
46XX MARBURG AV,39.160441,-84.425531,41-50,OAKLEY,OAKLEY,08/12/2018 06:20:00 PM +0000,02 - FOUR-WAY INTERSECTION,3 - PROPERTY DAMAGE ONLY (PDO),3,08/12/2018 06:24:00 PM +0000,SUN,F - FEMALE,1 - NO INJURY / NONE REPORTED,1D10D151-C536-4E32-A428-E60D3F312274,1 - DAYLIGHT,185011223,6 - ANGLE,01 - DRY,1 - STRAIGHT LEVEL,"2 - BLACKTOP, BITUMINOUS, ASPHALT",OAKLEY,D - DRIVER,1 - CLEAR,45209
26XX OBSERVATORY,39.136655,84.432141,41-50,N/A,N/A,08/07/2018 08:00:00 AM +0000,02 - FOUR-WAY INTERSECTION,3 - PROPERTY DAMAGE ONLY (PDO),3,08/07/2018 08:05:00 AM +0000,TUE,F - FEMALE,1 - NO INJURY / NONE REPORTED,77B15499-D363-4B70-93AB-87111A886208,1 - DAYLIGHT,185010935,6 - ANGLE,02 - WET,1 - STRAIGHT LEVEL,"2 - BLACKTOP, BITUMINOUS, ASPHALT",N/A,D - DRIVER,4 - RAIN,45208
45XX GLENWAY AV,39.112909,-84.590796,26-30,WEST PRICE HILL,WEST PRICE HILL,08/15/2018 04:15:00 PM +0000,02 - FOUR-WAY INTERSECTION,3 - PROPERTY DAMAGE ONLY (PDO),3,08/15/2018 04:20:00 PM +0000,WED,F - FEMALE,1 - NO INJURY / NONE REPORTED,FEC0E74F-CB68-4A0F-B0E7-5C67869289A3,1 - DAYLIGHT,185011375,6 - ANGLE,01 - DRY,1 - STRAIGHT LEVEL,"2 - BLACKTOP, BITUMINOUS, ASPHALT",WEST PRICE HILL,D - DRIVER,4 - RAIN,45205
49XX GLENWAY AV,39.119648,84.600113,26-30,N/A,N/A,08/20/2018 01:03:00 PM +0000,10 - DRIVEWAY/ALLEY ACCESS,3 - PROPERTY DAMAGE ONLY (PDO),3,08/20/2018 01:03:00 PM +0000,MON,F - FEMALE,1 - NO INJURY / NONE REPORTED,5CE3AA7A-9C1D-48F8-9CF1-CC8BBAE17502,1 - DAYLIGHT,185011624,6 - ANGLE,01 - DRY,1 - STRAIGHT LEVEL,"2 - BLACKTOP, BITUMINOUS, ASPHALT",N/A,O - OCCUPANT,1 - CLEAR,45238
29XX RIVER RD,39.183173,-84.569073,26-30,MOUNT AIRY,MOUNT AIRY,08/27/2018 03:26:00 PM +0000,03 - T-INTERSECTION,2 - INJURY,2,08/27/2018 03:27:00 PM +0000,MON,M - MALE,3 - NON-INCAPACITATING,1ECDB239-9E17-4E6B-BCC1-22C680FFD233,1 - DAYLIGHT,185011963,6 - ANGLE,01 - DRY,1 - STRAIGHT LEVEL,"2 - BLACKTOP, BITUMINOUS, ASPHALT",MT. AIRY,D - DRIVER,2 - CLOUDY,45205
76XX READING RD,39.198237,-84.457462,18-25,ROSELAWN,ROSELAWN,08/28/2018 02:45:00 PM +0000,01 - NOT AN INTERSECTION,2 - INJURY,2,08/28/2018 07:20:00 PM +0000,TUE,M - MALE,3 - NON-INCAPACITATING,CC0F829F-641B-4B79-81A4-463D67D34D1B,1 - DAYLIGHT,185012036,1 - NOT COLLISION BETWEEN TWO MOTOR VEHICLES IN TRANSPORT,01 - DRY,1 - STRAIGHT LEVEL,"2 - BLACKTOP, BITUMINOUS, ASPHALT",ROSELAWN,P - PEDESTRIAN,1 - CLEAR,45237
XX E LIBERTY ST,39.112441,-84.515435,31-40,OTR,OVER-THE-RHINE,08/04/2018 08:56:00 AM +0000,02 - FOUR-WAY INTERSECTION,2 - INJURY,2,08/04/2018 09:10:00 AM +0000,SAT,F - FEMALE,3 - NON-INCAPACITATING,B08AD2F6-FE30-42CF-B565-E67C0926DE19,1 - DAYLIGHT,185010803,6 - ANGLE,01 - DRY,1 - STRAIGHT LEVEL,"2 - BLACKTOP, BITUMINOUS, ASPHALT",OVER-THE-RHINE,D - DRIVER,2 - CLOUDY,45202
72XX EASTLAWN DR,39.192264,-84.454717,41-50,ROSELAWN,ROSELAWN,08/22/2018 03:35:00 PM +0000,01 - NOT AN INTERSECTION,3 - PROPERTY DAMAGE ONLY (PDO),3,08/22/2018 03:35:00 PM +0000,WED,M - MALE,1 - NO INJURY / NONE REPORTED,2FA5C5A8-D3D8-4F13-A6B9-4F369EF0C830,1 - DAYLIGHT,185011737,"7 - SIDESWIPE, SAME DIRECTION",01 - DRY,1 - STRAIGHT LEVEL,"2 - BLACKTOP, BITUMINOUS, ASPHALT",ROSELAWN,O - OCCUPANT,1 - CLEAR,45237