ADDRESS_X,LATITUDE_X,LONGITUDE_X,AGE,COMMUNITY_COUNCIL_NEIGHBORHOOD,CPD_NEIGHBORHOOD,CRASHDATE,CRASHLOCATION,CRASHSEVERITY,CRASHSEVERITYID,DATECRASHREPORTED,DAYOFWEEK,GENDER,INJURIES,INSTANCEID,LIGHTCONDITIONSPRIMARY,LOCALREPORTNO,MANNEROFCRASH,ROADCONDITIONSPRIMARY,ROADCONTOUR,ROADSURFACE,SNA_NEIGHBORHOOD,TYPEOFPERSON,WEATHER,ZIP
18XX DENHAM ST,39.135406,84.556546,UNKNOWN,N/A,N/A,08/02/2018 09:45:00 AM +0000,01 - NOT AN INTERSECTION,3 - PROPERTY DAMAGE ONLY (PDO),3,08/02/2018 09:59:00 AM +0000,THU,,1 - NO INJURY / NONE REPORTED,9C5FA94E-C645-4A0A-A783-116C0E227B98,9 - UNKNOWN,185010694,1 - NOT COLLISION BETWEEN TWO MOTOR VEHICLES IN TRANSPORT,01 - DRY,1 - STRAIGHT LEVEL,"2 - BLACKTOP, BITUMINOUS, ASPHALT",N/A,D - DRIVER,9 - OTHER/UNKNOWN,45225
8XX LINCOLN AV,39.13278,-84.491678,26-30,WALNUT HILLS,WALNUT HILLS,08/03/2018 09:52:00 AM +0000,02 - FOUR-WAY INTERSECTION,3 - PROPERTY DAMAGE ONLY (PDO),3,08/03/2018 09:52:00 AM +0000,FRI,F - FEMALE,1 - NO INJURY / NONE REPORTED,97543C35-0472-4199-BB5C-95584A8658CD,1 - DAYLIGHT,185010759,2 - REAR-END,01 - DRY,1 - STRAIGHT LEVEL,"2 - BLACKTOP, BITUMINOUS, ASPHALT",WALNUT HILLS,D - DRIVER,1 - CLEAR,45206
1XX W MCMILLAN ST,39.127835,84.518811,18-25,N/A,N/A,08/09/2018 02:14:00 PM +0000,01 - NOT AN INTERSECTION,2 - INJURY,2,08/09/2018 02:14:00 PM +0000,THU,F - FEMALE,1 - NO INJURY / NONE REPORTED,4BA16FF6-950C-4E38-A042-FD7088C3E3E9,1 - DAYLIGHT,185011064,2 - REAR-END,01 - DRY,1 - STRAIGHT LEVEL,1 - CONCRETE,N/A,D - DRIVER,1 - CLEAR,45219
28XX WASSON RD,39.144354,84.437506,OVER 70,N/A,N/A,08/10/2018 11:05:00 AM +0000,02 - FOUR-WAY INTERSECTION,3 - PROPERTY DAMAGE ONLY (PDO),3,08/10/2018 11:40:00 AM +0000,FRI,F - FEMALE,1 - NO INJURY / NONE REPORTED,20B1FC74-BFA7-4B2A-9D12-18E708D1FD05,1 - DAYLIGHT,185011092,6 - ANGLE,01 - DRY,1 - STRAIGHT LEVEL,"2 - BLACKTOP, BITUMINOUS, ASPHALT",N/A,D - DRIVER,1 - CLEAR,45209
17XX SEYMOUR AV,39.190237,84.465216,41-50,N/A,N/A,08/18/2018 11:15:17 PM +0000,01 - NOT AN INTERSECTION,3 - PROPERTY DAMAGE ONLY (PDO),3,08/18/2018 11:15:18 PM +0000,SAT,M - MALE,1 - NO INJURY / NONE REPORTED,93CA1E36-AFBF-4DBA-91E6-E875E73B7952,4 - DARK - LIGHTED ROADWAY,185011532,"7 - SIDESWIPE, SAME DIRECTION",01 - DRY,1 - STRAIGHT LEVEL,1 - CONCRETE,N/A,D - DRIVER,1 - CLEAR,45237
41XX HAMILTON AV,39.159673,84.539334,31-40,N/A,N/A,08/02/2018 01:40:00 AM +0000,02 - FOUR-WAY INTERSECTION,2 - INJURY,2,08/02/2018 01:40:00 AM +0000,THU,M - MALE,3 - NON-INCAPACITATING,F1BDBE70-26B4-4D11-AED3-9C42EAFD2F44,4 - DARK - LIGHTED ROADWAY,185010688,1 - NOT COLLISION BETWEEN TWO MOTOR VEHICLES IN TRANSPORT,01 - DRY,2 - STRAIGHT GRADE,"2 - BLACKTOP, BITUMINOUS, ASPHALT",N/A,D - DRIVER,1 - CLEAR,45223
46XX CRESAP AV,39.174561,-84.549641,UNKNOWN,NORTHSIDE,NORTHSIDE,08/19/2018 05:00:00 PM +0000,01 - NOT AN INTERSECTION,3 - PROPERTY DAMAGE ONLY (PDO),3,08/19/2018 05:08:00 PM +0000,SUN,,,E78FC787-690C-42EE-A19E-0927921C3A27,1 - DAYLIGHT,185011623,1 - NOT COLLISION BETWEEN TWO MOTOR VEHICLES IN TRANSPORT,01 - DRY,1 - STRAIGHT LEVEL,1 - CONCRETE,NORTHSIDE,,1 - CLEAR,45223
7XX BENT DR,39.112912,-84.527592,18-25,WEST END,WEST  END,08/23/2018 11:15:00 PM +0000,01 - NOT AN INTERSECTION,2 - INJURY,2,08/23/2018 11:23:00 PM +0000,THU,,1 - NO INJURY / NONE REPORTED,B6C762DD-192F-4C4C-B025-22FB80FED937,4 - DARK - LIGHTED ROADWAY,185011811,6 - ANGLE,01 - DRY,1 - STRAIGHT LEVEL,"2 - BLACKTOP, BITUMINOUS, ASPHALT",WEST END,D - DRIVER,1 - CLEAR,45214
W RONALD REAGAN HW,39.204047,84.468524,51-60,N/A,N/A,08/22/2018 07:38:00 AM +0000,01 - NOT AN INTERSECTION,2 - INJURY,2,08/22/2018 07:38:00 AM +0000,WED,F - FEMALE,2 - POSSIBLE,141ABC3A-4B1F-4EE6-8986-5637F99F6538,1 - DAYLIGHT,185011718,1 - NOT COLLISION BETWEEN TWO MOTOR VEHICLES IN TRANSPORT,01 - DRY,2 - STRAIGHT GRADE,"2 - BLACKTOP, BITUMINOUS, ASPHALT",N/A,D - DRIVER,2 - CLOUDY,45216
46XX READING RD,39.168328,-84.469071,26-30,PADDOCK HILLS,BONDHILL,08/18/2018 11:10:00 PM +0000,02 - FOUR-WAY INTERSECTION,3 - PROPERTY DAMAGE ONLY (PDO),3,08/18/2018 11:10:00 PM +0000,SAT,F - FEMALE,1 - NO INJURY / NONE REPORTED,CF723505-64F7-46C7-9450-F9407EF11DDC,4 - DARK - LIGHTED ROADWAY,185011566,2 - REAR-END,01 - DRY,2 - STRAIGHT GRADE,"2 - BLACKTOP, BITUMINOUS, ASPHALT",BOND HILL,O - OCCUPANT,1 - CLEAR,45229
63XX ESTE AV,39.194371,84.489171,31-40,N/A,N/A,08/17/2018 11:18:00 AM +0000,01 - NOT AN INTERSECTION,3 - PROPERTY DAMAGE ONLY (PDO),3,08/17/2018 11:18:00 AM +0000,FRI,F - FEMALE,1 - NO INJURY / NONE REPORTED,9D584A55-6110-4785-BD50-7961A413A570,1 - DAYLIGHT,185011482,2 - REAR-END,01 - DRY,1 - STRAIGHT LEVEL,"2 - BLACKTOP, BITUMINOUS, ASPHALT",N/A,D - DRIVER,2 - CLOUDY,45232
23XX BEEKMAN ST,39.12486,84.546481,41-50,N/A,N/A,08/17/2018 07:10:00 PM +0000,01 - NOT AN INTERSECTION,3 - PROPERTY DAMAGE ONLY (PDO),3,08/17/2018 07:11:00 PM +0000,FRI,F - FEMALE,1 - NO INJURY / NONE REPORTED,34BAAE0B-0F0C-460D-89E1-4F8782E50590,1 - DAYLIGHT,185011514,"7 - SIDESWIPE, SAME DIRECTION",01 - DRY,3 - CURVE LEVEL,"2 - BLACKTOP, BITUMINOUS, ASPHALT",N/A,D - DRIVER,1 - CLEAR,45214
9XX MCMILLAN ST,39.126251,84.489271,61-70,N/A,N/A,08/16/2018 02:30:00 PM +0000,01 - NOT AN INTERSECTION,2 - INJURY,2,08/16/2018 02:31:00 PM +0000,THU,F - FEMALE,3 - NON-INCAPACITATING,BB88DB0E-BA3C-4A57-84BD-54C6685FF90E,1 - DAYLIGHT,185011423,6 - ANGLE,02 - WET,1 - STRAIGHT LEVEL,"2 - BLACKTOP, BITUMINOUS, ASPHALT",N/A,O - OCCUPANT,4 - RAIN,45206
36XX VINE ST,39.149924,84.511605,18-25,N/A,N/A,08/08/2018 09:03:00 AM +0000,01 - NOT AN INTERSECTION,3 - PROPERTY DAMAGE ONLY (PDO),3,08/08/2018 09:06:00 AM +0000,WED,M - MALE,1 - NO INJURY / NONE REPORTED,BD73ED07-8C0A-483B-8143-9E5C504A6B4A,1 - DAYLIGHT,185011001,"8 - SIDESWIPE, OPPOSITE DIRECTION",01 - DRY,1 - STRAIGHT LEVEL,"2 - BLACKTOP, BITUMINOUS, ASPHALT",N/A,D - DRIVER,2 - CLOUDY,45220
60XX RIVER RD,39.06169,84.40657,61-70,N/A,N/A,08/24/2018 04:49:00 PM +0000,01 - NOT AN INTERSECTION,3 - PROPERTY DAMAGE ONLY (PDO),3,08/24/2018 05:29:00 PM +0000,FRI,M - MALE,1 - NO INJURY / NONE REPORTED,DEAC1EE6-09D5-4AE1-B05B-476AD9E3AC1F,1 - DAYLIGHT,185011849,2 - REAR-END,01 - DRY,1 - STRAIGHT LEVEL,"2 - BLACKTOP, BITUMINOUS, ASPHALT",N/A,D - DRIVER,1 - CLEAR,45233
XX W MITCHELL AV,39.162586,84.507104,31-40,N/A,N/A,08/03/2018 07:51:00 AM +0000,01 - NOT AN INTERSECTION,3 - PROPERTY DAMAGE ONLY (PDO),3,08/03/2018 06:30:00 PM +0000,FRI,F - FEMALE,1 - NO INJURY / NONE REPORTED,D5D6C67B-ACB6-494E-9E6F-7A319A2FA3C9,1 - DAYLIGHT,185010783,2 - REAR-END,01 - DRY,1 - STRAIGHT LEVEL,"2 - BLACKTOP, BITUMINOUS, ASPHALT",N/A,D - DRIVER,1 - CLEAR,45217
3XX WILMER AV,39.106518,84.426508,UNKNOWN,N/A,N/A,08/10/2018 09:00:00 PM +0000,01 - NOT AN INTERSECTION,3 - PROPERTY DAMAGE ONLY (PDO),3,08/13/2018 02:05:00 PM +0000,FRI,,1 - NO INJURY / NONE REPORTED,95558F78-72AD-451E-A34D-C6CB5D47E3B7,9 - UNKNOWN,185011253,9 - UNKNOWN,01 - DRY,1 - STRAIGHT LEVEL,"2 - BLACKTOP, BITUMINOUS, ASPHALT",N/A,D - DRIVER,9 - OTHER/UNKNOWN,45226
48XX HAMILTON AV,39.180986,-84.543931,18-25,NORTHSIDE,NORTHSIDE,08/22/2018 11:00:00 AM +0000,01 - NOT AN INTERSECTION,3 - PROPERTY DAMAGE ONLY (PDO),3,08/22/2018 11:50:00 AM +0000,WED,F - FEMALE,1 - NO INJURY / NONE REPORTED,5AA5B8CB-5015-4AE4-8553-463520B84F91,1 - DAYLIGHT,185011726,1 - NOT COLLISION BETWEEN TWO MOTOR VEHICLES IN TRANSPORT,01 - DRY,1 - STRAIGHT LEVEL,"2 - BLACKTOP, BITUMINOUS, ASPHALT",COLLEGE HILL,O - OCCUPANT,1 - CLEAR,45223
W RONALD REAGAN HW,39.205647,84.468644,51-60,N/A,N/A,08/22/2018 07:38:00 AM +0000,01 - NOT AN INTERSECTION,2 - INJURY,2,08/22/2018 07:38:00 AM +0000,WED,F - FEMALE,2 - POSSIBLE,BC9BAD19-8003-4660-89BA-0119F24A655B,1 - DAYLIGHT,185011718,1 - NOT COLLISION BETWEEN TWO MOTOR VEHICLES IN TRANSPORT,01 - DRY,2 - STRAIGHT GRADE,"2 - BLACKTOP, BITUMINOUS, ASPHALT",N/A,D - DRIVER,2 - CLOUDY,45216
2XX KINSEY AV,39.431161,84.214271,51-60,N/A,N/A,08/16/2018 01:14:00 PM +0000,02 - FOUR-WAY INTERSECTION,2 - INJURY,2,08/16/2018 01:14:00 PM +0000,THU,F - FEMALE,2 - POSSIBLE,63D3B6FA-495E-4E97-A152-0B32FEDC0C10,1 - DAYLIGHT,185011422,6 - ANGLE,02 - WET,2 - STRAIGHT GRADE,"2 - BLACKTOP, BITUMINOUS, ASPHALT",N/A,D - DRIVER,2 - CLOUDY,45219
59XX MONTGOMERY RD,39.179731,84.433396,26-30,N/A,N/A,08/10/2018 10:50:14 AM +0000,02 - FOUR-WAY INTERSECTION,3 - PROPERTY DAMAGE ONLY (PDO),3,08/10/2018 10:50:15 AM +0000,FRI,M - MALE,1 - NO INJURY / NONE REPORTED,61A513A8-38DC-4E68-A1E3-D95124D22CDD,1 - DAYLIGHT,185011090,6 - ANGLE,01 - DRY,1 - STRAIGHT LEVEL,"2 - BLACKTOP, BITUMINOUS, ASPHALT",N/A,D - DRIVER,2 - CLOUDY,45213
S I71 AT 1.2 MM,39.102247,84.506598,41-50,N/A,N/A,08/16/2018 09:45:00 AM +0000,01 - NOT AN INTERSECTION,2 - INJURY,2,08/16/2018 09:47:00 AM +0000,THU,F - FEMALE,2 - POSSIBLE,D16EB4F1-F277-40EB-B8C4-F620934767F5,1 - DAYLIGHT,185011675,1 - NOT COLLISION BETWEEN TWO MOTOR VEHICLES IN TRANSPORT,02 - WET,1 - STRAIGHT LEVEL,1 - CONCRETE,N/A,D - DRIVER,4 - RAIN,45202
37XX PAXTON AV,39.146884,84.425059,UNKNOWN,N/A,N/A,08/28/2018 07:45:43 PM +0000,01 - NOT AN INTERSECTION,3 - PROPERTY DAMAGE ONLY (PDO),3,08/28/2018 08:46:57 PM +0000,TUE,,1 - NO INJURY / NONE REPORTED,69FFFCC1-3856-4622-9378-01CFB921B924,1 - DAYLIGHT,185012032,9 - UNKNOWN,01 - DRY,1 - STRAIGHT LEVEL,"2 - BLACKTOP, BITUMINOUS, ASPHALT",N/A,D - DRIVER,1 - CLEAR,45209
3XX E PETE ROSE WY,39.098767,84.502126,61-70,N/A,N/A,08/18/2018 10:10:00 PM +0000,01 - NOT AN INTERSECTION,3 - PROPERTY DAMAGE ONLY (PDO),3,08/18/2018 10:14:00 PM +0000,SAT,F - FEMALE,1 - NO INJURY / NONE REPORTED,5AB1BC66-9A3D-40EA-9C46-52D4ACDE551F,4 - DARK - LIGHTED ROADWAY,185011570,"7 - SIDESWIPE, SAME DIRECTION",01 - DRY,1 - STRAIGHT LEVEL,1 - CONCRETE,N/A,O - OCCUPANT,2 - CLOUDY,45202
2XX E KING DR,39.135171,-84.503651,61-70,CORRYVILLE,CORRYVILLE,08/23/2018 11:35:00 AM +0000,01 - NOT AN INTERSECTION,3 - PROPERTY DAMAGE ONLY (PDO),3,08/23/2018 11:37:00 AM +0000,THU,F - FEMALE,1 - NO INJURY / NONE REPORTED,4E9C1DD8-1543-4D22-BFE3-808F4B8E7062,1 - DAYLIGHT,185011785,"7 - SIDESWIPE, SAME DIRECTION",01 - DRY,2 - STRAIGHT GRADE,"2 - BLACKTOP, BITUMINOUS, ASPHALT",CORRYVILLE,D - DRIVER,1 - CLEAR,45219
35XX MONTGOMERY RD,39.143758,84.469876,51-60,N/A,N/A,08/07/2018 05:39:00 PM +0000,02 - FOUR-WAY INTERSECTION,3 - PROPERTY DAMAGE ONLY (PDO),3,08/07/2018 05:40:00 PM +0000,TUE,F - FEMALE,1 - NO INJURY / NONE REPORTED,EEFF7193-038F-4D4E-B4F5-7D7331C9B845,1 - DAYLIGHT,185010975,2 - REAR-END,01 - DRY,1 - STRAIGHT LEVEL,"2 - BLACKTOP, BITUMINOUS, ASPHALT",N/A,D - DRIVER,2 - CLOUDY,45207
57XX MADISON RD,39.161464,84.396175,18-25,N/A,N/A,08/12/2018 12:50:00 PM +0000,01 - NOT AN INTERSECTION,3 - PROPERTY DAMAGE ONLY (PDO),3,08/12/2018 12:53:00 PM +0000,SUN,M - MALE,1 - NO INJURY / NONE REPORTED,B493A561-DE6C-4277-B132-8BAB620B9393,1 - DAYLIGHT,185011208,"7 - SIDESWIPE, SAME DIRECTION",01 - DRY,1 - STRAIGHT LEVEL,"2 - BLACKTOP, BITUMINOUS, ASPHALT",N/A,D - DRIVER,1 - CLEAR,45227
16XX WINCHELL AV,39.11415,84.53169,UNDER 18,N/A,N/A,08/22/2018 03:35:00 PM +0000,02 - FOUR-WAY INTERSECTION,3 - PROPERTY DAMAGE ONLY (PDO),3,08/22/2018 03:35:00 PM +0000,WED,F - FEMALE,1 - NO INJURY / NONE REPORTED,8A1B5293-FBD9-44EB-BBC2-65C36BE7DA2D,1 - DAYLIGHT,185011789,6 - ANGLE,01 - DRY,1 - STRAIGHT LEVEL,"2 - BLACKTOP, BITUMINOUS, ASPHALT",N/A,D - DRIVER,1 - CLEAR,45214
47XX WINTON RD,39.177795,-84.518898,41-50,SPRING GROVE - WINTON HILLS,WINTON HILLS,08/16/2018 09:45:39 AM +0000,01 - NOT AN INTERSECTION,3 - PROPERTY DAMAGE ONLY (PDO),3,08/16/2018 09:48:39 AM +0000,THU,F - FEMALE,1 - NO INJURY / NONE REPORTED,6824C8FC-543E-4BD8-A9DD-B1A7B85F637F,1 - DAYLIGHT,185011404,"7 - SIDESWIPE, SAME DIRECTION",02 - WET,1 - STRAIGHT LEVEL,"2 - BLACKTOP, BITUMINOUS, ASPHALT",COLLEGE HILL,D - DRIVER,4 - RAIN,45232
S I75 AT 6-3 MM,39.162783,-84.509378,31-40,NORTH AVONDALE,CLIFTON,08/19/2018 07:57:00 PM +0000,01 - NOT AN INTERSECTION,2 - INJURY,2,08/19/2018 07:58:00 PM +0000,SUN,M - MALE,1 - NO INJURY / NONE REPORTED,99ED03DA-EDAB-4127-A2C0-6CF1FDE22EB8,3 - DUSK,185011609,"7 - SIDESWIPE, SAME DIRECTION",01 - DRY,3 - CURVE LEVEL,"2 - BLACKTOP, BITUMINOUS, ASPHALT",CLIFTON,O - OCCUPANT,1 - CLEAR,45229
S I75 AT 9-4MM,39.193413,84.476006,31-40,N/A,N/A,08/13/2018 12:32:00 PM +0000,07 - ON RAMP,2 - INJURY,2,08/13/2018 12:33:00 PM +0000,MON,F - FEMALE,3 - NON-INCAPACITATING,B5C9A356-B798-4AE3-B9E5-1D77E9B95B6B,1 - DAYLIGHT,185011248,2 - REAR-END,01 - DRY,4 - CURVE GRADE,"2 - BLACKTOP, BITUMINOUS, ASPHALT",N/A,D - DRIVER,1 - CLEAR,45229
56XX RIDGE AV,39.173959,84.428105,51-60,N/A,N/A,08/21/2018 09:00:00 AM +0000,11 - RAILWAY GRADE CROSSING,3 - PROPERTY DAMAGE ONLY (PDO),3,08/21/2018 09:00:00 AM +0000,TUE,F - FEMALE,1 - NO INJURY / NONE REPORTED,1E2A20C0-4135-43F6-B4D4-F8C67E604F9E,1 - DAYLIGHT,185011667,2 - REAR-END,01 - DRY,1 - STRAIGHT LEVEL,"2 - BLACKTOP, BITUMINOUS, ASPHALT",N/A,D - DRIVER,1 - CLEAR,45213
2XX MYSTIC AV,39.20953,84.46701,UNKNOWN,N/A,N/A,08/25/2018 01:16:00 PM +0000,01 - NOT AN INTERSECTION,3 - PROPERTY DAMAGE ONLY (PDO),3,08/25/2018 01:16:00 PM +0000,SAT,,1 - NO INJURY / NONE REPORTED,D94AECC6-14FE-4CF2-B307-C4ADC40F1BB4,1 - DAYLIGHT,185011876,"7 - SIDESWIPE, SAME DIRECTION",02 - WET,1 - STRAIGHT LEVEL,"2 - BLACKTOP, BITUMINOUS, ASPHALT",N/A,D - DRIVER,4 - RAIN,45216
12XX PURCELL AV,39.113071,84.563266,41-50,N/A,N/A,08/23/2018 11:40:00 AM +0000,01 - NOT AN INTERSECTION,2 - INJURY,2,08/23/2018 11:42:00 AM +0000,THU,F - FEMALE,1 - NO INJURY / NONE REPORTED,139E1B87-504B-4604-89EC-17A525EAE1AF,1 - DAYLIGHT,185011773,1 - NOT COLLISION BETWEEN TWO MOTOR VEHICLES IN TRANSPORT,01 - DRY,1 - STRAIGHT LEVEL,"2 - BLACKTOP, BITUMINOUS, ASPHALT",N/A,O - OCCUPANT,1 - CLEAR,45205
9XX ENRIGHT AV,39.110046,-84.572281,31-40,EAST PRICE HILL,EAST PRICE HILL,08/17/2018 01:30:00 PM +0000,10 - DRIVEWAY/ALLEY ACCESS,2 - INJURY,2,08/17/2018 01:30:00 PM +0000,FRI,F - FEMALE,1 - NO INJURY / NONE REPORTED,2F6C4DDD-EB79-4775-A1E4-B824BAB7AA5A,1 - DAYLIGHT,185011487,1 - NOT COLLISION BETWEEN TWO MOTOR VEHICLES IN TRANSPORT,01 - DRY,1 - STRAIGHT LEVEL,"2 - BLACKTOP, BITUMINOUS, ASPHALT",EAST PRICE HILL,O - OCCUPANT,2 - CLOUDY,45205
63XX HILLSIDE AV,-0.00082,-0.00037,18-25,N/A,N/A,08/27/2018 09:50:00 PM +0000,01 - NOT AN INTERSECTION,3 - PROPERTY DAMAGE ONLY (PDO),3,08/27/2018 09:58:00 PM +0000,MON,M - MALE,1 - NO INJURY / NONE REPORTED,884FEC7A-0C8C-4C3C-A9DE-033552DBB933,4 - DARK - LIGHTED ROADWAY,185011983,"7 - SIDESWIPE, SAME DIRECTION",01 - DRY,2 - STRAIGHT GRADE,"2 - BLACKTOP, BITUMINOUS, ASPHALT",N/A,D - DRIVER,1 - CLEAR,45233
35XX BURNET AV,39.145236,-84.500722,41-50,AVONDALE,AVONDALE,08/24/2018 07:19:00 AM +0000,02 - FOUR-WAY INTERSECTION,3 - PROPERTY DAMAGE ONLY (PDO),3,08/24/2018 07:22:00 AM +0000,FRI,F - FEMALE,1 - NO INJURY / NONE REPORTED,CCC6A0D7-03A7-4673-B0C4-5CEF7E494288,1 - DAYLIGHT,185011815,6 - ANGLE,01 - DRY,1 - STRAIGHT LEVEL,1 - CONCRETE,AVONDALE,D - DRIVER,1 - CLEAR,45229
26XX WESTWOOD NORTHERN BV,39.149751,-84.588801,51-60,WESTWOOD,WESTWOOD,08/21/2018 07:54:00 AM +0000,02 - FOUR-WAY INTERSECTION,3 - PROPERTY DAMAGE ONLY (PDO),3,08/21/2018 07:54:00 AM +0000,TUE,M - MALE,1 - NO INJURY / NONE REPORTED,D0D82CE3-D72F-4A6D-9DE4-5E749EC3D48E,1 - DAYLIGHT,185011666,6 - ANGLE,01 - DRY,1 - STRAIGHT LEVEL,"2 - BLACKTOP, BITUMINOUS, ASPHALT",WESTWOOD,D - DRIVER,2 - CLOUDY,45211
6XX READING RD,39.128998,-84.499732,26-30,WALNUT HILLS,WALNUT HILLS,08/03/2018 10:34:00 PM +0000,02 - FOUR-WAY INTERSECTION,3 - PROPERTY DAMAGE ONLY (PDO),3,08/03/2018 10:34:00 PM +0000,FRI,M - MALE,1 - NO INJURY / NONE REPORTED,0C38182B-ACAF-413E-92C6-FD9FA02FA6EE,4 - DARK - LIGHTED ROADWAY,185010789,6 - ANGLE,01 - DRY,1 - STRAIGHT LEVEL,"2 - BLACKTOP, BITUMINOUS, ASPHALT",AVONDALE,D - DRIVER,1 - CLEAR,45206
47XX ASHTREE DR,39.179231,-84.545776,31-40,NORTHSIDE,NORTHSIDE,08/20/2018 05:16:51 PM +0000,01 - NOT AN INTERSECTION,3 - PROPERTY DAMAGE ONLY (PDO),3,08/20/2018 04:00:00 PM +0000,MON,M - MALE,1 - NO INJURY / NONE REPORTED,61816DD0-E3C1-4C79-A410-B427E4173F6C,1 - DAYLIGHT,185011642,"8 - SIDESWIPE, OPPOSITE DIRECTION",02 - WET,1 - STRAIGHT LEVEL,"2 - BLACKTOP, BITUMINOUS, ASPHALT",COLLEGE HILL,D - DRIVER,1 - CLEAR,45223
23XX WYOMING AV,39.126817,84.573726,51-60,N/A,N/A,08/10/2018 04:05:00 PM +0000,01 - NOT AN INTERSECTION,2 - INJURY,2,08/10/2018 04:08:00 PM +0000,FRI,F - FEMALE,2 - POSSIBLE,56C1E07E-CE12-4C93-99E0-0C22AB6A2678,1 - DAYLIGHT,185011114,"7 - SIDESWIPE, SAME DIRECTION",01 - DRY,1 - STRAIGHT LEVEL,"2 - BLACKTOP, BITUMINOUS, ASPHALT",N/A,D - DRIVER,1 - CLEAR,45214
1XX E MITCHELL AV,39.161635,84.496941,18-25,N/A,N/A,08/03/2018 01:01:30 AM +0000,02 - FOUR-WAY INTERSECTION,3 - PROPERTY DAMAGE ONLY (PDO),3,08/03/2018 01:55:40 AM +0000,FRI,M - MALE,1 - NO INJURY / NONE REPORTED,83A88BAB-A618-4DAE-BB4B-E7293BF8C780,4 - DARK - LIGHTED ROADWAY,185010729,2 - REAR-END,01 - DRY,1 - STRAIGHT LEVEL,"2 - BLACKTOP, BITUMINOUS, ASPHALT",N/A,D - DRIVER,1 - CLEAR,45217
42XX VINE ST,39.160784,-84.503894,UNKNOWN,NORTH AVONDALE,CLIFTON,08/07/2018 05:59:00 PM +0000,02 - FOUR-WAY INTERSECTION,3 - PROPERTY DAMAGE ONLY (PDO),3,08/07/2018 06:00:00 PM +0000,TUE,,1 - NO INJURY / NONE REPORTED,7D348371-E2F1-4F04-974A-34BAD2919EED,1 - DAYLIGHT,185010970,5 - BACKING,02 - WET,2 - STRAIGHT GRADE,"2 - BLACKTOP, BITUMINOUS, ASPHALT",CLIFTON,D - DRIVER,2 - CLOUDY,45217
X KING DR,39.135091,84.507801,31-40,N/A,N/A,08/22/2018 03:36:00 PM +0000,01 - NOT AN INTERSECTION,3 - PROPERTY DAMAGE ONLY (PDO),3,08/22/2018 03:37:00 PM +0000,WED,F - FEMALE,1 - NO INJURY / NONE REPORTED,9372D869-FA2C-4E0B-B463-442BB50819AD,1 - DAYLIGHT,185011740,6 - ANGLE,01 - DRY,2 - STRAIGHT GRADE,"2 - BLACKTOP, BITUMINOUS, ASPHALT",N/A,D - DRIVER,1 - CLEAR,45219
23XX VICTORY PY,39.184978,84.421543,51-60,N/A,N/A,08/20/2018 06:20:00 PM +0000,02 - FOUR-WAY INTERSECTION,3 - PROPERTY DAMAGE ONLY (PDO),3,08/20/2018 06:21:00 PM +0000,MON,M - MALE,1 - NO INJURY / NONE REPORTED,A8B8AAB9-7174-4454-A555-27708038E743,1 - DAYLIGHT,185011652,1 - NOT COLLISION BETWEEN TWO MOTOR VEHICLES IN TRANSPORT,01 - DRY,1 - STRAIGHT LEVEL,"2 - BLACKTOP, BITUMINOUS, ASPHALT",N/A,D - DRIVER,1 - CLEAR,45206
50XX COLERAIN AV,-39.172774,-84.562687,26-30,N/A,N/A,08/02/2018 04:06:00 PM +0000,01 - NOT AN INTERSECTION,2 - INJURY,2,08/02/2018 04:11:00 PM +0000,THU,M - MALE,2 - POSSIBLE,4BC45F03-7918-418F-8977-940D697E0965,1 - DAYLIGHT,185010707,1 - NOT COLLISION BETWEEN TWO MOTOR VEHICLES IN TRANSPORT,01 - DRY,1 - STRAIGHT LEVEL,"2 - BLACKTOP, BITUMINOUS, ASPHALT",N/A,D - DRIVER,1 - CLEAR,45223
1XX E MARTIN LUTHER KING DR,39.135708,-84.505963,26-30,CORRYVILLE,CORRYVILLE,08/02/2018 12:35:00 AM +0000,02 - FOUR-WAY INTERSECTION,3 - PROPERTY DAMAGE ONLY (PDO),3,08/02/2018 12:39:00 AM +0000,THU,M - MALE,1 - NO INJURY / NONE REPORTED,2B489788-5D7B-4587-A617-EDD3036E7A68,4 - DARK - LIGHTED ROADWAY,185010687,6 - ANGLE,01 - DRY,2 - STRAIGHT GRADE,"2 - BLACKTOP, BITUMINOUS, ASPHALT",CORRYVILLE,D - DRIVER,1 - CLEAR,45219
S I71 AT 3-0 MM,39.116023,-84.499448,41-50,WALNUT HILLS,WALNUT HILLS,08/07/2018 05:33:00 PM +0000,01 - NOT AN INTERSECTION,2 - INJURY,2,08/07/2018 05:34:00 PM +0000,TUE,M - MALE,2 - POSSIBLE,F3B56F19-45E9-4138-AD73-C93F68B6D0B4,1 - DAYLIGHT,185010967,2 - REAR-END,02 - WET,1 - STRAIGHT LEVEL,"2 - BLACKTOP, BITUMINOUS, ASPHALT",WALNUT HILLS,D - DRIVER,4 - RAIN,45219
16XX CENTRAL PKWY,39.11318,84.52122,26-30,N/A,N/A,08/22/2018 03:28:00 PM +0000,01 - NOT AN INTERSECTION,3 - PROPERTY DAMAGE ONLY (PDO),3,08/22/2018 04:51:45 PM +0000,WED,F - FEMALE,1 - NO INJURY / NONE REPORTED,050D3396-8E82-43D9-887E-47184F3D77F9,1 - DAYLIGHT,185011741,2 - REAR-END,01 - DRY,1 - STRAIGHT LEVEL,"2 - BLACKTOP, BITUMINOUS, ASPHALT",N/A,D - DRIVER,1 - CLEAR,45214