ADDRESS_X,LATITUDE_X,LONGITUDE_X,AGE,COMMUNITY_COUNCIL_NEIGHBORHOOD,CPD_NEIGHBORHOOD,CRASHDATE,CRASHLOCATION,CRASHSEVERITY,CRASHSEVERITYID,DATECRASHREPORTED,DAYOFWEEK,GENDER,INJURIES,INSTANCEID,LIGHTCONDITIONSPRIMARY,LOCALREPORTNO,MANNEROFCRASH,ROADCONDITIONSPRIMARY,ROADCONTOUR,ROADSURFACE,SNA_NEIGHBORHOOD,TYPEOFPERSON,WEATHER,ZIP
26XX CLIFTON AV,39.13113,-84.52114,18-25,CUF - HEIGHTS,CLIFTON/UNIVERSITY HEIGHTS,08/21/2018 08:55:54 AM +0000,01 - NOT AN INTERSECTION,3 - PROPERTY DAMAGE ONLY (PDO),3,08/21/2018 09:00:04 AM +0000,TUE,F - FEMALE,1 - NO INJURY / NONE REPORTED,23887CA4-6DD0-47A1-A2F5-4CF81E1425D5,1 - DAYLIGHT,185011669,1 - NOT COLLISION BETWEEN TWO MOTOR VEHICLES IN TRANSPORT,01 - DRY,4 - CURVE GRADE,1 - CONCRETE,CUF,D - DRIVER,1 - CLEAR,45232
1XX KING DR,39.135781,-84.513624,18-25,CORRYVILLE,CLIFTON,08/28/2018 03:33:00 PM +0000,02 - FOUR-WAY INTERSECTION,2 - INJURY,2,08/28/2018 03:33:00 PM +0000,TUE,F - FEMALE,1 - NO INJURY / NONE REPORTED,7CA35DD6-E08C-4E0F-B926-9CFA62D6FCB0,1 - DAYLIGHT,185012011,6 - ANGLE,01 - DRY,2 - STRAIGHT GRADE,"2 - BLACKTOP, BITUMINOUS, ASPHALT",CUF,D - DRIVER,1 - CLEAR,45221
9XX DALTON AV,39.103808,-84.536921,41-50,QUEENSGATE,QUEENSGATE,08/10/2018 10:02:00 PM +0000,03 - T-INTERSECTION,3 - PROPERTY DAMAGE ONLY (PDO),3,08/10/2018 10:21:00 PM +0000,FRI,M - MALE,1 - NO INJURY / NONE REPORTED,FE0B428B-5AEE-492E-8E06-79028083BAF3,4 - DARK - LIGHTED ROADWAY,185011133,6 - ANGLE,01 - DRY,1 - STRAIGHT LEVEL,1 - CONCRETE,QUEENSGATE,D - DRIVER,1 - CLEAR,45203
22XX RICE ST,39.120943,84.51316,31-40,N/A,N/A,08/02/2018 01:28:00 PM +0000,03 - T-INTERSECTION,3 - PROPERTY DAMAGE ONLY (PDO),3,08/02/2018 01:28:00 PM +0000,THU,M - MALE,1 - NO INJURY / NONE REPORTED,C6B9CE83-399B-44F9-B30A-5E525B22FD9F,1 - DAYLIGHT,185010703,"8 - SIDESWIPE, OPPOSITE DIRECTION",01 - DRY,4 - CURVE GRADE,"2 - BLACKTOP, BITUMINOUS, ASPHALT",N/A,D - DRIVER,2 - CLOUDY,45219
53XX COLERAIN AV,39.187471,-84.569621,41-50,MOUNT AIRY,MOUNT AIRY,08/06/2018 04:09:00 PM +0000,03 - T-INTERSECTION,3 - PROPERTY DAMAGE ONLY (PDO),3,08/06/2018 04:10:00 PM +0000,MON,F - FEMALE,1 - NO INJURY / NONE REPORTED,6C299E13-FD36-490E-984C-5389D5AA8A7B,1 - DAYLIGHT,185010893,6 - ANGLE,01 - DRY,4 - CURVE GRADE,"2 - BLACKTOP, BITUMINOUS, ASPHALT",MT. AIRY,D - DRIVER,2 - CLOUDY,45223
76XX READING RD,39.200187,84.455824,18-25,N/A,N/A,08/04/2018 02:02:00 PM +0000,01 - NOT AN INTERSECTION,3 - PROPERTY DAMAGE ONLY (PDO),3,08/04/2018 02:02:00 PM +0000,SAT,F - FEMALE,1 - NO INJURY / NONE REPORTED,82C3CC44-9471-4FB5-A17B-92174724950B,1 - DAYLIGHT,185010814,4 - REAR-TO-REAR,01 - DRY,1 - STRAIGHT LEVEL,"2 - BLACKTOP, BITUMINOUS, ASPHALT",N/A,D - DRIVER,1 - CLEAR,45237
23XX BEECHMONT AV,39.096384,84.388424,UNDER 18,N/A,N/A,08/04/2018 06:08:00 PM +0000,10 - DRIVEWAY/ALLEY ACCESS,3 - PROPERTY DAMAGE ONLY (PDO),3,08/04/2018 06:08:00 PM +0000,SAT,M - MALE,1 - NO INJURY / NONE REPORTED,4277175D-34EA-46EF-A9BE-6E835FF0DFB4,1 - DAYLIGHT,185010827,6 - ANGLE,02 - WET,2 - STRAIGHT GRADE,"2 - BLACKTOP, BITUMINOUS, ASPHALT",N/A,O - OCCUPANT,4 - RAIN,45230
17XX QUEEN CITY AV,39.126107,-84.558555,26-30,SOUTH FAIRMOUNT,SOUTH  FAIRMOUNT,08/28/2018 02:35:00 PM +0000,03 - T-INTERSECTION,3 - PROPERTY DAMAGE ONLY (PDO),3,08/28/2018 02:40:00 PM +0000,TUE,F - FEMALE,1 - NO INJURY / NONE REPORTED,809763A2-6220-4D01-8921-F3D9D8A2A05D,1 - DAYLIGHT,185012009,"7 - SIDESWIPE, SAME DIRECTION",01 - DRY,1 - STRAIGHT LEVEL,"2 - BLACKTOP, BITUMINOUS, ASPHALT",SOUTH FAIRMOUNT,O - OCCUPANT,2 - CLOUDY,45214
21XX MONTANA AV,39.158659,-84.565561,26-30,NORTHSIDE,NORTHSIDE,08/18/2018 10:15:00 PM +0000,01 - NOT AN INTERSECTION,2 - INJURY,2,08/18/2018 10:20:00 PM +0000,SAT,M - MALE,1 - NO INJURY / NONE REPORTED,019104CC-2B68-471E-8CB4-F6435D13F095,4 - DARK - LIGHTED ROADWAY,185011568,2 - REAR-END,01 - DRY,1 - STRAIGHT LEVEL,"2 - BLACKTOP, BITUMINOUS, ASPHALT",VILLAGES AT ROLL HILL,O - OCCUPANT,1 - CLEAR,45211
18XX WILLIAM HOWARD TAFT RD,39.127428,84.469141,18-25,N/A,N/A,08/08/2018 08:38:00 AM +0000,03 - T-INTERSECTION,3 - PROPERTY DAMAGE ONLY (PDO),3,08/08/2018 08:48:00 AM +0000,WED,M - MALE,1 - NO INJURY / NONE REPORTED,D0D24088-5F7F-4358-981C-A2E8C192A600,1 - DAYLIGHT,185011002,6 - ANGLE,01 - DRY,2 - STRAIGHT GRADE,"2 - BLACKTOP, BITUMINOUS, ASPHALT",N/A,D - DRIVER,2 - CLOUDY,45206
32XX MONTGOMERY RD,39.144386,-84.470601,31-40,EVANSTON,EVANSTON,08/13/2018 02:58:00 PM +0000,02 - FOUR-WAY INTERSECTION,3 - PROPERTY DAMAGE ONLY (PDO),3,08/13/2018 02:59:00 PM +0000,MON,M - MALE,1 - NO INJURY / NONE REPORTED,6B8AAC6A-BAB9-427D-8109-C45230F2C6EE,1 - DAYLIGHT,185011254,2 - REAR-END,01 - DRY,1 - STRAIGHT LEVEL,"2 - BLACKTOP, BITUMINOUS, ASPHALT",EVANSTON,D - DRIVER,1 - CLEAR,45207
34XX GLENWAY AV,39.113298,84.566293,18-25,N/A,N/A,08/28/2018 08:37:00 AM +0000,03 - T-INTERSECTION,3 - PROPERTY DAMAGE ONLY (PDO),3,08/28/2018 08:37:00 AM +0000,TUE,M - MALE,1 - NO INJURY / NONE REPORTED,6D13F84D-B75E-4D97-9941-9DDDFFB69F3D,1 - DAYLIGHT,185011995,6 - ANGLE,01 - DRY,2 - STRAIGHT GRADE,"2 - BLACKTOP, BITUMINOUS, ASPHALT",N/A,D - DRIVER,1 - CLEAR,45205
63XX HAMILTON AV,39.207271,-84.548566,31-40,COLLEGE HILL,COLLEGE  HILL,08/13/2018 09:25:00 AM +0000,01 - NOT AN INTERSECTION,3 - PROPERTY DAMAGE ONLY (PDO),3,08/13/2018 09:30:00 AM +0000,MON,M - MALE,1 - NO INJURY / NONE REPORTED,CF2ADDE0-5994-4B68-B0CD-2C9FC03DAE8C,1 - DAYLIGHT,185011240,"7 - SIDESWIPE, SAME DIRECTION",01 - DRY,1 - STRAIGHT LEVEL,"2 - BLACKTOP, BITUMINOUS, ASPHALT",COLLEGE HILL,D - DRIVER,1 - CLEAR,45224
XX NORTH BEND RD,39.197431,-84.478622,26-30,CARTHAGE,CARTHAGE,08/19/2018 08:40:00 PM +0000,02 - FOUR-WAY INTERSECTION,3 - PROPERTY DAMAGE ONLY (PDO),3,08/19/2018 08:49:00 PM +0000,SUN,M - MALE,1 - NO INJURY / NONE REPORTED,59EF7D4C-F9DD-4556-B809-8B2BDB96ADE4,4 - DARK - LIGHTED ROADWAY,185011605,"8 - SIDESWIPE, OPPOSITE DIRECTION",01 - DRY,1 - STRAIGHT LEVEL,"2 - BLACKTOP, BITUMINOUS, ASPHALT",CARTHAGE,D - DRIVER,1 - CLEAR,45216
45XX PADDOCK RD,39.166001,-84.478908,UNKNOWN,PADDOCK HILLS,PADDOCK  HILLS,08/25/2018 12:30:00 AM +0000,01 - NOT AN INTERSECTION,3 - PROPERTY DAMAGE ONLY (PDO),3,08/25/2018 01:10:00 AM +0000,SAT,,1 - NO INJURY / NONE REPORTED,FDD19163-1D6E-4D74-8DB0-62CCAC9F3FE4,4 - DARK - LIGHTED ROADWAY,185011863,1 - NOT COLLISION BETWEEN TWO MOTOR VEHICLES IN TRANSPORT,01 - DRY,1 - STRAIGHT LEVEL,"2 - BLACKTOP, BITUMINOUS, ASPHALT",NORTH AVONDALE - PADDOCK HILLS,D - DRIVER,1 - CLEAR,45229
71XX READING RD,39.192451,84.461035,31-40,N/A,N/A,08/17/2018 12:00:00 AM +0000,02 - FOUR-WAY INTERSECTION,3 - PROPERTY DAMAGE ONLY (PDO),3,08/17/2018 12:00:24 AM +0000,FRI,M - MALE,1 - NO INJURY / NONE REPORTED,0E27F51E-DCF5-4AB8-92D3-9A82919B862B,4 - DARK - LIGHTED ROADWAY,185011462,2 - REAR-END,02 - WET,1 - STRAIGHT LEVEL,"2 - BLACKTOP, BITUMINOUS, ASPHALT",N/A,D - DRIVER,4 - RAIN,45237
S I75 AT 6-4 MM,39.162603,-84.509028,51-60,NORTH AVONDALE,CLIFTON,08/28/2018 12:31:00 PM +0000,01 - NOT AN INTERSECTION,3 - PROPERTY DAMAGE ONLY (PDO),3,08/28/2018 12:33:00 PM +0000,TUE,M - MALE,1 - NO INJURY / NONE REPORTED,140E2210-AB2C-4A09-9162-9F2F617F01F0,1 - DAYLIGHT,185012006,6 - ANGLE,01 - DRY,1 - STRAIGHT LEVEL,1 - CONCRETE,CLIFTON,D - DRIVER,1 - CLEAR,45229
2XX MT ECHO PARK DR,39.095969,-84.565182,31-40,EAST PRICE HILL,EAST PRICE HILL,08/13/2018 08:00:00 PM +0000,01 - NOT AN INTERSECTION,3 - PROPERTY DAMAGE ONLY (PDO),3,08/13/2018 08:01:00 PM +0000,MON,M - MALE,1 - NO INJURY / NONE REPORTED,419A5AD7-6B9A-4AF3-9B81-5E766F687CEE,1 - DAYLIGHT,185011271,"8 - SIDESWIPE, OPPOSITE DIRECTION",01 - DRY,1 - STRAIGHT LEVEL,"2 - BLACKTOP, BITUMINOUS, ASPHALT",SEDAMSVILLE,O - OCCUPANT,1 - CLEAR,45204
35XX ERIE AV,39.140127,84.418433,31-40,N/A,N/A,08/19/2018 09:56:00 PM +0000,01 - NOT AN INTERSECTION,3 - PROPERTY DAMAGE ONLY (PDO),3,08/19/2018 09:57:00 PM +0000,SUN,M - MALE,1 - NO INJURY / NONE REPORTED,927CD50C-E56D-4FEC-BD78-7F0440FE429A,4 - DARK - LIGHTED ROADWAY,185011608,"7 - SIDESWIPE, SAME DIRECTION",01 - DRY,2 - STRAIGHT GRADE,"2 - BLACKTOP, BITUMINOUS, ASPHALT",N/A,D - DRIVER,1 - CLEAR,45208
15XX RUTH AVE,39.139337,-84.477621,41-50,EVANSTON,EVANSTON,08/23/2018 06:00:00 AM +0000,01 - NOT AN INTERSECTION,3 - PROPERTY DAMAGE ONLY (PDO),3,08/27/2018 07:30:00 PM +0000,THU,F - FEMALE,1 - NO INJURY / NONE REPORTED,00ECBCF8-D7BA-409A-84A9-1C6EA73FC039,9 - UNKNOWN,185011980,9 - UNKNOWN,01 - DRY,1 - STRAIGHT LEVEL,"2 - BLACKTOP, BITUMINOUS, ASPHALT",EVANSTON,O - OCCUPANT,9 - OTHER/UNKNOWN,45207
58XX GLENWAY AV,39.136521,-84.614873,31-40,WESTWOOD,WESTWOOD,08/10/2018 07:15:00 PM +0000,02 - FOUR-WAY INTERSECTION,3 - PROPERTY DAMAGE ONLY (PDO),3,08/10/2018 09:27:12 PM +0000,FRI,M - MALE,1 - NO INJURY / NONE REPORTED,F4CC82ED-BAD5-4491-BCCF-839338D3A19C,1 - DAYLIGHT,185011127,2 - REAR-END,01 - DRY,1 - STRAIGHT LEVEL,"2 - BLACKTOP, BITUMINOUS, ASPHALT",WESTWOOD,D - DRIVER,1 - CLEAR,45238
7XX RACE ST,-0.00074,-0.00094,18-25,N/A,N/A,08/03/2018 05:10:00 PM +0000,01 - NOT AN INTERSECTION,3 - PROPERTY DAMAGE ONLY (PDO),3,08/03/2018 05:11:00 PM +0000,FRI,M - MALE,1 - NO INJURY / NONE REPORTED,D90D8EAB-3DDE-459E-97E4-DCD19562ECE5,1 - DAYLIGHT,185010771,6 - ANGLE,01 - DRY,1 - STRAIGHT LEVEL,"2 - BLACKTOP, BITUMINOUS, ASPHALT",N/A,D - DRIVER,1 - CLEAR,45202
S I75 AT 10-4 MM,39.202778,84.467691,18-25,N/A,N/A,08/03/2018 12:30:00 PM +0000,01 - NOT AN INTERSECTION,3 - PROPERTY DAMAGE ONLY (PDO),3,08/03/2018 12:35:00 PM +0000,FRI,F - FEMALE,1 - NO INJURY / NONE REPORTED,C8491583-C0D6-411B-B686-EB3F8BF3FD58,1 - DAYLIGHT,185010755,2 - REAR-END,01 - DRY,1 - STRAIGHT LEVEL,"2 - BLACKTOP, BITUMINOUS, ASPHALT",N/A,D - DRIVER,1 - CLEAR,45237
28XX TEMPLE AV,39.154151,-84.595611,UNKNOWN,WESTWOOD,WESTWOOD,08/18/2018 03:00:00 PM +0000,01 - NOT AN INTERSECTION,3 - PROPERTY DAMAGE ONLY (PDO),3,08/19/2018 06:30:00 PM +0000,SAT,,1 - NO INJURY / NONE REPORTED,6EA5155A-9637-4D00-BB04-BAD417CD9AD6,6 - DARK – UNKNOWN ROADWAY LIGHTING,185011601,9 - UNKNOWN,01 - DRY,1 - STRAIGHT LEVEL,"2 - BLACKTOP, BITUMINOUS, ASPHALT",WESTWOOD,D - DRIVER,1 - CLEAR,45211
44XX COLERAIN AV,39.165088,84.552508,51-60,N/A,N/A,08/23/2018 04:05:00 PM +0000,02 - FOUR-WAY INTERSECTION,3 - PROPERTY DAMAGE ONLY (PDO),3,08/23/2018 04:10:00 PM +0000,THU,F - FEMALE,1 - NO INJURY / NONE REPORTED,96943477-00C8-4A70-970B-3F738F74D057,1 - DAYLIGHT,185011810,6 - ANGLE,01 - DRY,1 - STRAIGHT LEVEL,"2 - BLACKTOP, BITUMINOUS, ASPHALT",N/A,D - DRIVER,1 - CLEAR,45223
62XX KELLOGG AV,39.058101,84.418621,51-60,N/A,N/A,08/28/2018 08:30:00 PM +0000,02 - FOUR-WAY INTERSECTION,3 - PROPERTY DAMAGE ONLY (PDO),3,08/28/2018 08:31:00 PM +0000,TUE,M - MALE,1 - NO INJURY / NONE REPORTED,3B2EAF9A-A14A-453A-8A16-2E8804CCEFFB,3 - DUSK,185012034,6 - ANGLE,01 - DRY,1 - STRAIGHT LEVEL,1 - CONCRETE,N/A,D - DRIVER,1 - CLEAR,45228
S I71 AT 3-5 MM,39.133021,84.494425,OVER 70,N/A,N/A,08/22/2018 05:44:00 PM +0000,07 - ON RAMP,3 - PROPERTY DAMAGE ONLY (PDO),3,08/22/2018 05:45:00 PM +0000,WED,F - FEMALE,1 - NO INJURY / NONE REPORTED,1BF0E1E0-F17C-42D2-9505-8F82FB78FB76,1 - DAYLIGHT,185011750,6 - ANGLE,01 - DRY,1 - STRAIGHT LEVEL,1 - CONCRETE,N/A,D - DRIVER,1 - CLEAR,45206
12XX HERSCHEL AV,39.132225,-84.422871,51-60,MOUNT LOOKOUT,MT.  LOOKOUT,08/16/2018 12:22:00 PM +0000,10 - DRIVEWAY/ALLEY ACCESS,3 - PROPERTY DAMAGE ONLY (PDO),3,08/16/2018 12:22:00 PM +0000,THU,M - MALE,1 - NO INJURY / NONE REPORTED,66BDC297-C789-4F1D-85CF-77E346DE7A04,1 - DAYLIGHT,185011415,6 - ANGLE,02 - WET,1 - STRAIGHT LEVEL,1 - CONCRETE,MT. LOOKOUT,D - DRIVER,4 - RAIN,45208
31XX DAYTONA AV,39.146291,-84.603491,UNKNOWN,WESTWOOD,WESTWOOD,08/06/2018 08:15:00 PM +0000,01 - NOT AN INTERSECTION,3 - PROPERTY DAMAGE ONLY (PDO),3,08/06/2018 08:25:00 PM +0000,MON,,1 - NO INJURY / NONE REPORTED,4CF80D18-92FA-4BD4-A838-CB623F76A816,3 - DUSK,185010908,6 - ANGLE,01 - DRY,1 - STRAIGHT LEVEL,"2 - BLACKTOP, BITUMINOUS, ASPHALT",WESTWOOD,D - DRIVER,1 - CLEAR,45211
S I75 AT 6-0 MM,39.162109,-84.511831,UNKNOWN,CLIFTON,CLIFTON,08/08/2018 05:36:00 PM +0000,01 - NOT AN INTERSECTION,3 - PROPERTY DAMAGE ONLY (PDO),3,08/08/2018 05:40:00 PM +0000,WED,,1 - NO INJURY / NONE REPORTED,89100137-0778-47AF-8702-D5C67848CCE8,1 - DAYLIGHT,185011026,"7 - SIDESWIPE, SAME DIRECTION",01 - DRY,4 - CURVE GRADE,"2 - BLACKTOP, BITUMINOUS, ASPHALT",CLIFTON,D - DRIVER,1 - CLEAR,45232
26XX EDEN AV,39.129914,84.506881,26-30,N/A,N/A,08/15/2018 07:06:00 PM +0000,03 - T-INTERSECTION,3 - PROPERTY DAMAGE ONLY (PDO),3,08/15/2018 07:06:00 PM +0000,WED,F - FEMALE,1 - NO INJURY / NONE REPORTED,FE288665-4467-46D5-9F97-6FDEC2550D39,1 - DAYLIGHT,185011377,6 - ANGLE,02 - WET,2 - STRAIGHT GRADE,"2 - BLACKTOP, BITUMINOUS, ASPHALT",N/A,D - DRIVER,2 - CLOUDY,45219
47XX READING RD,39.171161,-84.467921,51-60,BOND HILL,BONDHILL,08/13/2018 12:50:06 PM +0000,01 - NOT AN INTERSECTION,3 - PROPERTY DAMAGE ONLY (PDO),3,08/13/2018 01:05:18 PM +0000,MON,F - FEMALE,1 - NO INJURY / NONE REPORTED,4DA7AFA1-4594-4569-B68D-7C4E63C559A9,1 - DAYLIGHT,185011247,2 - REAR-END,01 - DRY,1 - STRAIGHT LEVEL,"2 - BLACKTOP, BITUMINOUS, ASPHALT",BOND HILL,D - DRIVER,1 - CLEAR,45237
3XX WALNUT ST,39.099117,84.509896,31-40,N/A,N/A,08/10/2018 10:30:00 PM +0000,01 - NOT AN INTERSECTION,2 - INJURY,2,08/10/2018 10:33:00 PM +0000,FRI,M - MALE,3 - NON-INCAPACITATING,7A633AA7-89F2-493B-A69F-DA25506221A3,4 - DARK - LIGHTED ROADWAY,185011136,2 - REAR-END,01 - DRY,2 - STRAIGHT GRADE,"2 - BLACKTOP, BITUMINOUS, ASPHALT",N/A,D - DRIVER,2 - CLOUDY,45202
10XX W 6TH ST,39.100839,-84.534378,41-50,QUEENSGATE,QUEENSGATE,08/06/2018 06:01:00 PM +0000,01 - NOT AN INTERSECTION,2 - INJURY,2,08/06/2018 06:01:00 PM +0000,MON,M - MALE,1 - NO INJURY / NONE REPORTED,5765DD8D-BFA9-43E0-B8AD-997DD6E161A5,1 - DAYLIGHT,185010901,2 - REAR-END,01 - DRY,1 - STRAIGHT LEVEL,"2 - BLACKTOP, BITUMINOUS, ASPHALT",QUEENSGATE,D - DRIVER,1 - CLEAR,45202
12XX WESTERN HILLS VI,39.107847,-84.532038,26-30,QUEENSGATE,QUEENSGATE,08/16/2018 07:00:49 AM +0000,01 - NOT AN INTERSECTION,3 - PROPERTY DAMAGE ONLY (PDO),3,08/16/2018 07:43:15 AM +0000,THU,F - FEMALE,1 - NO INJURY / NONE REPORTED,579C43C1-EA98-4D62-B4C3-3B0CBFFBA377,1 - DAYLIGHT,185011391,"7 - SIDESWIPE, SAME DIRECTION",02 - WET,1 - STRAIGHT LEVEL,"2 - BLACKTOP, BITUMINOUS, ASPHALT",QUEENSGATE,D - DRIVER,4 - RAIN,45214
N I75 AT 6-3 MM,39.161871,-84.510621,18-25,SPRING GROVE VILLAGE,SPRING GROVE VILLAGE,08/06/2018 04:23:00 PM +0000,01 - NOT AN INTERSECTION,2 - INJURY,2,08/06/2018 05:58:57 PM +0000,MON,M - MALE,2 - POSSIBLE,2B8338C8-3555-4884-BEB8-60F603297F60,1 - DAYLIGHT,185010898,2 - REAR-END,01 - DRY,1 - STRAIGHT LEVEL,1 - CONCRETE,CLIFTON,D - DRIVER,1 - CLEAR,45223
N I75 AT 4-6 MM,39.152821,-84.538034,31-40,NORTHSIDE,CAMP  WASHINGTON,08/05/2018 03:00:00 PM +0000,07 - ON RAMP,3 - PROPERTY DAMAGE ONLY (PDO),3,08/05/2018 03:00:00 PM +0000,SUN,F - FEMALE,1 - NO INJURY / NONE REPORTED,B6A15F6E-1590-4F05-8571-12C3344FA165,1 - DAYLIGHT,185010856,2 - REAR-END,01 - DRY,2 - STRAIGHT GRADE,"2 - BLACKTOP, BITUMINOUS, ASPHALT",CAMP WASHINGTON,D - DRIVER,1 - CLEAR,45223
32XX HARVEY AV,39.138721,-84.497478,UNKNOWN,AVONDALE,AVONDALE,08/15/2018 08:25:00 PM +0000,02 - FOUR-WAY INTERSECTION,3 - PROPERTY DAMAGE ONLY (PDO),3,08/15/2018 08:28:00 PM +0000,WED,,1 - NO INJURY / NONE REPORTED,A9232252-8C77-42CC-8E97-BF56DF7352B0,1 - DAYLIGHT,185011380,6 - ANGLE,01 - DRY,1 - STRAIGHT LEVEL,"2 - BLACKTOP, BITUMINOUS, ASPHALT",AVONDALE,D - DRIVER,1 - CLEAR,45229
42XX BRAMBLE AV,39.149878,84.387945,51-60,N/A,N/A,08/28/2018 01:22:31 PM +0000,01 - NOT AN INTERSECTION,3 - PROPERTY DAMAGE ONLY (PDO),3,08/28/2018 01:22:32 PM +0000,TUE,F - FEMALE,1 - NO INJURY / NONE REPORTED,5E191C06-0466-4175-A10B-37F901203DD1,1 - DAYLIGHT,185012005,5 - BACKING,01 - DRY,1 - STRAIGHT LEVEL,"2 - BLACKTOP, BITUMINOUS, ASPHALT",N/A,D - DRIVER,1 - CLEAR,45227
48XX RIDGE AV,39.161283,84.421637,26-30,N/A,N/A,08/19/2018 10:47:00 AM +0000,01 - NOT AN INTERSECTION,3 - PROPERTY DAMAGE ONLY (PDO),3,08/19/2018 10:57:00 AM +0000,SUN,M - MALE,1 - NO INJURY / NONE REPORTED,C2425ABC-0DA9-4FDA-B832-FD7AFCB73E1A,1 - DAYLIGHT,185011586,1 - NOT COLLISION BETWEEN TWO MOTOR VEHICLES IN TRANSPORT,01 - DRY,1 - STRAIGHT LEVEL,"2 - BLACKTOP, BITUMINOUS, ASPHALT",N/A,D - DRIVER,1 - CLEAR,45209
E I74 AT 19-0 MM,39.151711,84.541142,26-30,N/A,N/A,08/15/2018 08:45:00 AM +0000,01 - NOT AN INTERSECTION,3 - PROPERTY DAMAGE ONLY (PDO),3,08/15/2018 08:47:00 AM +0000,WED,F - FEMALE,1 - NO INJURY / NONE REPORTED,86CFE51C-CB83-4E2D-94F8-0372D18B3531,1 - DAYLIGHT,185011348,2 - REAR-END,01 - DRY,1 - STRAIGHT LEVEL,1 - CONCRETE,N/A,D - DRIVER,2 - CLOUDY,45223
N I75 AT 8-5 MM,39.182492,84.484967,18-25,N/A,N/A,08/17/2018 09:50:00 AM +0000,01 - NOT AN INTERSECTION,3 - PROPERTY DAMAGE ONLY (PDO),3,08/17/2018 09:50:00 AM +0000,FRI,M - MALE,1 - NO INJURY / NONE REPORTED,03B0B0A1-A872-4F9C-8621-94CF9B22EB3E,1 - DAYLIGHT,185011478,2 - REAR-END,02 - WET,1 - STRAIGHT LEVEL,"2 - BLACKTOP, BITUMINOUS, ASPHALT",N/A,D - DRIVER,4 - RAIN,45237
N I75 AT 8-0 MM,39.177779,84.486186,UNDER 18,N/A,N/A,08/13/2018 03:20:27 PM +0000,01 - NOT AN INTERSECTION,3 - PROPERTY DAMAGE ONLY (PDO),3,08/13/2018 03:26:27 PM +0000,MON,F - FEMALE,1 - NO INJURY / NONE REPORTED,6F393150-D70D-4526-A3F0-24277F3FD504,1 - DAYLIGHT,185011256,2 - REAR-END,01 - DRY,1 - STRAIGHT LEVEL,1 - CONCRETE,N/A,D - DRIVER,1 - CLEAR,45237
33XX BOUDINOT AV,39.148739,84.604239,18-25,N/A,N/A,08/09/2018 06:30:00 AM +0000,01 - NOT AN INTERSECTION,3 - PROPERTY DAMAGE ONLY (PDO),3,08/09/2018 06:33:00 AM +0000,THU,F - FEMALE,1 - NO INJURY / NONE REPORTED,C3ABEF94-4B31-478E-AE8D-FAF7A5F3D266,1 - DAYLIGHT,185011052,5 - BACKING,01 - DRY,1 - STRAIGHT LEVEL,"2 - BLACKTOP, BITUMINOUS, ASPHALT",N/A,D - DRIVER,2 - CLOUDY,45211
2XX E 12TH ST,39.108831,-84.509863,31-40,OTR,OVER-THE-RHINE,08/03/2018 03:25:00 PM +0000,01 - NOT AN INTERSECTION,3 - PROPERTY DAMAGE ONLY (PDO),3,08/03/2018 03:28:00 PM +0000,FRI,M - MALE,1 - NO INJURY / NONE REPORTED,EBE7302A-2CE0-4557-BE6A-6AE970519C3D,1 - DAYLIGHT,185010764,5 - BACKING,01 - DRY,1 - STRAIGHT LEVEL,"2 - BLACKTOP, BITUMINOUS, ASPHALT",OVER-THE-RHINE,D - DRIVER,1 - CLEAR,45202
27XX COLUMBIA PY,39.126196,-84.46259,UNDER 18,HYDE PARK,EAST  END,08/27/2018 07:29:00 AM +0000,01 - NOT AN INTERSECTION,2 - INJURY,2,08/27/2018 07:30:00 AM +0000,MON,M - MALE,2 - POSSIBLE,CED55BFC-7390-4C84-AF89-5F7A81C9EC4F,1 - DAYLIGHT,185011939,2 - REAR-END,01 - DRY,1 - STRAIGHT LEVEL,"2 - BLACKTOP, BITUMINOUS, ASPHALT",HYDE PARK,O - OCCUPANT,1 - CLEAR,45208
50XX RIDGE AV,39.164807,84.422926,31-40,N/A,N/A,08/03/2018 03:47:00 PM +0000,01 - NOT AN INTERSECTION,3 - PROPERTY DAMAGE ONLY (PDO),3,08/03/2018 03:51:00 PM +0000,FRI,F - FEMALE,1 - NO INJURY / NONE REPORTED,8C8216BE-5644-43AB-89D1-BDAE7E2CA0F4,1 - DAYLIGHT,185010762,2 - REAR-END,01 - DRY,3 - CURVE LEVEL,"2 - BLACKTOP, BITUMINOUS, ASPHALT",N/A,D - DRIVER,1 - CLEAR,45209
29XX MONTCLAIR AV,39.151462,84.596811,UNKNOWN,N/A,N/A,08/11/2018 05:00:00 PM +0000,01 - NOT AN INTERSECTION,3 - PROPERTY DAMAGE ONLY (PDO),3,08/12/2018 12:19:00 PM +0000,SAT,,1 - NO INJURY / NONE REPORTED,3272A383-CE87-4DDD-B615-FA8D94993FA3,9 - UNKNOWN,185011211,1 - NOT COLLISION BETWEEN TWO MOTOR VEHICLES IN TRANSPORT,01 - DRY,1 - STRAIGHT LEVEL,"2 - BLACKTOP, BITUMINOUS, ASPHALT",N/A,D - DRIVER,1 - CLEAR,45211