ADDRESS_X,LATITUDE_X,LONGITUDE_X,AGE,COMMUNITY_COUNCIL_NEIGHBORHOOD,CPD_NEIGHBORHOOD,CRASHDATE,CRASHLOCATION,CRASHSEVERITY,CRASHSEVERITYID,DATECRASHREPORTED,DAYOFWEEK,GENDER,INJURIES,INSTANCEID,LIGHTCONDITIONSPRIMARY,LOCALREPORTNO,MANNEROFCRASH,ROADCONDITIONSPRIMARY,ROADCONTOUR,ROADSURFACE,SNA_NEIGHBORHOOD,TYPEOFPERSON,WEATHER,ZIP
56XX RIDGE,39.176908,84.42673,26-30,N/A,N/A,08/25/2018 02:11:00 PM +0000,01 - NOT AN INTERSECTION,3 - PROPERTY DAMAGE ONLY (PDO),3,08/25/2018 02:12:00 PM +0000,SAT,F - FEMALE,1 - NO INJURY / NONE REPORTED,D5F415A1-316E-4069-A80B-F1931DABDF81,1 - DAYLIGHT,185011878,2 - REAR-END,02 - WET,1 - STRAIGHT LEVEL,"2 - BLACKTOP, BITUMINOUS, ASPHALT",N/A,D - DRIVER,4 - RAIN,45213
N I471 AT 5.4,39.102511,84.499373,18-25,N/A,N/A,08/18/2018 10:55:00 PM +0000,08 - OFF RAMP,3 - PROPERTY DAMAGE ONLY (PDO),3,08/18/2018 10:58:00 PM +0000,SAT,F - FEMALE,1 - NO INJURY / NONE REPORTED,E9147003-147C-46DC-B5A4-15872647B541,4 - DARK - LIGHTED ROADWAY,185011571,2 - REAR-END,01 - DRY,4 - CURVE GRADE,1 - CONCRETE,N/A,D - DRIVER,2 - CLOUDY,
51XX HOLLAND DR,39.185678,84.509461,UNKNOWN,N/A,N/A,08/14/2018 10:30:00 PM +0000,01 - NOT AN INTERSECTION,3 - PROPERTY DAMAGE ONLY (PDO),3,08/15/2018 08:30:00 AM +0000,TUE,,1 - NO INJURY / NONE REPORTED,0510C0C6-D9D9-4D82-BFB7-9047AAEBDCDA,9 - UNKNOWN,185011334,9 - UNKNOWN,01 - DRY,1 - STRAIGHT LEVEL,"2 - BLACKTOP, BITUMINOUS, ASPHALT",N/A,D - DRIVER,1 - CLEAR,45232
E I74 AT 18-5 MM,39.159659,-84.549881,51-60,SOUTH CUMMINSVILLE,S.. CUMMINSVILLE,08/27/2018 05:30:00 AM +0000,01 - NOT AN INTERSECTION,2 - INJURY,2,08/27/2018 05:35:00 AM +0000,MON,M - MALE,2 - POSSIBLE,00ED8F81-0874-43EB-B310-012D6C846136,4 - DARK - LIGHTED ROADWAY,185011937,2 - REAR-END,01 - DRY,1 - STRAIGHT LEVEL,"2 - BLACKTOP, BITUMINOUS, ASPHALT",SOUTH CUMMINSVILLE,D - DRIVER,1 - CLEAR,45229
S I75 AT 4-1 MM,39.144151,84.536003,51-60,N/A,N/A,08/20/2018 04:35:00 PM +0000,01 - NOT AN INTERSECTION,3 - PROPERTY DAMAGE ONLY (PDO),3,08/20/2018 04:40:00 PM +0000,MON,M - MALE,1 - NO INJURY / NONE REPORTED,368C8683-B1BC-455E-83CB-BB86312E4546,1 - DAYLIGHT,185011643,2 - REAR-END,01 - DRY,1 - STRAIGHT LEVEL,"2 - BLACKTOP, BITUMINOUS, ASPHALT",N/A,D - DRIVER,1 - CLEAR,45223
14XX WINCHELL AV,39.108755,-84.531893,31-40,WEST END,WEST  END,08/09/2018 11:20:00 PM +0000,02 - FOUR-WAY INTERSECTION,3 - PROPERTY DAMAGE ONLY (PDO),3,08/09/2018 11:24:00 PM +0000,THU,F - FEMALE,1 - NO INJURY / NONE REPORTED,472B67D7-E079-486E-BCD9-0F21CF7EEE75,4 - DARK - LIGHTED ROADWAY,185011084,"8 - SIDESWIPE, OPPOSITE DIRECTION",01 - DRY,1 - STRAIGHT LEVEL,"2 - BLACKTOP, BITUMINOUS, ASPHALT",WEST END,D - DRIVER,1 - CLEAR,45214
XX E LIBERTY ST,39.113573,-84.515173,18-25,OTR,OVER-THE-RHINE,08/11/2018 12:43:00 AM +0000,03 - T-INTERSECTION,2 - INJURY,2,08/11/2018 12:43:00 AM +0000,SAT,M - MALE,1 - NO INJURY / NONE REPORTED,FA4A210B-4B2A-45C4-8636-29404D12E3A8,4 - DARK - LIGHTED ROADWAY,185011144,6 - ANGLE,02 - WET,1 - STRAIGHT LEVEL,1 - CONCRETE,OVER-THE-RHINE,D - DRIVER,1 - CLEAR,45202
63XX DALY RD,39.205691,84.532975,41-50,N/A,N/A,08/08/2018 05:00:00 PM +0000,01 - NOT AN INTERSECTION,2 - INJURY,2,08/08/2018 05:08:00 PM +0000,WED,M - MALE,1 - NO INJURY / NONE REPORTED,2F2575E2-362E-449B-8926-9AD9FB968A84,1 - DAYLIGHT,185011037,1 - NOT COLLISION BETWEEN TWO MOTOR VEHICLES IN TRANSPORT,01 - DRY,1 - STRAIGHT LEVEL,"2 - BLACKTOP, BITUMINOUS, ASPHALT",N/A,D - DRIVER,1 - CLEAR,45224
5XX W KING DR,39.138761,84.525541,18-25,N/A,N/A,08/25/2018 01:08:00 PM +0000,10 - DRIVEWAY/ALLEY ACCESS,2 - INJURY,2,08/25/2018 01:09:00 PM +0000,SAT,F - FEMALE,2 - POSSIBLE,8AED9010-0517-459E-A83F-5D857FF86B7E,1 - DAYLIGHT,185011875,5 - BACKING,02 - WET,2 - STRAIGHT GRADE,"2 - BLACKTOP, BITUMINOUS, ASPHALT",N/A,D - DRIVER,4 - RAIN,45220
28XX MONTANA AV,39.148718,84.593263,51-60,N/A,N/A,08/16/2018 06:15:00 AM +0000,03 - T-INTERSECTION,3 - PROPERTY DAMAGE ONLY (PDO),3,08/16/2018 06:17:00 AM +0000,THU,M - MALE,1 - NO INJURY / NONE REPORTED,63B10390-D039-4481-9C8C-0D43B96CD34A,2 - DAWN,185011392,6 - ANGLE,02 - WET,1 - STRAIGHT LEVEL,"2 - BLACKTOP, BITUMINOUS, ASPHALT",N/A,D - DRIVER,4 - RAIN,45211
9XX DELHI AV,39.093024,84.573089,18-25,N/A,N/A,08/07/2018 06:20:00 PM +0000,03 - T-INTERSECTION,3 - PROPERTY DAMAGE ONLY (PDO),3,08/07/2018 06:21:00 PM +0000,TUE,M - MALE,1 - NO INJURY / NONE REPORTED,F04C81E6-2EDA-434D-AF6A-4056C1CB4B8C,1 - DAYLIGHT,185010972,6 - ANGLE,02 - WET,4 - CURVE GRADE,"2 - BLACKTOP, BITUMINOUS, ASPHALT",N/A,D - DRIVER,2 - CLOUDY,45204
N I75 AT 3-7 MM,39.223934,84.515617,51-60,N/A,N/A,08/11/2018 08:29:00 PM +0000,01 - NOT AN INTERSECTION,3 - PROPERTY DAMAGE ONLY (PDO),3,08/11/2018 08:35:00 PM +0000,SAT,M - MALE,1 - NO INJURY / NONE REPORTED,E15BEB71-C58F-4A6E-92F0-00A98A6E2DD6,1 - DAYLIGHT,185011218,1 - NOT COLLISION BETWEEN TWO MOTOR VEHICLES IN TRANSPORT,01 - DRY,1 - STRAIGHT LEVEL,"2 - BLACKTOP, BITUMINOUS, ASPHALT",N/A,D - DRIVER,1 - CLEAR,45223
23XX FERGUSON RD,39.126423,84.599126,61-70,N/A,N/A,08/05/2018 02:30:00 PM +0000,01 - NOT AN INTERSECTION,3 - PROPERTY DAMAGE ONLY (PDO),3,08/05/2018 02:35:00 PM +0000,SUN,M - MALE,1 - NO INJURY / NONE REPORTED,430D69C1-A18C-43E5-9652-19684DD9E993,1 - DAYLIGHT,185010853,6 - ANGLE,01 - DRY,1 - STRAIGHT LEVEL,"2 - BLACKTOP, BITUMINOUS, ASPHALT",N/A,D - DRIVER,1 - CLEAR,45238
N I75 AT 3-3 MM,39.136481,-84.533111,OVER 70,CAMP WASHINGTON,CAMP  WASHINGTON,08/02/2018 04:39:00 PM +0000,01 - NOT AN INTERSECTION,2 - INJURY,2,08/02/2018 04:40:00 PM +0000,THU,F - FEMALE,1 - NO INJURY / NONE REPORTED,7C91570F-2C55-465C-AD33-583F0FE3B078,1 - DAYLIGHT,185010708,2 - REAR-END,01 - DRY,1 - STRAIGHT LEVEL,"2 - BLACKTOP, BITUMINOUS, ASPHALT",CAMP WASHINGTON,D - DRIVER,1 - CLEAR,45214
73XX PADDOCK RD,39.195771,-84.476848,51-60,CARTHAGE,CARTHAGE,08/07/2018 05:42:30 AM +0000,01 - NOT AN INTERSECTION,3 - PROPERTY DAMAGE ONLY (PDO),3,08/07/2018 05:45:31 AM +0000,TUE,M - MALE,1 - NO INJURY / NONE REPORTED,40A7221F-AFB7-4A12-9F95-CD80E42713CF,4 - DARK - LIGHTED ROADWAY,185010986,2 - REAR-END,01 - DRY,1 - STRAIGHT LEVEL,"2 - BLACKTOP, BITUMINOUS, ASPHALT",CARTHAGE,D - DRIVER,1 - CLEAR,45216
23XX DANA AV,39.136915,84.452236,51-60,N/A,N/A,08/06/2018 06:50:53 PM +0000,01 - NOT AN INTERSECTION,3 - PROPERTY DAMAGE ONLY (PDO),3,08/06/2018 06:54:00 PM +0000,MON,M - MALE,1 - NO INJURY / NONE REPORTED,66E7325D-D1C4-490D-9DB0-814C7C5D5CC0,1 - DAYLIGHT,185010900,1 - NOT COLLISION BETWEEN TWO MOTOR VEHICLES IN TRANSPORT,01 - DRY,1 - STRAIGHT LEVEL,"2 - BLACKTOP, BITUMINOUS, ASPHALT",N/A,D - DRIVER,1 - CLEAR,45208
6XX W 3RD ST,39.108396,84.503919,41-50,N/A,N/A,08/06/2018 05:34:00 PM +0000,01 - NOT AN INTERSECTION,3 - PROPERTY DAMAGE ONLY (PDO),3,08/06/2018 05:35:00 PM +0000,MON,F - FEMALE,1 - NO INJURY / NONE REPORTED,329C882F-442C-4335-AC24-9282303F2DE5,1 - DAYLIGHT,185010905,"7 - SIDESWIPE, SAME DIRECTION",01 - DRY,1 - STRAIGHT LEVEL,"2 - BLACKTOP, BITUMINOUS, ASPHALT",N/A,D - DRIVER,1 - CLEAR,45203
3XX CENTRAL AV,39.099006,-84.519552,41-50,DOWNTOWN,QUEENSGATE,08/09/2018 11:30:00 AM +0000,03 - T-INTERSECTION,3 - PROPERTY DAMAGE ONLY (PDO),3,08/09/2018 11:31:00 AM +0000,THU,M - MALE,1 - NO INJURY / NONE REPORTED,AFC755CF-4DDF-4F48-9F7B-B7BD97907FA3,1 - DAYLIGHT,185011062,"7 - SIDESWIPE, SAME DIRECTION",01 - DRY,2 - STRAIGHT GRADE,"2 - BLACKTOP, BITUMINOUS, ASPHALT",DOWNTOWN,D - DRIVER,1 - CLEAR,45203
3XX W 3RD ST,39.097706,84.478028,51-60,N/A,N/A,08/03/2018 05:37:00 PM +0000,02 - FOUR-WAY INTERSECTION,3 - PROPERTY DAMAGE ONLY (PDO),3,08/03/2018 05:50:00 PM +0000,FRI,M - MALE,1 - NO INJURY / NONE REPORTED,8F0F96B1-BEB9-4030-9715-BB11A0C7DC6B,1 - DAYLIGHT,185010772,6 - ANGLE,01 - DRY,1 - STRAIGHT LEVEL,"2 - BLACKTOP, BITUMINOUS, ASPHALT",N/A,D - DRIVER,1 - CLEAR,45202
10XX WALNUT ST,39.106013,-84.512386,41-50,DOWNTOWN,C. B. D. / RIVERFRONT,08/22/2018 10:25:00 AM +0000,01 - NOT AN INTERSECTION,2 - INJURY,2,08/22/2018 10:27:00 AM +0000,WED,M - MALE,1 - NO INJURY / NONE REPORTED,B47629A6-6875-4135-9DBF-61720541B1EF,1 - DAYLIGHT,185011735,"7 - SIDESWIPE, SAME DIRECTION",01 - DRY,1 - STRAIGHT LEVEL,"2 - BLACKTOP, BITUMINOUS, ASPHALT",DOWNTOWN,D - DRIVER,1 - CLEAR,45202
S I75 AT 3-6 MM,39.138468,-84.537449,41-50,CAMP WASHINGTON,CAMP  WASHINGTON,08/06/2018 03:47:00 PM +0000,01 - NOT AN INTERSECTION,3 - PROPERTY DAMAGE ONLY (PDO),3,08/06/2018 04:18:00 PM +0000,MON,M - MALE,1 - NO INJURY / NONE REPORTED,7BDFE3CE-5446-4697-BF04-A2054EACAA16,1 - DAYLIGHT,185010888,1 - NOT COLLISION BETWEEN TWO MOTOR VEHICLES IN TRANSPORT,02 - WET,1 - STRAIGHT LEVEL,1 - CONCRETE,CAMP WASHINGTON,D - DRIVER,2 - CLOUDY,45214
31XX BEAVER AV,39.176501,84.430468,UNKNOWN,N/A,N/A,08/18/2018 02:15:34 AM +0000,01 - NOT AN INTERSECTION,3 - PROPERTY DAMAGE ONLY (PDO),3,08/18/2018 05:47:06 PM +0000,SAT,,1 - NO INJURY / NONE REPORTED,3A4691C9-9195-491E-9557-56BF355082C3,6 - DARK – UNKNOWN ROADWAY LIGHTING,185011553,9 - UNKNOWN,99 - UNKNOWN,1 - STRAIGHT LEVEL,"2 - BLACKTOP, BITUMINOUS, ASPHALT",N/A,D - DRIVER,9 - OTHER/UNKNOWN,45213
45XX GLENWAY AV,39.112351,84.589035,41-50,N/A,N/A,08/07/2018 07:39:00 PM +0000,03 - T-INTERSECTION,2 - INJURY,2,08/07/2018 07:39:00 PM +0000,TUE,M - MALE,1 - NO INJURY / NONE REPORTED,3D137D55-3FB7-4B62-B7A2-09F795426AFF,1 - DAYLIGHT,185010978,3 - HEAD-ON,01 - DRY,3 - CURVE LEVEL,"2 - BLACKTOP, BITUMINOUS, ASPHALT",N/A,D - DRIVER,1 - CLEAR,45205
S I75 AT 10-6 MM,39.205651,84.464343,41-50,N/A,N/A,08/16/2018 05:05:00 PM +0000,01 - NOT AN INTERSECTION,2 - INJURY,2,08/16/2018 05:05:00 PM +0000,THU,F - FEMALE,2 - POSSIBLE,1F0EFB73-BB08-479F-A195-CABA4562683C,1 - DAYLIGHT,185011443,2 - REAR-END,01 - DRY,1 - STRAIGHT LEVEL,"2 - BLACKTOP, BITUMINOUS, ASPHALT",N/A,D - DRIVER,2 - CLOUDY,
29XX PARK AV,39.132492,-84.484806,41-50,WALNUT HILLS,WALNUT HILLS,08/11/2018 04:04:00 PM +0000,02 - FOUR-WAY INTERSECTION,3 - PROPERTY DAMAGE ONLY (PDO),3,08/11/2018 04:04:00 PM +0000,SAT,M - MALE,1 - NO INJURY / NONE REPORTED,DCE05254-07EA-43C6-9CE0-D17982057077,1 - DAYLIGHT,185011182,6 - ANGLE,01 - DRY,1 - STRAIGHT LEVEL,"2 - BLACKTOP, BITUMINOUS, ASPHALT",WALNUT HILLS,D - DRIVER,1 - CLEAR,45206
E I74 AT 19-1 MM,39.150656,-84.540451,26-30,NORTHSIDE,CAMP  WASHINGTON,08/06/2018 02:38:00 PM +0000,07 - ON RAMP,3 - PROPERTY DAMAGE ONLY (PDO),3,08/06/2018 02:40:00 PM +0000,MON,F - FEMALE,1 - NO INJURY / NONE REPORTED,C8602A97-CB8B-4C4C-AE4E-67AA461BACB3,1 - DAYLIGHT,185010880,1 - NOT COLLISION BETWEEN TWO MOTOR VEHICLES IN TRANSPORT,02 - WET,4 - CURVE GRADE,1 - CONCRETE,CAMP WASHINGTON,D - DRIVER,4 - RAIN,45223
N I71 AT 1-3 MM,39.099461,84.502163,31-40,N/A,N/A,08/16/2018 08:05:00 AM +0000,01 - NOT AN INTERSECTION,3 - PROPERTY DAMAGE ONLY (PDO),3,08/16/2018 08:09:00 AM +0000,THU,F - FEMALE,1 - NO INJURY / NONE REPORTED,2DC40AFE-6585-42F7-BE2B-A0EC609391C4,1 - DAYLIGHT,185011396,6 - ANGLE,02 - WET,4 - CURVE GRADE,1 - CONCRETE,N/A,D - DRIVER,4 - RAIN,45202
24XX W MCMICKEN AV,39.127011,-84.530707,UNKNOWN,CUF,CLIFTON/UNIVERSITY HEIGHTS,08/18/2018 04:08:00 AM +0000,01 - NOT AN INTERSECTION,3 - PROPERTY DAMAGE ONLY (PDO),3,08/18/2018 04:08:00 AM +0000,SAT,,1 - NO INJURY / NONE REPORTED,99C1C6AB-75BC-461B-BFAF-79BC068BB894,4 - DARK - LIGHTED ROADWAY,185011536,"7 - SIDESWIPE, SAME DIRECTION",01 - DRY,1 - STRAIGHT LEVEL,1 - CONCRETE,CUF,D - DRIVER,1 - CLEAR,45214
S I75 AT 9.5,39.198756,84.471381,18-25,N/A,N/A,08/23/2018 08:19:00 AM +0000,01 - NOT AN INTERSECTION,3 - PROPERTY DAMAGE ONLY (PDO),3,08/23/2018 08:20:00 AM +0000,THU,M - MALE,1 - NO INJURY / NONE REPORTED,D0D2BC40-8AAA-4E98-AD86-645CA218922B,1 - DAYLIGHT,185011764,2 - REAR-END,01 - DRY,1 - STRAIGHT LEVEL,1 - CONCRETE,N/A,D - DRIVER,1 - CLEAR,45216
59XX GLENWAY AV,39.140551,-84.616651,UNDER 18,WESTWOOD,WESTWOOD,08/18/2018 04:45:00 PM +0000,01 - NOT AN INTERSECTION,3 - PROPERTY DAMAGE ONLY (PDO),3,08/18/2018 04:57:00 PM +0000,SAT,M - MALE,1 - NO INJURY / NONE REPORTED,CE06A04A-D20A-4A5D-B117-A05DAAA38EB7,1 - DAYLIGHT,185011555,6 - ANGLE,01 - DRY,1 - STRAIGHT LEVEL,"2 - BLACKTOP, BITUMINOUS, ASPHALT",WESTWOOD,D - DRIVER,1 - CLEAR,45238
2XX HEARNE AV,39.143216,-84.502365,41-50,AVONDALE,AVONDALE,08/08/2018 11:51:00 PM +0000,05 - TRAFFIC CIRCLE/ROUNDABOUT,3 - PROPERTY DAMAGE ONLY (PDO),3,08/08/2018 11:51:00 PM +0000,WED,M - MALE,1 - NO INJURY / NONE REPORTED,7C37804C-CFDF-436C-9CE7-A5DB63C300FC,5 - DARK – ROADWAY NOT LIGHTED,185011048,1 - NOT COLLISION BETWEEN TWO MOTOR VEHICLES IN TRANSPORT,01 - DRY,2 - STRAIGHT GRADE,"2 - BLACKTOP, BITUMINOUS, ASPHALT",AVONDALE,D - DRIVER,1 - CLEAR,45229
23XX GLENWAY AV,39.106094,-84.554987,UNKNOWN,LOWER PRICE HILL,LOWER PRICE  HILL,08/14/2018 04:25:00 PM +0000,01 - NOT AN INTERSECTION,3 - PROPERTY DAMAGE ONLY (PDO),3,08/14/2018 04:26:00 PM +0000,TUE,,1 - NO INJURY / NONE REPORTED,7A0ADA21-4513-4381-8E98-C15F38762FEA,1 - DAYLIGHT,185011305,1 - NOT COLLISION BETWEEN TWO MOTOR VEHICLES IN TRANSPORT,01 - DRY,4 - CURVE GRADE,1 - CONCRETE,LOWER PRICE HILL,D - DRIVER,2 - CLOUDY,45205
36XX GLENWAY AV,39.113961,84.572221,26-30,N/A,N/A,08/19/2018 06:30:00 PM +0000,01 - NOT AN INTERSECTION,3 - PROPERTY DAMAGE ONLY (PDO),3,08/19/2018 06:35:00 PM +0000,SUN,M - MALE,1 - NO INJURY / NONE REPORTED,FE047A23-AE20-4262-BA8B-2C26520B9F5B,1 - DAYLIGHT,185011615,2 - REAR-END,01 - DRY,4 - CURVE GRADE,"2 - BLACKTOP, BITUMINOUS, ASPHALT",N/A,D - DRIVER,2 - CLOUDY,45205
17XX SUTTER AV,39.137301,-84.553941,18-25,NORTH FAIRMOUNT,NORTH FAIRMOUNT,08/19/2018 08:25:00 AM +0000,01 - NOT AN INTERSECTION,3 - PROPERTY DAMAGE ONLY (PDO),3,08/19/2018 08:26:00 AM +0000,SUN,F - FEMALE,1 - NO INJURY / NONE REPORTED,A58897AF-BABB-474F-9C93-D7AB0BA5D531,1 - DAYLIGHT,185011582,"8 - SIDESWIPE, OPPOSITE DIRECTION",01 - DRY,2 - STRAIGHT GRADE,1 - CONCRETE,NORTH FAIRMOUNT,D - DRIVER,1 - CLEAR,45225
1XX E 5TH ST,39.100868,84.511908,18-25,N/A,N/A,08/15/2018 11:25:00 AM +0000,01 - NOT AN INTERSECTION,3 - PROPERTY DAMAGE ONLY (PDO),3,08/15/2018 11:30:00 AM +0000,WED,M - MALE,1 - NO INJURY / NONE REPORTED,9CB88E68-78B6-41E6-9DEF-1165B22B0BFC,1 - DAYLIGHT,185011342,"7 - SIDESWIPE, SAME DIRECTION",01 - DRY,1 - STRAIGHT LEVEL,"2 - BLACKTOP, BITUMINOUS, ASPHALT",N/A,D - DRIVER,1 - CLEAR,45202
E I74 AT 18-1 MM,39.161975,84.555081,26-30,N/A,N/A,08/07/2018 05:51:00 PM +0000,01 - NOT AN INTERSECTION,3 - PROPERTY DAMAGE ONLY (PDO),3,08/07/2018 05:51:00 PM +0000,TUE,M - MALE,1 - NO INJURY / NONE REPORTED,DCD384B4-DC0F-4008-A7DC-556B260BC328,1 - DAYLIGHT,185010966,1 - NOT COLLISION BETWEEN TWO MOTOR VEHICLES IN TRANSPORT,02 - WET,3 - CURVE LEVEL,"2 - BLACKTOP, BITUMINOUS, ASPHALT",N/A,D - DRIVER,4 - RAIN,45225
1XX CITYCENTRE DR,39.200598,-84.471119,51-60,CARTHAGE,CARTHAGE,08/09/2018 11:50:00 AM +0000,01 - NOT AN INTERSECTION,3 - PROPERTY DAMAGE ONLY (PDO),3,08/09/2018 05:00:00 PM +0000,THU,M - MALE,1 - NO INJURY / NONE REPORTED,91F7B47C-C871-4C3B-AEFC-60265E1AFBEF,1 - DAYLIGHT,185011066,5 - BACKING,01 - DRY,1 - STRAIGHT LEVEL,"2 - BLACKTOP, BITUMINOUS, ASPHALT",CARTHAGE,D - DRIVER,1 - CLEAR,45216
52XX RIVER RD,39.093753,-84.652523,51-60,RIVERSIDE,RIVERSIDE,08/04/2018 01:22:00 PM +0000,01 - NOT AN INTERSECTION,2 - INJURY,2,08/04/2018 01:24:00 PM +0000,SAT,M - MALE,2 - POSSIBLE,249A7F98-FC68-46AB-B651-9E446DA478A9,1 - DAYLIGHT,185010811,2 - REAR-END,01 - DRY,1 - STRAIGHT LEVEL,"2 - BLACKTOP, BITUMINOUS, ASPHALT",RIVERSIDE,D - DRIVER,2 - CLOUDY,45233
36XX MONTGOMERY RD,39.145112,84.467649,41-50,N/A,N/A,08/15/2018 04:45:00 PM +0000,01 - NOT AN INTERSECTION,2 - INJURY,2,08/15/2018 04:55:00 PM +0000,WED,M - MALE,1 - NO INJURY / NONE REPORTED,51511F3C-E80E-4E2D-93D2-2A03D74E6FCE,1 - DAYLIGHT,185011382,2 - REAR-END,02 - WET,1 - STRAIGHT LEVEL,"2 - BLACKTOP, BITUMINOUS, ASPHALT",N/A,D - DRIVER,4 - RAIN,45207
N I71 AT 4-0 MM,39.137846,84.488801,41-50,N/A,N/A,08/03/2018 10:04:00 PM +0000,01 - NOT AN INTERSECTION,3 - PROPERTY DAMAGE ONLY (PDO),3,08/03/2018 10:04:00 PM +0000,FRI,M - MALE,1 - NO INJURY / NONE REPORTED,A311A4D8-5B9C-4EFC-8CEB-E941C06006D6,4 - DARK - LIGHTED ROADWAY,185010787,"7 - SIDESWIPE, SAME DIRECTION",01 - DRY,1 - STRAIGHT LEVEL,1 - CONCRETE,N/A,D - DRIVER,1 - CLEAR,
63XX ZINSLE AV,39.186069,-84.40207,18-25,N/A,N/A,08/08/2018 02:50:00 PM +0000,03 - T-INTERSECTION,3 - PROPERTY DAMAGE ONLY (PDO),3,08/08/2018 02:50:00 PM +0000,WED,F - FEMALE,1 - NO INJURY / NONE REPORTED,C84D8DD5-4A75-4435-9E12-190E4E945FE9,1 - DAYLIGHT,185011038,3 - HEAD-ON,01 - DRY,2 - STRAIGHT GRADE,"2 - BLACKTOP, BITUMINOUS, ASPHALT",N/A,D - DRIVER,1 - CLEAR,45213
30XX JEFFERSON AV,39.134927,-84.509825,61-70,CORRYVILLE - HEIGHTS,CLIFTON/UNIVERSITY HEIGHTS,08/03/2018 05:15:00 PM +0000,03 - T-INTERSECTION,3 - PROPERTY DAMAGE ONLY (PDO),3,08/04/2018 08:30:00 AM +0000,FRI,M - MALE,1 - NO INJURY / NONE REPORTED,6B890389-1A8F-427A-8B82-AEC07A407863,1 - DAYLIGHT,185010799,2 - REAR-END,01 - DRY,2 - STRAIGHT GRADE,"2 - BLACKTOP, BITUMINOUS, ASPHALT",CUF,D - DRIVER,1 - CLEAR,45219
XX W MCMILLAN ST,39.127663,-84.513321,18-25,CUF - HEIGHTS,FAIRVIEW,08/25/2018 08:35:00 PM +0000,03 - T-INTERSECTION,3 - PROPERTY DAMAGE ONLY (PDO),3,08/25/2018 08:42:00 PM +0000,SAT,M - MALE,1 - NO INJURY / NONE REPORTED,961B970B-1E91-444F-A861-9260E748E4C9,3 - DUSK,185011899,6 - ANGLE,01 - DRY,1 - STRAIGHT LEVEL,"2 - BLACKTOP, BITUMINOUS, ASPHALT",CUF,D - DRIVER,1 - CLEAR,45219
12XX WESTERN HILLS VIA,39.125387,84.543041,26-30,N/A,N/A,08/07/2018 08:00:00 AM +0000,07 - ON RAMP,3 - PROPERTY DAMAGE ONLY (PDO),3,08/07/2018 08:01:00 AM +0000,TUE,M - MALE,1 - NO INJURY / NONE REPORTED,21F974CF-7BA4-459C-80A9-61A8513252C0,2 - DAWN,185010934,2 - REAR-END,02 - WET,3 - CURVE LEVEL,1 - CONCRETE,N/A,D - DRIVER,2 - CLOUDY,45214
36XX VINE ST,39.149425,-84.510663,31-40,CLIFTON,CLIFTON,08/09/2018 06:50:00 PM +0000,01 - NOT AN INTERSECTION,3 - PROPERTY DAMAGE ONLY (PDO),3,08/09/2018 06:58:00 PM +0000,THU,M - MALE,1 - NO INJURY / NONE REPORTED,D32352EF-02C7-4FA2-96AC-2C806F09A84D,1 - DAYLIGHT,185011073,2 - REAR-END,01 - DRY,1 - STRAIGHT LEVEL,"2 - BLACKTOP, BITUMINOUS, ASPHALT",CLIFTON,D - DRIVER,1 - CLEAR,45220
30XX BOUDINOT AV,39.139218,-84.603647,41-50,WESTWOOD,WESTWOOD,08/07/2018 06:47:00 AM +0000,02 - FOUR-WAY INTERSECTION,3 - PROPERTY DAMAGE ONLY (PDO),3,08/07/2018 06:49:00 AM +0000,TUE,F - FEMALE,1 - NO INJURY / NONE REPORTED,B5F05C98-F888-4C99-8FD9-5EB7ABD32F3F,2 - DAWN,185010924,2 - REAR-END,02 - WET,1 - STRAIGHT LEVEL,"2 - BLACKTOP, BITUMINOUS, ASPHALT",WESTWOOD,D - DRIVER,4 - RAIN,45211
23XX DANA AV,39.137715,84.452926,41-50,N/A,N/A,08/06/2018 06:50:53 PM +0000,01 - NOT AN INTERSECTION,3 - PROPERTY DAMAGE ONLY (PDO),3,08/06/2018 06:54:00 PM +0000,MON,M - MALE,1 - NO INJURY / NONE REPORTED,66E7325D-D1C4-490D-9DB0-814C7C5D5CC0,1 - DAYLIGHT,185010900,1 - NOT COLLISION BETWEEN TWO MOTOR VEHICLES IN TRANSPORT,01 - DRY,1 - STRAIGHT LEVEL,"2 - BLACKTOP, BITUMINOUS, ASPHALT",N/A,D - DRIVER,1 - CLEAR,45208
62XX KELLOGG AV,39.058531,84.419181,26-30,N/A,N/A,08/28/2018 08:30:00 PM +0000,02 - FOUR-WAY INTERSECTION,3 - PROPERTY DAMAGE ONLY (PDO),3,08/28/2018 08:31:00 PM +0000,TUE,M - MALE,1 - NO INJURY / NONE REPORTED,3B2EAF9A-A14A-453A-8A16-2E8804CCEFFB,3 - DUSK,185012034,6 - ANGLE,01 - DRY,1 - STRAIGHT LEVEL,1 - CONCRETE,N/A,D - DRIVER,1 - CLEAR,45228
18XX VINE ST,39.117009,84.516068,26-30,N/A,N/A,08/28/2018 05:20:00 PM +0000,01 - NOT AN INTERSECTION,2 - INJURY,2,08/28/2018 09:36:44 PM +0000,TUE,M - MALE,3 - NON-INCAPACITATING,59D65512-FCE6-411C-8331-46813C92BE03,1 - DAYLIGHT,185012020,1 - NOT COLLISION BETWEEN TWO MOTOR VEHICLES IN TRANSPORT,01 - DRY,1 - STRAIGHT LEVEL,"2 - BLACKTOP, BITUMINOUS, ASPHALT",N/A,D - DRIVER,1 - CLEAR,45202