ADDRESS_X,LATITUDE_X,LONGITUDE_X,AGE,COMMUNITY_COUNCIL_NEIGHBORHOOD,CPD_NEIGHBORHOOD,CRASHDATE,CRASHLOCATION,CRASHSEVERITY,CRASHSEVERITYID,DATECRASHREPORTED,DAYOFWEEK,GENDER,INJURIES,INSTANCEID,LIGHTCONDITIONSPRIMARY,LOCALREPORTNO,MANNEROFCRASH,ROADCONDITIONSPRIMARY,ROADCONTOUR,ROADSURFACE,SNA_NEIGHBORHOOD,TYPEOFPERSON,WEATHER,ZIP
33XX ERIE AV,39.142115,84.421991,UNKNOWN,N/A,N/A,08/11/2018 03:02:00 PM +0000,01 - NOT AN INTERSECTION,3 - PROPERTY DAMAGE ONLY (PDO),3,08/11/2018 03:02:00 PM +0000,SAT,,1 - NO INJURY / NONE REPORTED,8B23C952-3D21-41E1-9D96-2ACF90001B90,1 - DAYLIGHT,185011172,5 - BACKING,01 - DRY,1 - STRAIGHT LEVEL,1 - CONCRETE,N/A,D - DRIVER,2 - CLOUDY,45208
N I75 AT 2-1 MM,39.120076,84.536049,41-50,N/A,N/A,08/24/2018 02:45:00 PM +0000,01 - NOT AN INTERSECTION,2 - INJURY,2,08/24/2018 02:45:00 PM +0000,FRI,M - MALE,2 - POSSIBLE,5B23E20D-4EAD-488E-92A2-64659121F2B9,1 - DAYLIGHT,185011846,6 - ANGLE,01 - DRY,1 - STRAIGHT LEVEL,"2 - BLACKTOP, BITUMINOUS, ASPHALT",N/A,D - DRIVER,1 - CLEAR,45214
37XX HYDE PARK AV,39.145199,-84.437974,UNKNOWN,OAKLEY,OAKLEY,08/04/2018 07:08:44 PM +0000,01 - NOT AN INTERSECTION,3 - PROPERTY DAMAGE ONLY (PDO),3,08/04/2018 07:09:36 PM +0000,SAT,,1 - NO INJURY / NONE REPORTED,29FB63FF-34AD-4917-AD03-9F3539448BFE,1 - DAYLIGHT,185010828,9 - UNKNOWN,02 - WET,1 - STRAIGHT LEVEL,"2 - BLACKTOP, BITUMINOUS, ASPHALT",OAKLEY,D - DRIVER,4 - RAIN,45209
27XX MADISON RD,39.145358,84.441581,31-40,N/A,N/A,08/08/2018 05:45:00 PM +0000,01 - NOT AN INTERSECTION,3 - PROPERTY DAMAGE ONLY (PDO),3,08/08/2018 05:48:00 PM +0000,WED,F - FEMALE,1 - NO INJURY / NONE REPORTED,56458F47-9434-4DAF-A094-F88A50FD3284,1 - DAYLIGHT,185011025,2 - REAR-END,01 - DRY,2 - STRAIGHT GRADE,"2 - BLACKTOP, BITUMINOUS, ASPHALT",N/A,D - DRIVER,1 - CLEAR,45209
29XX HIGHFOREST LN,39.177721,-84.561925,UNKNOWN,MOUNT AIRY,MOUNT AIRY,08/13/2018 09:00:00 PM +0000,01 - NOT AN INTERSECTION,3 - PROPERTY DAMAGE ONLY (PDO),3,08/14/2018 12:45:52 AM +0000,MON,,1 - NO INJURY / NONE REPORTED,255E7209-F686-4EB3-9321-376CF565A1A3,4 - DARK - LIGHTED ROADWAY,185011277,9 - UNKNOWN,01 - DRY,2 - STRAIGHT GRADE,"2 - BLACKTOP, BITUMINOUS, ASPHALT",MT. AIRY,D - DRIVER,1 - CLEAR,45223
12XX SYCAMORE ST,39.10947,-84.51038,UNKNOWN,OTR,OVER-THE-RHINE,08/22/2018 03:00:00 AM +0000,03 - T-INTERSECTION,2 - INJURY,2,08/22/2018 03:05:00 AM +0000,WED,,1 - NO INJURY / NONE REPORTED,C3D678B6-BF8E-4FF5-8F40-D5A0C7C6328C,6 - DARK – UNKNOWN ROADWAY LIGHTING,185011709,6 - ANGLE,01 - DRY,1 - STRAIGHT LEVEL,1 - CONCRETE,OVER-THE-RHINE,D - DRIVER,1 - CLEAR,45202
24XX COLUMBIA PY,39.126096,84.463932,31-40,N/A,N/A,08/16/2018 11:53:00 AM +0000,"06 - FIVE-POINT, OR MORE",3 - PROPERTY DAMAGE ONLY (PDO),3,08/16/2018 11:55:00 AM +0000,THU,F - FEMALE,1 - NO INJURY / NONE REPORTED,36225174-5FE9-456E-8459-ACA5DA86A859,1 - DAYLIGHT,185011417,2 - REAR-END,02 - WET,1 - STRAIGHT LEVEL,"2 - BLACKTOP, BITUMINOUS, ASPHALT",N/A,D - DRIVER,4 - RAIN,45202
3XX W MITCHELL AV,39.166818,84.513045,18-25,N/A,N/A,08/13/2018 04:16:48 PM +0000,01 - NOT AN INTERSECTION,3 - PROPERTY DAMAGE ONLY (PDO),3,08/13/2018 04:21:21 PM +0000,MON,M - MALE,1 - NO INJURY / NONE REPORTED,2B946C60-DB29-40BA-8C01-771B5DB757D4,1 - DAYLIGHT,185011255,"7 - SIDESWIPE, SAME DIRECTION",01 - DRY,1 - STRAIGHT LEVEL,"2 - BLACKTOP, BITUMINOUS, ASPHALT",N/A,D - DRIVER,1 - CLEAR,45232
N I75 AT 4-0 MM,39.145851,-84.537431,26-30,CAMP WASHINGTON,CAMP  WASHINGTON,08/06/2018 04:04:05 PM +0000,01 - NOT AN INTERSECTION,3 - PROPERTY DAMAGE ONLY (PDO),3,08/06/2018 04:08:06 PM +0000,MON,F - FEMALE,1 - NO INJURY / NONE REPORTED,D1664285-05F6-44B7-A18D-8B0E90033DA3,1 - DAYLIGHT,185010937,1 - NOT COLLISION BETWEEN TWO MOTOR VEHICLES IN TRANSPORT,01 - DRY,4 - CURVE GRADE,1 - CONCRETE,CAMP WASHINGTON,D - DRIVER,4 - RAIN,45211
4XX E 6TH ST,39.104037,84.507433,51-60,N/A,N/A,08/25/2018 06:15:00 PM +0000,02 - FOUR-WAY INTERSECTION,3 - PROPERTY DAMAGE ONLY (PDO),3,08/25/2018 06:16:00 PM +0000,SAT,M - MALE,1 - NO INJURY / NONE REPORTED,5A86941B-04F9-46B6-8DA2-63B5A7D09653,1 - DAYLIGHT,185011893,6 - ANGLE,01 - DRY,1 - STRAIGHT LEVEL,"2 - BLACKTOP, BITUMINOUS, ASPHALT",N/A,D - DRIVER,2 - CLOUDY,45202
18XX VINE ST,39.115321,-84.517695,51-60,OTR,OVER-THE-RHINE,08/04/2018 08:25:52 PM +0000,01 - NOT AN INTERSECTION,3 - PROPERTY DAMAGE ONLY (PDO),3,08/04/2018 08:40:52 PM +0000,SAT,F - FEMALE,1 - NO INJURY / NONE REPORTED,B593695F-30C4-474B-B596-645516DF5917,1 - DAYLIGHT,185010836,2 - REAR-END,01 - DRY,1 - STRAIGHT LEVEL,1 - CONCRETE,OVER-THE-RHINE,D - DRIVER,1 - CLEAR,45202
3XX ELM ST,39.097559,84.515622,51-60,N/A,N/A,08/11/2018 09:21:00 AM +0000,02 - FOUR-WAY INTERSECTION,3 - PROPERTY DAMAGE ONLY (PDO),3,08/11/2018 09:21:00 AM +0000,SAT,M - MALE,1 - NO INJURY / NONE REPORTED,8D9338F3-19C5-44A3-898F-27E7147AC92B,1 - DAYLIGHT,185011159,"7 - SIDESWIPE, SAME DIRECTION",01 - DRY,4 - CURVE GRADE,"2 - BLACKTOP, BITUMINOUS, ASPHALT",N/A,D - DRIVER,1 - CLEAR,45202
30XX JEFFERSONAV,39.135806,-84.510917,61-70,CORRYVILLE - HEIGHTS,CLIFTON/UNIVERSITY HEIGHTS,08/03/2018 11:44:00 AM +0000,02 - FOUR-WAY INTERSECTION,3 - PROPERTY DAMAGE ONLY (PDO),3,08/03/2018 11:46:00 AM +0000,FRI,F - FEMALE,1 - NO INJURY / NONE REPORTED,8E914F84-4BB5-41C9-B98E-B7B16F2727B8,1 - DAYLIGHT,185010753,"7 - SIDESWIPE, SAME DIRECTION",01 - DRY,2 - STRAIGHT GRADE,"2 - BLACKTOP, BITUMINOUS, ASPHALT",CUF,O - OCCUPANT,2 - CLOUDY,45219
4XX ELBERON AV,39.098087,-84.566931,18-25,EAST PRICE HILL,EAST PRICE HILL,08/16/2018 09:30:33 AM +0000,01 - NOT AN INTERSECTION,3 - PROPERTY DAMAGE ONLY (PDO),3,08/16/2018 09:37:48 AM +0000,THU,M - MALE,1 - NO INJURY / NONE REPORTED,50C1C84C-B670-4DE4-8507-80979DA22484,1 - DAYLIGHT,185011407,1 - NOT COLLISION BETWEEN TWO MOTOR VEHICLES IN TRANSPORT,02 - WET,1 - STRAIGHT LEVEL,"2 - BLACKTOP, BITUMINOUS, ASPHALT",EAST PRICE HILL,D - DRIVER,4 - RAIN,45205
52XX KIRBY AV,39.189333,84.558897,18-25,N/A,N/A,08/15/2018 08:05:00 PM +0000,01 - NOT AN INTERSECTION,3 - PROPERTY DAMAGE ONLY (PDO),3,08/15/2018 08:10:00 PM +0000,WED,M - MALE,1 - NO INJURY / NONE REPORTED,A4B40C9E-C0E1-4F4C-BD82-776693E9DC69,1 - DAYLIGHT,185011379,1 - NOT COLLISION BETWEEN TWO MOTOR VEHICLES IN TRANSPORT,02 - WET,4 - CURVE GRADE,"2 - BLACKTOP, BITUMINOUS, ASPHALT",N/A,D - DRIVER,4 - RAIN,45223
W I74 AT 17-6 MM,39.157323,84.565381,18-25,N/A,N/A,08/08/2018 05:08:00 PM +0000,08 - OFF RAMP,2 - INJURY,2,08/08/2018 05:09:00 PM +0000,WED,F - FEMALE,1 - NO INJURY / NONE REPORTED,3B2F36BF-4370-4677-AFC0-973D39F075D2,1 - DAYLIGHT,185011022,"7 - SIDESWIPE, SAME DIRECTION",01 - DRY,4 - CURVE GRADE,"2 - BLACKTOP, BITUMINOUS, ASPHALT",N/A,D - DRIVER,1 - CLEAR,45211
XX W CENTRAL PY,39.107801,84.515067,31-40,N/A,N/A,08/08/2018 04:40:00 AM +0000,01 - NOT AN INTERSECTION,3 - PROPERTY DAMAGE ONLY (PDO),3,08/08/2018 04:40:00 AM +0000,WED,M - MALE,1 - NO INJURY / NONE REPORTED,9732AE54-D7B1-47CA-BBCB-9F9673BD107D,4 - DARK - LIGHTED ROADWAY,185010988,1 - NOT COLLISION BETWEEN TWO MOTOR VEHICLES IN TRANSPORT,02 - WET,1 - STRAIGHT LEVEL,"2 - BLACKTOP, BITUMINOUS, ASPHALT",N/A,O - OCCUPANT,4 - RAIN,45202
16XX BLUE ROCK ST,39.159225,-84.54107,41-50,NORTHSIDE,NORTHSIDE,08/17/2018 08:05:00 AM +0000,01 - NOT AN INTERSECTION,3 - PROPERTY DAMAGE ONLY (PDO),3,08/17/2018 08:05:00 AM +0000,FRI,M - MALE,1 - NO INJURY / NONE REPORTED,E68719C0-CA36-4711-8E07-46001CB5F613,1 - DAYLIGHT,185011476,"7 - SIDESWIPE, SAME DIRECTION",02 - WET,1 - STRAIGHT LEVEL,"2 - BLACKTOP, BITUMINOUS, ASPHALT",NORTHSIDE,D - DRIVER,4 - RAIN,45223
33XX BOUDINOT AV,39.147801,84.603611,18-25,N/A,N/A,08/04/2018 11:50:00 PM +0000,01 - NOT AN INTERSECTION,2 - INJURY,2,08/04/2018 11:51:00 PM +0000,SAT,M - MALE,1 - NO INJURY / NONE REPORTED,10073BAA-B69D-4F97-919E-474FC7BE72A5,4 - DARK - LIGHTED ROADWAY,185010843,2 - REAR-END,01 - DRY,2 - STRAIGHT GRADE,"2 - BLACKTOP, BITUMINOUS, ASPHALT",N/A,O - OCCUPANT,1 - CLEAR,45211
1XX WOOLPER AV,39.090321,-84.307751,31-40,N/A,N/A,08/07/2018 12:30:00 PM +0000,01 - NOT AN INTERSECTION,3 - PROPERTY DAMAGE ONLY (PDO),3,08/08/2018 12:19:21 PM +0000,TUE,M - MALE,1 - NO INJURY / NONE REPORTED,8E56E4FE-9586-42AD-ABB6-8BD76C1E39C7,1 - DAYLIGHT,185011006,5 - BACKING,01 - DRY,1 - STRAIGHT LEVEL,"2 - BLACKTOP, BITUMINOUS, ASPHALT",N/A,D - DRIVER,1 - CLEAR,45220
7XX ELBERON AV,39.104353,84.567081,31-40,N/A,N/A,08/11/2018 12:21:00 PM +0000,01 - NOT AN INTERSECTION,3 - PROPERTY DAMAGE ONLY (PDO),3,08/11/2018 12:22:00 PM +0000,SAT,M - MALE,1 - NO INJURY / NONE REPORTED,9239C197-A08C-4C94-AA74-656839B572FB,1 - DAYLIGHT,185011188,2 - REAR-END,01 - DRY,1 - STRAIGHT LEVEL,1 - CONCRETE,N/A,D - DRIVER,1 - CLEAR,45205
47XX SPRING GROVE AV,39.165501,84.514046,26-30,N/A,N/A,08/20/2018 03:19:00 PM +0000,02 - FOUR-WAY INTERSECTION,2 - INJURY,2,08/20/2018 03:22:00 PM +0000,MON,M - MALE,3 - NON-INCAPACITATING,1612FADA-F30A-4A01-B9EA-4E530315848B,1 - DAYLIGHT,185011635,3 - HEAD-ON,02 - WET,1 - STRAIGHT LEVEL,"2 - BLACKTOP, BITUMINOUS, ASPHALT",N/A,D - DRIVER,4 - RAIN,45232
72XX EASTLAWN DR,39.19445,-84.455973,UNDER 18,ROSELAWN,ROSELAWN,08/23/2018 03:30:00 PM +0000,03 - T-INTERSECTION,2 - INJURY,2,08/23/2018 08:00:00 PM +0000,THU,F - FEMALE,3 - NON-INCAPACITATING,EEFC30CD-821B-4F5C-B470-43542245EC2C,1 - DAYLIGHT,185011807,1 - NOT COLLISION BETWEEN TWO MOTOR VEHICLES IN TRANSPORT,01 - DRY,1 - STRAIGHT LEVEL,"2 - BLACKTOP, BITUMINOUS, ASPHALT",ROSELAWN,O - OCCUPANT,1 - CLEAR,45237
16XX WESTWOOD AV,39.125155,84.552271,31-40,N/A,N/A,08/13/2018 08:02:00 AM +0000,01 - NOT AN INTERSECTION,3 - PROPERTY DAMAGE ONLY (PDO),3,08/13/2018 08:02:00 AM +0000,MON,F - FEMALE,1 - NO INJURY / NONE REPORTED,A9742BAE-0907-443F-A3B8-D160C2A8D77D,1 - DAYLIGHT,185011237,2 - REAR-END,01 - DRY,1 - STRAIGHT LEVEL,"2 - BLACKTOP, BITUMINOUS, ASPHALT",N/A,D - DRIVER,1 - CLEAR,45214
1XX W MCMILLAN ST,39.126971,-84.517268,UNKNOWN,CUF - HEIGHTS,FAIRVIEW,08/11/2018 12:43:00 AM +0000,01 - NOT AN INTERSECTION,3 - PROPERTY DAMAGE ONLY (PDO),3,08/11/2018 12:43:00 AM +0000,SAT,,1 - NO INJURY / NONE REPORTED,59505FB0-5618-4BA9-B596-051222936634,4 - DARK - LIGHTED ROADWAY,185011149,1 - NOT COLLISION BETWEEN TWO MOTOR VEHICLES IN TRANSPORT,02 - WET,1 - STRAIGHT LEVEL,"2 - BLACKTOP, BITUMINOUS, ASPHALT",CUF,D - DRIVER,4 - RAIN,45219
5XX ROCKDALE AV,39.145713,-84.498008,26-30,AVONDALE,AVONDALE,08/16/2018 09:05:00 PM +0000,01 - NOT AN INTERSECTION,3 - PROPERTY DAMAGE ONLY (PDO),3,08/16/2018 09:08:00 PM +0000,THU,M - MALE,1 - NO INJURY / NONE REPORTED,FA0374D3-FD91-44D7-BB3A-F59437D40C21,5 - DARK – ROADWAY NOT LIGHTED,185011454,2 - REAR-END,02 - WET,1 - STRAIGHT LEVEL,"2 - BLACKTOP, BITUMINOUS, ASPHALT",AVONDALE,D - DRIVER,4 - RAIN,45229
N I75 AT 0-7 MM,39.097005,84.515449,UNKNOWN,N/A,N/A,08/15/2018 04:50:00 PM +0000,01 - NOT AN INTERSECTION,3 - PROPERTY DAMAGE ONLY (PDO),3,08/15/2018 05:00:00 PM +0000,WED,,1 - NO INJURY / NONE REPORTED,C88DC5AA-F679-4F0C-B43B-815873DC74A0,1 - DAYLIGHT,185011372,6 - ANGLE,02 - WET,3 - CURVE LEVEL,"2 - BLACKTOP, BITUMINOUS, ASPHALT",N/A,D - DRIVER,2 - CLOUDY,45202
13XX VINE ST,39.109819,84.514612,61-70,N/A,N/A,08/05/2018 02:25:00 AM +0000,01 - NOT AN INTERSECTION,2 - INJURY,2,08/05/2018 03:43:01 AM +0000,SUN,M - MALE,1 - NO INJURY / NONE REPORTED,91F6CD67-BDDC-49DA-BAB0-DC179CFC61AB,4 - DARK - LIGHTED ROADWAY,185010846,1 - NOT COLLISION BETWEEN TWO MOTOR VEHICLES IN TRANSPORT,01 - DRY,1 - STRAIGHT LEVEL,1 - CONCRETE,N/A,D - DRIVER,1 - CLEAR,45202
37XX COLUMBIA PY,39.113498,84.434302,18-25,N/A,N/A,08/11/2018 02:26:00 PM +0000,02 - FOUR-WAY INTERSECTION,3 - PROPERTY DAMAGE ONLY (PDO),3,08/11/2018 02:26:00 PM +0000,SAT,M - MALE,1 - NO INJURY / NONE REPORTED,FB2B1DE8-8CD4-4DED-ADDB-1A335BD5C4EB,1 - DAYLIGHT,185011170,6 - ANGLE,02 - WET,2 - STRAIGHT GRADE,"2 - BLACKTOP, BITUMINOUS, ASPHALT",N/A,D - DRIVER,4 - RAIN,45226
10XX W 6TH ST,39.100789,-84.533438,26-30,QUEENSGATE,QUEENSGATE,08/06/2018 06:01:00 PM +0000,01 - NOT AN INTERSECTION,2 - INJURY,2,08/06/2018 06:01:00 PM +0000,MON,M - MALE,1 - NO INJURY / NONE REPORTED,5765DD8D-BFA9-43E0-B8AD-997DD6E161A5,1 - DAYLIGHT,185010901,2 - REAR-END,01 - DRY,1 - STRAIGHT LEVEL,"2 - BLACKTOP, BITUMINOUS, ASPHALT",QUEENSGATE,D - DRIVER,1 - CLEAR,45202
56XX RIDGE AV,39.175305,-84.426526,UNDER 18,PLEASANT RIDGE,PLEASANT RIDGE,08/15/2018 04:10:00 PM +0000,01 - NOT AN INTERSECTION,2 - INJURY,2,08/15/2018 04:12:00 PM +0000,WED,F - FEMALE,1 - NO INJURY / NONE REPORTED,73BC05E2-5812-4F62-9A8A-78629CA13D3F,1 - DAYLIGHT,185011359,2 - REAR-END,02 - WET,2 - STRAIGHT GRADE,"2 - BLACKTOP, BITUMINOUS, ASPHALT",PLEASANT RIDGE,O - OCCUPANT,4 - RAIN,45213
28XX HARRISON,39.137042,-84.577054,31-40,SOUTH FAIRMOUNT - WESTWOOD,WESTWOOD,08/24/2018 12:55:00 PM +0000,03 - T-INTERSECTION,3 - PROPERTY DAMAGE ONLY (PDO),3,08/24/2018 12:57:00 PM +0000,FRI,M - MALE,1 - NO INJURY / NONE REPORTED,86B0A682-8EF3-4C0A-91B8-437F27D2C603,1 - DAYLIGHT,185011833,"8 - SIDESWIPE, OPPOSITE DIRECTION",01 - DRY,1 - STRAIGHT LEVEL,"2 - BLACKTOP, BITUMINOUS, ASPHALT",WESTWOOD,D - DRIVER,1 - CLEAR,45211
24XX HARRISON AV,39.140304,84.580259,18-25,N/A,N/A,08/25/2018 11:35:00 AM +0000,02 - FOUR-WAY INTERSECTION,3 - PROPERTY DAMAGE ONLY (PDO),3,08/25/2018 11:42:00 AM +0000,SAT,M - MALE,1 - NO INJURY / NONE REPORTED,874B46D4-3D5A-427C-987B-404F2AB42987,1 - DAYLIGHT,185011871,6 - ANGLE,02 - WET,1 - STRAIGHT LEVEL,"2 - BLACKTOP, BITUMINOUS, ASPHALT",N/A,D - DRIVER,4 - RAIN,45211
5XX PROSPECT PL,39.142773,84.497272,18-25,N/A,N/A,08/02/2018 08:17:00 AM +0000,10 - DRIVEWAY/ALLEY ACCESS,3 - PROPERTY DAMAGE ONLY (PDO),3,08/02/2018 08:17:00 AM +0000,THU,M - MALE,1 - NO INJURY / NONE REPORTED,3DC458A8-736C-47EC-9F69-CEDA26A76680,1 - DAYLIGHT,185010693,5 - BACKING,01 - DRY,2 - STRAIGHT GRADE,"2 - BLACKTOP, BITUMINOUS, ASPHALT",N/A,D - DRIVER,2 - CLOUDY,45229
34XX ALAMO DR,39.147231,84.544689,41-50,N/A,N/A,08/22/2018 04:50:00 PM +0000,02 - FOUR-WAY INTERSECTION,3 - PROPERTY DAMAGE ONLY (PDO),3,08/22/2018 06:31:01 PM +0000,WED,F - FEMALE,1 - NO INJURY / NONE REPORTED,46D648DA-7C03-48ED-8BB5-F871081A8AA2,1 - DAYLIGHT,185011751,6 - ANGLE,01 - DRY,2 - STRAIGHT GRADE,"2 - BLACKTOP, BITUMINOUS, ASPHALT",N/A,D - DRIVER,1 - CLEAR,45251
47XX READING RD,39.171575,-84.467121,61-70,BOND HILL,BONDHILL,08/17/2018 11:00:00 AM +0000,01 - NOT AN INTERSECTION,3 - PROPERTY DAMAGE ONLY (PDO),3,08/17/2018 11:04:00 AM +0000,FRI,M - MALE,1 - NO INJURY / NONE REPORTED,C1228D69-8F6C-44EF-849D-C362F828E544,1 - DAYLIGHT,185011579,"7 - SIDESWIPE, SAME DIRECTION",01 - DRY,1 - STRAIGHT LEVEL,"2 - BLACKTOP, BITUMINOUS, ASPHALT",BOND HILL,D - DRIVER,1 - CLEAR,45237
4XX MARTIN LUTHER KING DR,39.147391,84.543199,18-25,N/A,N/A,08/15/2018 03:30:00 PM +0000,01 - NOT AN INTERSECTION,3 - PROPERTY DAMAGE ONLY (PDO),3,08/15/2018 03:35:00 PM +0000,WED,M - MALE,1 - NO INJURY / NONE REPORTED,FE87D858-EF41-4AA5-B871-24696BE9A47E,1 - DAYLIGHT,185011354,"7 - SIDESWIPE, SAME DIRECTION",02 - WET,1 - STRAIGHT LEVEL,"2 - BLACKTOP, BITUMINOUS, ASPHALT",N/A,D - DRIVER,4 - RAIN,45219
S I75 AT 9-3 MM,39.193736,84.476655,UNDER 18,N/A,N/A,08/16/2018 07:23:00 AM +0000,01 - NOT AN INTERSECTION,2 - INJURY,2,08/16/2018 07:23:00 AM +0000,THU,M - MALE,1 - NO INJURY / NONE REPORTED,D891D861-DA36-4612-A67D-D809ADC1A968,1 - DAYLIGHT,185011419,2 - REAR-END,02 - WET,1 - STRAIGHT LEVEL,"2 - BLACKTOP, BITUMINOUS, ASPHALT",N/A,D - DRIVER,4 - RAIN,45216
19XX ANDINA AV,39.175699,-84.46135,UNKNOWN,BOND HILL,BONDHILL,08/06/2018 04:42:00 PM +0000,01 - NOT AN INTERSECTION,3 - PROPERTY DAMAGE ONLY (PDO),3,08/06/2018 04:43:00 PM +0000,MON,,1 - NO INJURY / NONE REPORTED,EAD3DCA6-8B63-477D-A2B5-4C9D3FD2D05E,1 - DAYLIGHT,185010895,"7 - SIDESWIPE, SAME DIRECTION",01 - DRY,1 - STRAIGHT LEVEL,"2 - BLACKTOP, BITUMINOUS, ASPHALT",BOND HILL,D - DRIVER,1 - CLEAR,45237
4XX E KING DR,39.135846,-84.49962,41-50,AVONDALE,AVONDALE,08/09/2018 10:45:00 AM +0000,01 - NOT AN INTERSECTION,3 - PROPERTY DAMAGE ONLY (PDO),3,08/09/2018 10:50:00 AM +0000,THU,F - FEMALE,1 - NO INJURY / NONE REPORTED,0654E99B-F990-4BD9-A84E-EC4963B3D761,1 - DAYLIGHT,185011057,6 - ANGLE,01 - DRY,2 - STRAIGHT GRADE,1 - CONCRETE,AVONDALE,D - DRIVER,1 - CLEAR,45229
25XX FERGUSON RD,39.134891,-84.599241,51-60,WESTWOOD,WESTWOOD,08/05/2018 06:20:00 PM +0000,02 - FOUR-WAY INTERSECTION,3 - PROPERTY DAMAGE ONLY (PDO),3,08/05/2018 06:30:00 PM +0000,SUN,F - FEMALE,1 - NO INJURY / NONE REPORTED,D1C56ACB-0D89-4ED0-98A7-6C17B2CAD2A9,1 - DAYLIGHT,185010859,6 - ANGLE,01 - DRY,1 - STRAIGHT LEVEL,"2 - BLACKTOP, BITUMINOUS, ASPHALT",WESTWOOD,D - DRIVER,1 - CLEAR,45238
N I75 AT 6-6 MM,39.162747,84.510124,31-40,N/A,N/A,08/17/2018 01:18:00 PM +0000,01 - NOT AN INTERSECTION,2 - INJURY,2,08/17/2018 01:18:00 PM +0000,FRI,M - MALE,1 - NO INJURY / NONE REPORTED,8221D4AA-82F0-4B10-AEF0-F75213CCD122,1 - DAYLIGHT,185011486,2 - REAR-END,01 - DRY,1 - STRAIGHT LEVEL,"2 - BLACKTOP, BITUMINOUS, ASPHALT",N/A,D - DRIVER,2 - CLOUDY,45223
50XX CROOKSHANK RD,39.127961,84.604981,26-30,N/A,N/A,08/17/2018 01:30:00 PM +0000,02 - FOUR-WAY INTERSECTION,3 - PROPERTY DAMAGE ONLY (PDO),3,08/17/2018 01:34:00 PM +0000,FRI,M - MALE,1 - NO INJURY / NONE REPORTED,D369A9ED-78B6-4D88-88F0-49FFBAB8E9F3,1 - DAYLIGHT,185011488,"7 - SIDESWIPE, SAME DIRECTION",01 - DRY,1 - STRAIGHT LEVEL,"2 - BLACKTOP, BITUMINOUS, ASPHALT",N/A,D - DRIVER,2 - CLOUDY,45238
83XX BURNS AV,39.213031,84.471964,61-70,N/A,N/A,08/03/2018 05:55:00 PM +0000,02 - FOUR-WAY INTERSECTION,3 - PROPERTY DAMAGE ONLY (PDO),3,08/03/2018 05:59:00 PM +0000,FRI,F - FEMALE,1 - NO INJURY / NONE REPORTED,213AB977-D6D1-4DF6-8D46-9AE516B6FD90,1 - DAYLIGHT,185010776,2 - REAR-END,01 - DRY,1 - STRAIGHT LEVEL,"2 - BLACKTOP, BITUMINOUS, ASPHALT",N/A,D - DRIVER,1 - CLEAR,45216
21XX CENTRAL PY,39.121417,84.526618,41-50,N/A,N/A,08/27/2018 12:20:00 PM +0000,03 - T-INTERSECTION,3 - PROPERTY DAMAGE ONLY (PDO),3,08/27/2018 12:25:00 PM +0000,MON,M - MALE,1 - NO INJURY / NONE REPORTED,F2C102E7-942F-4092-B355-BC02B731829B,1 - DAYLIGHT,185011953,6 - ANGLE,01 - DRY,1 - STRAIGHT LEVEL,"2 - BLACKTOP, BITUMINOUS, ASPHALT",N/A,D - DRIVER,1 - CLEAR,45214
36XX COLUMBIA PY,39.113921,84.436293,41-50,N/A,N/A,08/10/2018 09:45:00 PM +0000,02 - FOUR-WAY INTERSECTION,3 - PROPERTY DAMAGE ONLY (PDO),3,08/10/2018 09:48:00 PM +0000,FRI,F - FEMALE,1 - NO INJURY / NONE REPORTED,36599F09-0D48-45B2-8565-5C0ACABEA0DD,4 - DARK - LIGHTED ROADWAY,185011135,6 - ANGLE,01 - DRY,1 - STRAIGHT LEVEL,"2 - BLACKTOP, BITUMINOUS, ASPHALT",N/A,D - DRIVER,1 - CLEAR,45226
S I75 AT 3-8 MM,39.103058,84.512771,18-25,N/A,N/A,08/15/2018 03:49:00 PM +0000,01 - NOT AN INTERSECTION,2 - INJURY,2,08/15/2018 03:50:00 PM +0000,WED,M - MALE,2 - POSSIBLE,7D587BA9-D7BA-4536-9CA5-AA597F628AD5,1 - DAYLIGHT,185011358,2 - REAR-END,02 - WET,1 - STRAIGHT LEVEL,"2 - BLACKTOP, BITUMINOUS, ASPHALT",N/A,D - DRIVER,4 - RAIN,45223
18XX CHASE AV,39.165643,84.547196,UNKNOWN,N/A,N/A,08/02/2018 10:15:00 PM +0000,01 - NOT AN INTERSECTION,3 - PROPERTY DAMAGE ONLY (PDO),3,08/02/2018 10:24:00 PM +0000,THU,,1 - NO INJURY / NONE REPORTED,28500841-3EBA-46A5-986C-49E1A538F803,4 - DARK - LIGHTED ROADWAY,185010725,"7 - SIDESWIPE, SAME DIRECTION",01 - DRY,1 - STRAIGHT LEVEL,"2 - BLACKTOP, BITUMINOUS, ASPHALT",N/A,D - DRIVER,1 - CLEAR,45223