ADDRESS_X,LATITUDE_X,LONGITUDE_X,AGE,COMMUNITY_COUNCIL_NEIGHBORHOOD,CPD_NEIGHBORHOOD,CRASHDATE,CRASHLOCATION,CRASHSEVERITY,CRASHSEVERITYID,DATECRASHREPORTED,DAYOFWEEK,GENDER,INJURIES,INSTANCEID,LIGHTCONDITIONSPRIMARY,LOCALREPORTNO,MANNEROFCRASH,ROADCONDITIONSPRIMARY,ROADCONTOUR,ROADSURFACE,SNA_NEIGHBORHOOD,TYPEOFPERSON,WEATHER,ZIP
17XX SEYMOUR AV,39.190577,84.464566,41-50,N/A,N/A,08/18/2018 11:15:17 PM +0000,01 - NOT AN INTERSECTION,3 - PROPERTY DAMAGE ONLY (PDO),3,08/18/2018 11:15:18 PM +0000,SAT,M - MALE,1 - NO INJURY / NONE REPORTED,93CA1E36-AFBF-4DBA-91E6-E875E73B7952,4 - DARK - LIGHTED ROADWAY,185011532,"7 - SIDESWIPE, SAME DIRECTION",01 - DRY,1 - STRAIGHT LEVEL,1 - CONCRETE,N/A,D - DRIVER,1 - CLEAR,45237
56XX COLERAIN AV,39.196736,-84.575583,18-25,MOUNT AIRY,MOUNT AIRY,08/08/2018 12:05:00 PM +0000,01 - NOT AN INTERSECTION,3 - PROPERTY DAMAGE ONLY (PDO),3,08/08/2018 12:20:00 PM +0000,WED,F - FEMALE,1 - NO INJURY / NONE REPORTED,70AC6743-E3D1-4B7B-83FA-331AB28A06BB,1 - DAYLIGHT,185011008,2 - REAR-END,01 - DRY,1 - STRAIGHT LEVEL,"2 - BLACKTOP, BITUMINOUS, ASPHALT",MT. AIRY,D - DRIVER,1 - CLEAR,45239
S I71 AT 2-2 MM,39.113262,-84.501075,18-25,WALNUT HILLS,WALNUT HILLS,08/28/2018 03:46:00 PM +0000,01 - NOT AN INTERSECTION,3 - PROPERTY DAMAGE ONLY (PDO),3,08/28/2018 03:47:00 PM +0000,TUE,M - MALE,1 - NO INJURY / NONE REPORTED,D93708B0-5093-484E-9B14-7AA7701EBA23,1 - DAYLIGHT,185012014,2 - REAR-END,01 - DRY,2 - STRAIGHT GRADE,"2 - BLACKTOP, BITUMINOUS, ASPHALT",WALNUT HILLS,D - DRIVER,1 - CLEAR,45202
21XX CENTRAL PY,39.118388,-84.523419,31-40,OTR,OVER-THE-RHINE,08/19/2018 04:35:00 PM +0000,02 - FOUR-WAY INTERSECTION,3 - PROPERTY DAMAGE ONLY (PDO),3,08/19/2018 05:00:00 PM +0000,SUN,F - FEMALE,1 - NO INJURY / NONE REPORTED,ED8E8F5A-A4C7-42A6-ACD9-9C0127105834,1 - DAYLIGHT,185012024,"7 - SIDESWIPE, SAME DIRECTION",01 - DRY,1 - STRAIGHT LEVEL,1 - CONCRETE,OVER-THE-RHINE,D - DRIVER,1 - CLEAR,45214
3XX E KING DR,39.133996,-84.503897,UNDER 18,CORRYVILLE,CORRYVILLE,08/06/2018 03:14:00 PM +0000,01 - NOT AN INTERSECTION,3 - PROPERTY DAMAGE ONLY (PDO),3,08/06/2018 03:14:00 PM +0000,MON,F - FEMALE,1 - NO INJURY / NONE REPORTED,6B569FE5-B947-42C1-AE8A-47507CBB5ECC,1 - DAYLIGHT,185010885,2 - REAR-END,02 - WET,1 - STRAIGHT LEVEL,"2 - BLACKTOP, BITUMINOUS, ASPHALT",CORRYVILLE,D - DRIVER,2 - CLOUDY,45219
74XX FAIRPARK AV,39.197232,84.478371,61-70,N/A,N/A,08/23/2018 07:09:00 AM +0000,03 - T-INTERSECTION,3 - PROPERTY DAMAGE ONLY (PDO),3,08/23/2018 07:09:00 AM +0000,THU,F - FEMALE,1 - NO INJURY / NONE REPORTED,EB0AB215-31E4-4CF8-B595-9DA676ACCFD5,1 - DAYLIGHT,185011761,6 - ANGLE,01 - DRY,1 - STRAIGHT LEVEL,"2 - BLACKTOP, BITUMINOUS, ASPHALT",N/A,D - DRIVER,1 - CLEAR,45216
21XX SPRING GROVE,39.121385,-84.536808,26-30,WEST END,QUEENSGATE,08/04/2018 04:00:00 PM +0000,01 - NOT AN INTERSECTION,3 - PROPERTY DAMAGE ONLY (PDO),3,08/04/2018 04:17:00 PM +0000,SAT,F - FEMALE,1 - NO INJURY / NONE REPORTED,8E1242D5-3C42-4617-847A-E3D782AD64FB,1 - DAYLIGHT,185010823,2 - REAR-END,01 - DRY,1 - STRAIGHT LEVEL,"2 - BLACKTOP, BITUMINOUS, ASPHALT",QUEENSGATE,D - DRIVER,1 - CLEAR,45214
62XX HAMILTON AV,39.204286,84.548688,OVER 70,N/A,N/A,08/19/2018 09:10:00 AM +0000,02 - FOUR-WAY INTERSECTION,3 - PROPERTY DAMAGE ONLY (PDO),3,08/19/2018 09:12:00 AM +0000,SUN,F - FEMALE,1 - NO INJURY / NONE REPORTED,C0A20D6D-DCE7-490C-AD94-E4056E615F61,1 - DAYLIGHT,185011583,6 - ANGLE,01 - DRY,1 - STRAIGHT LEVEL,"2 - BLACKTOP, BITUMINOUS, ASPHALT",N/A,D - DRIVER,1 - CLEAR,45224
12XX SPRING ST,39.110171,84.506892,41-50,N/A,N/A,08/17/2018 02:30:00 AM +0000,02 - FOUR-WAY INTERSECTION,3 - PROPERTY DAMAGE ONLY (PDO),3,08/17/2018 04:50:00 AM +0000,FRI,F - FEMALE,1 - NO INJURY / NONE REPORTED,2A9A0884-AC25-4B98-B91B-FD76A7A0B872,4 - DARK - LIGHTED ROADWAY,185011469,9 - UNKNOWN,02 - WET,1 - STRAIGHT LEVEL,"2 - BLACKTOP, BITUMINOUS, ASPHALT",N/A,D - DRIVER,1 - CLEAR,45202
S I75 AT 2-8 MM,39.127199,-84.534592,61-70,CAMP WASHINGTON,CAMP  WASHINGTON,08/10/2018 12:50:00 PM +0000,08 - OFF RAMP,3 - PROPERTY DAMAGE ONLY (PDO),3,08/10/2018 01:52:57 PM +0000,FRI,F - FEMALE,1 - NO INJURY / NONE REPORTED,7393C028-2664-4E2E-80BE-EF2C3D0180D2,1 - DAYLIGHT,185011103,"7 - SIDESWIPE, SAME DIRECTION",01 - DRY,3 - CURVE LEVEL,"2 - BLACKTOP, BITUMINOUS, ASPHALT",CAMP WASHINGTON,D - DRIVER,1 - CLEAR,45214
26XX STANTON AV,39.127988,-84.493365,31-40,WALNUT HILLS,WALNUT HILLS,08/28/2018 06:08:00 AM +0000,02 - FOUR-WAY INTERSECTION,2 - INJURY,2,08/28/2018 06:10:00 AM +0000,TUE,M - MALE,2 - POSSIBLE,AA4EB34F-01B0-47CB-97AA-915ED5DCCDAD,4 - DARK - LIGHTED ROADWAY,185011990,6 - ANGLE,01 - DRY,1 - STRAIGHT LEVEL,"2 - BLACKTOP, BITUMINOUS, ASPHALT",WALNUT HILLS,D - DRIVER,1 - CLEAR,45206
46XX READING RD,39.168528,-84.468071,OVER 70,PADDOCK HILLS,BONDHILL,08/18/2018 11:10:00 PM +0000,02 - FOUR-WAY INTERSECTION,3 - PROPERTY DAMAGE ONLY (PDO),3,08/18/2018 11:10:00 PM +0000,SAT,M - MALE,1 - NO INJURY / NONE REPORTED,CF723505-64F7-46C7-9450-F9407EF11DDC,4 - DARK - LIGHTED ROADWAY,185011566,2 - REAR-END,01 - DRY,2 - STRAIGHT GRADE,"2 - BLACKTOP, BITUMINOUS, ASPHALT",BOND HILL,D - DRIVER,1 - CLEAR,45229
N I471 AT 5-1 MM,39.103264,84.499923,18-25,N/A,N/A,08/20/2018 03:43:00 PM +0000,08 - OFF RAMP,3 - PROPERTY DAMAGE ONLY (PDO),3,08/20/2018 03:44:00 PM +0000,MON,F - FEMALE,1 - NO INJURY / NONE REPORTED,1B61957F-3FA9-48CC-BB50-1DDD22C1E87D,1 - DAYLIGHT,185011634,2 - REAR-END,02 - WET,2 - STRAIGHT GRADE,"2 - BLACKTOP, BITUMINOUS, ASPHALT",N/A,D - DRIVER,4 - RAIN,45202
4XX MARTIN LUTHER KING DR,39.148481,84.543309,51-60,N/A,N/A,08/15/2018 03:30:00 PM +0000,01 - NOT AN INTERSECTION,3 - PROPERTY DAMAGE ONLY (PDO),3,08/15/2018 03:35:00 PM +0000,WED,M - MALE,1 - NO INJURY / NONE REPORTED,FE87D858-EF41-4AA5-B871-24696BE9A47E,1 - DAYLIGHT,185011354,"7 - SIDESWIPE, SAME DIRECTION",02 - WET,1 - STRAIGHT LEVEL,"2 - BLACKTOP, BITUMINOUS, ASPHALT",N/A,D - DRIVER,4 - RAIN,45219
N I75 AT 6-6 MM,39.162977,84.509734,61-70,N/A,N/A,08/17/2018 01:18:00 PM +0000,01 - NOT AN INTERSECTION,2 - INJURY,2,08/17/2018 01:18:00 PM +0000,FRI,M - MALE,2 - POSSIBLE,8221D4AA-82F0-4B10-AEF0-F75213CCD122,1 - DAYLIGHT,185011486,2 - REAR-END,01 - DRY,1 - STRAIGHT LEVEL,"2 - BLACKTOP, BITUMINOUS, ASPHALT",N/A,D - DRIVER,2 - CLOUDY,45223
22XX CENTRAL PY,39.121698,-84.529609,26-30,OTR,OVER-THE-RHINE,08/24/2018 11:32:29 AM +0000,02 - FOUR-WAY INTERSECTION,2 - INJURY,2,08/24/2018 11:42:54 AM +0000,FRI,M - MALE,1 - NO INJURY / NONE REPORTED,B646EB8D-1CEA-40C8-89F7-AA5A81FB4FF4,1 - DAYLIGHT,185011827,6 - ANGLE,01 - DRY,1 - STRAIGHT LEVEL,"2 - BLACKTOP, BITUMINOUS, ASPHALT",WEST END,D - DRIVER,1 - CLEAR,45214
68XX PADDOCK RD,39.192473,-84.475383,18-25,ROSELAWN,ROSELAWN,08/19/2018 08:14:00 AM +0000,01 - NOT AN INTERSECTION,3 - PROPERTY DAMAGE ONLY (PDO),3,08/19/2018 08:14:00 AM +0000,SUN,M - MALE,1 - NO INJURY / NONE REPORTED,A5F7A2BF-0B61-443C-9107-CEE29E246A17,1 - DAYLIGHT,185011580,1 - NOT COLLISION BETWEEN TWO MOTOR VEHICLES IN TRANSPORT,01 - DRY,2 - STRAIGHT GRADE,"2 - BLACKTOP, BITUMINOUS, ASPHALT",ROSELAWN,D - DRIVER,1 - CLEAR,45216
60XX BELMONT AV,39.200251,84.561901,61-70,N/A,N/A,08/23/2018 08:04:36 AM +0000,03 - T-INTERSECTION,3 - PROPERTY DAMAGE ONLY (PDO),3,08/23/2018 08:15:54 AM +0000,THU,F - FEMALE,1 - NO INJURY / NONE REPORTED,C2E33496-C242-4503-870A-E28998144F75,1 - DAYLIGHT,185011775,6 - ANGLE,01 - DRY,1 - STRAIGHT LEVEL,"2 - BLACKTOP, BITUMINOUS, ASPHALT",N/A,D - DRIVER,1 - CLEAR,45224
49XX RED BANK EX,39.161928,84.403891,41-50,N/A,N/A,08/20/2018 07:40:00 AM +0000,02 - FOUR-WAY INTERSECTION,3 - PROPERTY DAMAGE ONLY (PDO),3,08/20/2018 05:25:45 PM +0000,MON,F - FEMALE,1 - NO INJURY / NONE REPORTED,3DD22AF6-535C-49FF-AAEE-CDE95FE3A68C,1 - DAYLIGHT,185011646,"7 - SIDESWIPE, SAME DIRECTION",01 - DRY,2 - STRAIGHT GRADE,"2 - BLACKTOP, BITUMINOUS, ASPHALT",N/A,D - DRIVER,9 - OTHER/UNKNOWN,45227
58XX RIDGE AV,39.177691,84.428131,18-25,N/A,N/A,08/16/2018 04:15:00 PM +0000,03 - T-INTERSECTION,3 - PROPERTY DAMAGE ONLY (PDO),3,08/16/2018 04:40:00 PM +0000,THU,M - MALE,1 - NO INJURY / NONE REPORTED,B9469917-C943-4E09-AD06-86129E057AF7,1 - DAYLIGHT,185011441,6 - ANGLE,02 - WET,2 - STRAIGHT GRADE,"2 - BLACKTOP, BITUMINOUS, ASPHALT",N/A,D - DRIVER,2 - CLOUDY,45213
N I75 AT 3-6 MM,39.147601,-84.539211,31-40,CAMP WASHINGTON,CAMP  WASHINGTON,08/21/2018 04:33:00 PM +0000,01 - NOT AN INTERSECTION,2 - INJURY,2,08/21/2018 04:34:00 PM +0000,TUE,M - MALE,1 - NO INJURY / NONE REPORTED,C342DAFD-39B0-43F5-AE62-20807A8D1CC9,1 - DAYLIGHT,185011690,2 - REAR-END,01 - DRY,1 - STRAIGHT LEVEL,1 - CONCRETE,CAMP WASHINGTON,D - DRIVER,1 - CLEAR,45211
74XX VINE ST,39.198305,84.475373,41-50,N/A,N/A,08/08/2018 01:20:00 PM +0000,02 - FOUR-WAY INTERSECTION,3 - PROPERTY DAMAGE ONLY (PDO),3,08/08/2018 01:26:00 PM +0000,WED,M - MALE,1 - NO INJURY / NONE REPORTED,CE2936E7-A0C8-4B49-99D6-791B451FC8B5,1 - DAYLIGHT,185011016,2 - REAR-END,01 - DRY,1 - STRAIGHT LEVEL,"2 - BLACKTOP, BITUMINOUS, ASPHALT",N/A,D - DRIVER,1 - CLEAR,45216
17XX MAIN ST,39.114543,84.512531,18-25,N/A,N/A,08/17/2018 09:06:00 AM +0000,04 - Y-INTERSECTION,3 - PROPERTY DAMAGE ONLY (PDO),3,08/17/2018 10:07:39 AM +0000,FRI,M - MALE,1 - NO INJURY / NONE REPORTED,4A5CFA01-3BA2-4CFD-BC4B-27985B35B7D7,1 - DAYLIGHT,185011477,1 - NOT COLLISION BETWEEN TWO MOTOR VEHICLES IN TRANSPORT,01 - DRY,4 - CURVE GRADE,"2 - BLACKTOP, BITUMINOUS, ASPHALT",N/A,O - OCCUPANT,2 - CLOUDY,45202
22XX READING ROAD,39.122791,84.501034,61-70,N/A,N/A,08/21/2018 02:43:00 PM +0000,02 - FOUR-WAY INTERSECTION,2 - INJURY,2,08/21/2018 02:43:00 PM +0000,TUE,F - FEMALE,3 - NON-INCAPACITATING,F9DEAE42-76EE-4D5E-B3BD-32B464B5465E,1 - DAYLIGHT,185011691,6 - ANGLE,01 - DRY,4 - CURVE GRADE,"2 - BLACKTOP, BITUMINOUS, ASPHALT",N/A,D - DRIVER,1 - CLEAR,45219
16XX WESTWOOD AV,39.125121,-84.553249,18-25,SOUTH FAIRMOUNT,SOUTH  FAIRMOUNT,08/06/2018 10:15:00 PM +0000,01 - NOT AN INTERSECTION,3 - PROPERTY DAMAGE ONLY (PDO),3,08/06/2018 10:15:00 PM +0000,MON,F - FEMALE,1 - NO INJURY / NONE REPORTED,F513C0AE-3C3F-4151-80E2-BD95A9B4469D,4 - DARK - LIGHTED ROADWAY,185010909,"7 - SIDESWIPE, SAME DIRECTION",01 - DRY,1 - STRAIGHT LEVEL,1 - CONCRETE,EAST PRICE HILL,D - DRIVER,1 - CLEAR,45214
N I75 AT 3-1 MM,39.135364,84.533687,18-25,N/A,N/A,08/28/2018 04:18:00 PM +0000,01 - NOT AN INTERSECTION,2 - INJURY,2,08/28/2018 04:20:00 PM +0000,TUE,F - FEMALE,1 - NO INJURY / NONE REPORTED,2F3437BA-CFC7-4A5C-A62B-8E92096B18EC,1 - DAYLIGHT,185012016,2 - REAR-END,01 - DRY,1 - STRAIGHT LEVEL,"2 - BLACKTOP, BITUMINOUS, ASPHALT",N/A,D - DRIVER,1 - CLEAR,45225
1XX CENTRAL PY,39.107665,84.510481,51-60,N/A,N/A,08/28/2018 01:28:00 PM +0000,01 - NOT AN INTERSECTION,3 - PROPERTY DAMAGE ONLY (PDO),3,08/28/2018 01:41:00 PM +0000,TUE,M - MALE,1 - NO INJURY / NONE REPORTED,46254A42-250F-444F-82F6-DE1F8D581285,1 - DAYLIGHT,185012008,2 - REAR-END,01 - DRY,1 - STRAIGHT LEVEL,"2 - BLACKTOP, BITUMINOUS, ASPHALT",N/A,D - DRIVER,1 - CLEAR,45202
9XX ROSEMONT AV,39.109684,84.583488,41-50,N/A,N/A,08/06/2018 09:15:00 PM +0000,01 - NOT AN INTERSECTION,3 - PROPERTY DAMAGE ONLY (PDO),3,08/06/2018 09:15:00 PM +0000,MON,M - MALE,1 - NO INJURY / NONE REPORTED,28DFCDD1-A33F-4872-9EF7-E2A4054A5F82,4 - DARK - LIGHTED ROADWAY,185010913,1 - NOT COLLISION BETWEEN TWO MOTOR VEHICLES IN TRANSPORT,01 - DRY,1 - STRAIGHT LEVEL,"2 - BLACKTOP, BITUMINOUS, ASPHALT",N/A,D - DRIVER,1 - CLEAR,45205
48XX GLENWAY AV,39.117991,-84.598139,18-25,WEST PRICE HILL,WEST PRICE HILL,08/22/2018 03:50:00 PM +0000,01 - NOT AN INTERSECTION,3 - PROPERTY DAMAGE ONLY (PDO),3,08/22/2018 03:50:00 PM +0000,WED,M - MALE,1 - NO INJURY / NONE REPORTED,37925E02-B709-4303-9A84-7C62F89C9BE7,1 - DAYLIGHT,185011736,6 - ANGLE,01 - DRY,1 - STRAIGHT LEVEL,"2 - BLACKTOP, BITUMINOUS, ASPHALT",WEST PRICE HILL,D - DRIVER,1 - CLEAR,45238
62XX CORBLY ST,39.092951,84.383927,31-40,N/A,N/A,08/09/2018 10:00:00 AM +0000,01 - NOT AN INTERSECTION,3 - PROPERTY DAMAGE ONLY (PDO),3,08/09/2018 10:00:00 AM +0000,THU,F - FEMALE,1 - NO INJURY / NONE REPORTED,C673FA06-2FCD-4ADC-9AAC-415812D06932,1 - DAYLIGHT,185011055,"7 - SIDESWIPE, SAME DIRECTION",01 - DRY,1 - STRAIGHT LEVEL,1 - CONCRETE,N/A,D - DRIVER,1 - CLEAR,45230
24XX MADISON RD,39.138423,84.455687,18-25,N/A,N/A,08/08/2018 10:50:00 PM +0000,02 - FOUR-WAY INTERSECTION,3 - PROPERTY DAMAGE ONLY (PDO),3,08/08/2018 11:00:00 PM +0000,WED,F - FEMALE,1 - NO INJURY / NONE REPORTED,AAE21FC0-E2B9-4627-8F83-ADC189FE7E39,4 - DARK - LIGHTED ROADWAY,185011046,6 - ANGLE,02 - WET,1 - STRAIGHT LEVEL,"2 - BLACKTOP, BITUMINOUS, ASPHALT",N/A,D - DRIVER,1 - CLEAR,45208
48XX READING RD,39.175833,-84.467972,31-40,BOND HILL,BONDHILL,08/18/2018 10:48:00 AM +0000,10 - DRIVEWAY/ALLEY ACCESS,3 - PROPERTY DAMAGE ONLY (PDO),3,08/18/2018 10:48:00 AM +0000,SAT,M - MALE,1 - NO INJURY / NONE REPORTED,14FD54B3-D477-4FBE-A3C6-BB2E467D3015,1 - DAYLIGHT,185011545,2 - REAR-END,01 - DRY,1 - STRAIGHT LEVEL,"2 - BLACKTOP, BITUMINOUS, ASPHALT",BOND HILL,D - DRIVER,1 - CLEAR,45237
33XX GLENMORE AV,39.148535,-84.612106,26-30,WESTWOOD,WESTWOOD,08/26/2018 07:25:00 PM +0000,01 - NOT AN INTERSECTION,2 - INJURY,2,08/26/2018 07:25:00 PM +0000,SUN,F - FEMALE,3 - NON-INCAPACITATING,FCC37DC4-A7B3-4E35-9571-C74DABA42B43,1 - DAYLIGHT,185011933,5 - BACKING,01 - DRY,1 - STRAIGHT LEVEL,"2 - BLACKTOP, BITUMINOUS, ASPHALT",WESTWOOD,D - DRIVER,1 - CLEAR,45211
59XX BELMONT AV,39.199628,84.548138,UNDER 18,N/A,N/A,08/09/2018 05:15:00 PM +0000,01 - NOT AN INTERSECTION,3 - PROPERTY DAMAGE ONLY (PDO),3,08/09/2018 05:21:00 PM +0000,THU,F - FEMALE,1 - NO INJURY / NONE REPORTED,CFDC8C54-E05E-45B2-A26F-680690480349,1 - DAYLIGHT,185011069,1 - NOT COLLISION BETWEEN TWO MOTOR VEHICLES IN TRANSPORT,01 - DRY,1 - STRAIGHT LEVEL,"2 - BLACKTOP, BITUMINOUS, ASPHALT",N/A,O - OCCUPANT,1 - CLEAR,45224
54XX BEECHMONT AV,39.105298,84.392489,61-70,N/A,N/A,08/03/2018 08:55:00 AM +0000,01 - NOT AN INTERSECTION,2 - INJURY,2,08/03/2018 08:55:00 AM +0000,FRI,M - MALE,3 - NON-INCAPACITATING,C3A7581C-BB26-44FC-AD90-89753049A24D,1 - DAYLIGHT,185010743,3 - HEAD-ON,01 - DRY,4 - CURVE GRADE,"2 - BLACKTOP, BITUMINOUS, ASPHALT",N/A,D - DRIVER,1 - CLEAR,45230
XX W FREEDOM WY,39.096748,84.51299,31-40,N/A,N/A,08/11/2018 01:03:00 PM +0000,01 - NOT AN INTERSECTION,3 - PROPERTY DAMAGE ONLY (PDO),3,08/11/2018 01:20:00 PM +0000,SAT,M - MALE,1 - NO INJURY / NONE REPORTED,A0E9FBFA-803B-46D1-9CD2-8BC91AFDFC0F,1 - DAYLIGHT,185011184,1 - NOT COLLISION BETWEEN TWO MOTOR VEHICLES IN TRANSPORT,01 - DRY,1 - STRAIGHT LEVEL,1 - CONCRETE,N/A,D - DRIVER,1 - CLEAR,45202
47XX ASHTREE DR,39.178701,-84.546486,18-25,NORTHSIDE,NORTHSIDE,08/20/2018 05:16:51 PM +0000,01 - NOT AN INTERSECTION,3 - PROPERTY DAMAGE ONLY (PDO),3,08/20/2018 04:00:00 PM +0000,MON,F - FEMALE,1 - NO INJURY / NONE REPORTED,61816DD0-E3C1-4C79-A410-B427E4173F6C,1 - DAYLIGHT,185011642,"8 - SIDESWIPE, OPPOSITE DIRECTION",02 - WET,1 - STRAIGHT LEVEL,"2 - BLACKTOP, BITUMINOUS, ASPHALT",COLLEGE HILL,O - OCCUPANT,1 - CLEAR,45223
77XX NEWBEDFORD AV,39.205326,84.456606,UNKNOWN,N/A,N/A,08/04/2018 07:44:00 PM +0000,01 - NOT AN INTERSECTION,3 - PROPERTY DAMAGE ONLY (PDO),3,08/04/2018 07:45:00 PM +0000,SAT,,1 - NO INJURY / NONE REPORTED,465D2B9D-246A-4A02-933D-42FFCC30D896,1 - DAYLIGHT,185010838,1 - NOT COLLISION BETWEEN TWO MOTOR VEHICLES IN TRANSPORT,01 - DRY,1 - STRAIGHT LEVEL,"2 - BLACKTOP, BITUMINOUS, ASPHALT",N/A,D - DRIVER,1 - CLEAR,45237
23XX BOUDINOT AV,39.128681,-84.605658,26-30,WESTWOOD,WESTWOOD,08/27/2018 04:20:00 PM +0000,02 - FOUR-WAY INTERSECTION,3 - PROPERTY DAMAGE ONLY (PDO),3,08/27/2018 04:20:00 PM +0000,MON,F - FEMALE,1 - NO INJURY / NONE REPORTED,DDA5F7C1-3CB8-45A1-AB26-7D4315B2A841,1 - DAYLIGHT,185011985,"7 - SIDESWIPE, SAME DIRECTION",01 - DRY,1 - STRAIGHT LEVEL,"2 - BLACKTOP, BITUMINOUS, ASPHALT",WESTWOOD,D - DRIVER,1 - CLEAR,45238
25XX QUEEN CITY AV,39.098101,84.558911,26-30,N/A,N/A,08/16/2018 01:30:00 PM +0000,01 - NOT AN INTERSECTION,3 - PROPERTY DAMAGE ONLY (PDO),3,08/16/2018 02:48:00 PM +0000,THU,F - FEMALE,1 - NO INJURY / NONE REPORTED,7E37F692-5E41-4E24-BAA3-1540DFDF9E0C,1 - DAYLIGHT,185011429,1 - NOT COLLISION BETWEEN TWO MOTOR VEHICLES IN TRANSPORT,02 - WET,1 - STRAIGHT LEVEL,"2 - BLACKTOP, BITUMINOUS, ASPHALT",N/A,D - DRIVER,4 - RAIN,45238
40XX GLENWAY AV,39.113461,84.578688,18-25,N/A,N/A,08/22/2018 02:35:00 PM +0000,01 - NOT AN INTERSECTION,3 - PROPERTY DAMAGE ONLY (PDO),3,08/22/2018 02:35:00 PM +0000,WED,M - MALE,1 - NO INJURY / NONE REPORTED,C383B39E-D82E-4965-AB3A-B83E0766164A,1 - DAYLIGHT,185011731,2 - REAR-END,01 - DRY,1 - STRAIGHT LEVEL,"2 - BLACKTOP, BITUMINOUS, ASPHALT",N/A,D - DRIVER,1 - CLEAR,45205
6XX E 6TH ST,39.102521,84.523707,31-40,N/A,N/A,08/22/2018 04:48:00 PM +0000,08 - OFF RAMP,3 - PROPERTY DAMAGE ONLY (PDO),3,08/22/2018 04:50:00 PM +0000,WED,M - MALE,1 - NO INJURY / NONE REPORTED,8586D201-3414-4AD4-B77F-B2A2BA93E3BB,1 - DAYLIGHT,185011746,2 - REAR-END,01 - DRY,2 - STRAIGHT GRADE,"2 - BLACKTOP, BITUMINOUS, ASPHALT",N/A,D - DRIVER,1 - CLEAR,45202
50XX PADDOCK RD,39.177681,-84.478041,51-60,BOND HILL,BONDHILL,08/17/2018 11:22:00 AM +0000,02 - FOUR-WAY INTERSECTION,3 - PROPERTY DAMAGE ONLY (PDO),3,08/17/2018 11:22:00 AM +0000,FRI,F - FEMALE,1 - NO INJURY / NONE REPORTED,7F669E7E-B481-497E-BDF5-E57BD9C5D8CE,1 - DAYLIGHT,185011485,"7 - SIDESWIPE, SAME DIRECTION",01 - DRY,2 - STRAIGHT GRADE,"2 - BLACKTOP, BITUMINOUS, ASPHALT",BOND HILL,D - DRIVER,1 - CLEAR,45237
W SR 562 AT 0-1,39.174416,84.473863,UNDER 18,N/A,N/A,08/06/2018 02:37:48 PM +0000,01 - NOT AN INTERSECTION,3 - PROPERTY DAMAGE ONLY (PDO),3,08/06/2018 02:38:48 PM +0000,MON,F - FEMALE,1 - NO INJURY / NONE REPORTED,09F7939B-7DE0-4E63-AC4A-13EEDCF653FE,1 - DAYLIGHT,185010896,2 - REAR-END,02 - WET,1 - STRAIGHT LEVEL,1 - CONCRETE,N/A,D - DRIVER,4 - RAIN,45237
16XX QUEEN CITY AV,39.125618,-84.548419,51-60,SOUTH FAIRMOUNT,SOUTH  FAIRMOUNT,08/06/2018 02:18:00 PM +0000,02 - FOUR-WAY INTERSECTION,3 - PROPERTY DAMAGE ONLY (PDO),3,08/06/2018 02:18:00 PM +0000,MON,M - MALE,1 - NO INJURY / NONE REPORTED,D558D586-744C-4196-B2D9-1E0544224D98,1 - DAYLIGHT,185010940,6 - ANGLE,01 - DRY,1 - STRAIGHT LEVEL,"2 - BLACKTOP, BITUMINOUS, ASPHALT",SOUTH FAIRMOUNT,D - DRIVER,1 - CLEAR,45214
24XX W NORTH BEND RD,39.191973,-84.567953,UNKNOWN,MOUNT AIRY,MOUNT AIRY,08/12/2018 03:31:00 PM +0000,01 - NOT AN INTERSECTION,2 - INJURY,2,08/12/2018 04:40:00 PM +0000,SUN,,1 - NO INJURY / NONE REPORTED,BBB31816-9645-4481-ABFE-894880E1D319,1 - DAYLIGHT,185011215,2 - REAR-END,02 - WET,3 - CURVE LEVEL,1 - CONCRETE,MT. AIRY,D - DRIVER,4 - RAIN,45239
48XX RAPID RUN RD,39.111599,84.598947,31-40,N/A,N/A,08/07/2018 05:55:00 PM +0000,02 - FOUR-WAY INTERSECTION,3 - PROPERTY DAMAGE ONLY (PDO),3,08/07/2018 06:00:00 PM +0000,TUE,F - FEMALE,1 - NO INJURY / NONE REPORTED,18A79B8B-5F86-4017-8C51-B4F85B013CC6,1 - DAYLIGHT,185010976,6 - ANGLE,02 - WET,1 - STRAIGHT LEVEL,"2 - BLACKTOP, BITUMINOUS, ASPHALT",N/A,D - DRIVER,2 - CLOUDY,45238
49XX PADDOCK RD,39.178052,-84.477741,41-50,BOND HILL,BONDHILL,08/23/2018 05:40:00 PM +0000,01 - NOT AN INTERSECTION,3 - PROPERTY DAMAGE ONLY (PDO),3,08/23/2018 07:00:00 PM +0000,THU,F - FEMALE,1 - NO INJURY / NONE REPORTED,B27E2777-C671-43CC-BC12-02F8FCCD2CB5,1 - DAYLIGHT,185011801,"7 - SIDESWIPE, SAME DIRECTION",01 - DRY,1 - STRAIGHT LEVEL,"2 - BLACKTOP, BITUMINOUS, ASPHALT",BOND HILL,D - DRIVER,1 - CLEAR,45237