ADDRESS_X,LATITUDE_X,LONGITUDE_X,AGE,COMMUNITY_COUNCIL_NEIGHBORHOOD,CPD_NEIGHBORHOOD,CRASHDATE,CRASHLOCATION,CRASHSEVERITY,CRASHSEVERITYID,DATECRASHREPORTED,DAYOFWEEK,GENDER,INJURIES,INSTANCEID,LIGHTCONDITIONSPRIMARY,LOCALREPORTNO,MANNEROFCRASH,ROADCONDITIONSPRIMARY,ROADCONTOUR,ROADSURFACE,SNA_NEIGHBORHOOD,TYPEOFPERSON,WEATHER,ZIP
8XX VINE ST,39.105439,84.512988,61-70,N/A,N/A,08/18/2018 10:40:03 PM +0000,02 - FOUR-WAY INTERSECTION,3 - PROPERTY DAMAGE ONLY (PDO),3,08/18/2018 10:43:12 PM +0000,SAT,M - MALE,1 - NO INJURY / NONE REPORTED,9E48F08E-5623-4A2F-8C7F-AC0869646352,4 - DARK - LIGHTED ROADWAY,185011565,2 - REAR-END,01 - DRY,1 - STRAIGHT LEVEL,1 - CONCRETE,N/A,D - DRIVER,2 - CLOUDY,45202
46XX ESTE AV,39.174771,-84.509023,26-30,SPRING GROVE VILLAGE,SPRING GROVE VILLAGE,08/10/2018 09:38:00 PM +0000,02 - FOUR-WAY INTERSECTION,3 - PROPERTY DAMAGE ONLY (PDO),3,08/10/2018 09:38:00 PM +0000,FRI,M - MALE,1 - NO INJURY / NONE REPORTED,93C3549B-FFBD-4DDC-B2F4-18DF177B398F,4 - DARK - LIGHTED ROADWAY,185011132,6 - ANGLE,01 - DRY,1 - STRAIGHT LEVEL,"2 - BLACKTOP, BITUMINOUS, ASPHALT",SPRING GROVE VILLAGE,D - DRIVER,1 - CLEAR,45232
10XX COLUMBIA PARKWAY,39.171666,84.474826,31-40,N/A,N/A,08/23/2018 12:51:00 PM +0000,01 - NOT AN INTERSECTION,2 - INJURY,2,08/23/2018 12:51:00 PM +0000,THU,F - FEMALE,2 - POSSIBLE,5302D8CC-B3B5-43C7-9AAD-499FF9945B32,1 - DAYLIGHT,185011780,2 - REAR-END,01 - DRY,1 - STRAIGHT LEVEL,"2 - BLACKTOP, BITUMINOUS, ASPHALT",N/A,O - OCCUPANT,1 - CLEAR,45202
48XX PADDOCK RD,39.175367,-84.478964,26-30,BOND HILL,BONDHILL,08/06/2018 04:11:00 PM +0000,01 - NOT AN INTERSECTION,3 - PROPERTY DAMAGE ONLY (PDO),3,08/06/2018 04:11:00 PM +0000,MON,F - FEMALE,1 - NO INJURY / NONE REPORTED,0105D28C-2565-478A-8232-B53F23A2CF7E,1 - DAYLIGHT,185010907,2 - REAR-END,01 - DRY,1 - STRAIGHT LEVEL,"2 - BLACKTOP, BITUMINOUS, ASPHALT",BOND HILL,D - DRIVER,2 - CLOUDY,45237
N I75 AT 5-9 MM,39.161523,84.517317,51-60,N/A,N/A,08/23/2018 04:21:00 PM +0000,01 - NOT AN INTERSECTION,2 - INJURY,2,08/23/2018 04:23:00 PM +0000,THU,F - FEMALE,2 - POSSIBLE,00CE464F-14E9-4021-B6BF-873CDB9684BC,1 - DAYLIGHT,185011792,"7 - SIDESWIPE, SAME DIRECTION",01 - DRY,3 - CURVE LEVEL,"2 - BLACKTOP, BITUMINOUS, ASPHALT",N/A,D - DRIVER,1 - CLEAR,45223
16XX QUEEN CITY AV,39.127091,-84.552521,31-40,SOUTH FAIRMOUNT,SOUTH  FAIRMOUNT,08/19/2018 03:20:00 PM +0000,01 - NOT AN INTERSECTION,3 - PROPERTY DAMAGE ONLY (PDO),3,08/19/2018 03:23:00 PM +0000,SUN,M - MALE,1 - NO INJURY / NONE REPORTED,1892CCB8-1D76-46B2-BAD9-21F4EE4171C6,1 - DAYLIGHT,185011591,"7 - SIDESWIPE, SAME DIRECTION",01 - DRY,1 - STRAIGHT LEVEL,1 - CONCRETE,SOUTH FAIRMOUNT,D - DRIVER,1 - CLEAR,45214
44XX READING RD,39.165418,-84.470095,18-25,PADDOCK HILLS,PADDOCK  HILLS,08/25/2018 01:04:00 AM +0000,01 - NOT AN INTERSECTION,2 - INJURY,2,08/25/2018 01:05:00 AM +0000,SAT,F - FEMALE,4 - INCAPACITATING,34DF1D0C-5787-43C2-AC22-25BA23509B3F,4 - DARK - LIGHTED ROADWAY,185011954,1 - NOT COLLISION BETWEEN TWO MOTOR VEHICLES IN TRANSPORT,01 - DRY,1 - STRAIGHT LEVEL,"2 - BLACKTOP, BITUMINOUS, ASPHALT",NORTH AVONDALE - PADDOCK HILLS,P - PEDESTRIAN,1 - CLEAR,45229
3XX RACE ST,39.098889,84.514017,41-50,N/A,N/A,08/06/2018 02:00:00 PM +0000,01 - NOT AN INTERSECTION,3 - PROPERTY DAMAGE ONLY (PDO),3,08/06/2018 02:06:00 PM +0000,MON,F - FEMALE,1 - NO INJURY / NONE REPORTED,557185F7-206A-4BD2-9453-5A7904AD95D3,1 - DAYLIGHT,185010881,"7 - SIDESWIPE, SAME DIRECTION",02 - WET,1 - STRAIGHT LEVEL,1 - CONCRETE,N/A,D - DRIVER,4 - RAIN,45202
45XX GLENWAY AV,39.112751,84.589495,26-30,N/A,N/A,08/07/2018 07:39:00 PM +0000,03 - T-INTERSECTION,2 - INJURY,2,08/07/2018 07:39:00 PM +0000,TUE,M - MALE,1 - NO INJURY / NONE REPORTED,3D137D55-3FB7-4B62-B7A2-09F795426AFF,1 - DAYLIGHT,185010978,3 - HEAD-ON,01 - DRY,3 - CURVE LEVEL,"2 - BLACKTOP, BITUMINOUS, ASPHALT",N/A,D - DRIVER,1 - CLEAR,45205
3XX W KING DR,39.134718,84.518731,18-25,N/A,N/A,08/10/2018 10:57:00 AM +0000,02 - FOUR-WAY INTERSECTION,3 - PROPERTY DAMAGE ONLY (PDO),3,08/10/2018 11:00:00 AM +0000,FRI,M - MALE,1 - NO INJURY / NONE REPORTED,3AB2A0F4-3B7F-479A-ABC5-B3BB9A662DD6,1 - DAYLIGHT,185011095,2 - REAR-END,01 - DRY,1 - STRAIGHT LEVEL,"2 - BLACKTOP, BITUMINOUS, ASPHALT",N/A,D - DRIVER,1 - CLEAR,45220
36XX WARSAW AV,39.108827,-84.571571,UNKNOWN,EAST PRICE HILL,EAST PRICE HILL,08/02/2018 11:45:00 AM +0000,01 - NOT AN INTERSECTION,3 - PROPERTY DAMAGE ONLY (PDO),3,08/02/2018 03:00:00 PM +0000,THU,,1 - NO INJURY / NONE REPORTED,C11C1354-D902-4FEF-BB09-54B440BFFCA3,1 - DAYLIGHT,185010704,6 - ANGLE,01 - DRY,1 - STRAIGHT LEVEL,"2 - BLACKTOP, BITUMINOUS, ASPHALT",EAST PRICE HILL,D - DRIVER,1 - CLEAR,45205
21XX RIVER RD,39.100501,-84.552041,31-40,LOWER PRICE HILL,LOWER PRICE  HILL,08/20/2018 02:45:00 PM +0000,01 - NOT AN INTERSECTION,3 - PROPERTY DAMAGE ONLY (PDO),3,08/20/2018 03:02:00 PM +0000,MON,M - MALE,1 - NO INJURY / NONE REPORTED,4668F03C-33E1-4A6A-92D0-74DCE65DA5B1,1 - DAYLIGHT,185011632,2 - REAR-END,02 - WET,1 - STRAIGHT LEVEL,"2 - BLACKTOP, BITUMINOUS, ASPHALT",LOWER PRICE HILL,D - DRIVER,4 - RAIN,45204
33XX BOUDINOT AV,39.146231,84.603971,UNDER 18,N/A,N/A,08/04/2018 11:50:00 PM +0000,01 - NOT AN INTERSECTION,2 - INJURY,2,08/04/2018 11:51:00 PM +0000,SAT,M - MALE,1 - NO INJURY / NONE REPORTED,10073BAA-B69D-4F97-919E-474FC7BE72A5,4 - DARK - LIGHTED ROADWAY,185010843,2 - REAR-END,01 - DRY,2 - STRAIGHT GRADE,"2 - BLACKTOP, BITUMINOUS, ASPHALT",N/A,O - OCCUPANT,1 - CLEAR,45211
12XX HOPPLE ST,39.138209,84.537352,41-50,N/A,N/A,08/04/2018 11:50:53 AM +0000,03 - T-INTERSECTION,2 - INJURY,2,08/04/2018 11:59:07 AM +0000,SAT,M - MALE,1 - NO INJURY / NONE REPORTED,E84CF189-DD6B-4462-8A48-0CCE90FBE259,1 - DAYLIGHT,185010807,2 - REAR-END,01 - DRY,2 - STRAIGHT GRADE,1 - CONCRETE,N/A,D - DRIVER,2 - CLOUDY,45225
39XX GLENWAY AV,39.113606,84.578193,31-40,N/A,N/A,08/21/2018 02:37:00 PM +0000,02 - FOUR-WAY INTERSECTION,3 - PROPERTY DAMAGE ONLY (PDO),3,08/21/2018 02:37:00 PM +0000,TUE,M - MALE,1 - NO INJURY / NONE REPORTED,D76F856E-539A-4180-8FB4-0E4C0EDB9CEF,1 - DAYLIGHT,185011686,6 - ANGLE,01 - DRY,1 - STRAIGHT LEVEL,"2 - BLACKTOP, BITUMINOUS, ASPHALT",N/A,D - DRIVER,1 - CLEAR,45205
S I71 AT 3-9 MM,39.138178,-84.488162,26-30,AVONDALE,AVONDALE,08/10/2018 10:50:00 PM +0000,01 - NOT AN INTERSECTION,2 - INJURY,2,08/10/2018 11:06:00 PM +0000,FRI,M - MALE,3 - NON-INCAPACITATING,C968778E-328B-4790-B1C8-1D399933B1DF,4 - DARK - LIGHTED ROADWAY,185011140,1 - NOT COLLISION BETWEEN TWO MOTOR VEHICLES IN TRANSPORT,01 - DRY,1 - STRAIGHT LEVEL,"2 - BLACKTOP, BITUMINOUS, ASPHALT",AVONDALE,D - DRIVER,1 - CLEAR,45229
45XX SPRING GROVE AV,39.1638,-84.522342,UNKNOWN,SPRING GROVE VILLAGE,SPRING GROVE VILLAGE,08/25/2018 03:15:00 PM +0000,01 - NOT AN INTERSECTION,3 - PROPERTY DAMAGE ONLY (PDO),3,08/25/2018 03:30:00 PM +0000,SAT,,1 - NO INJURY / NONE REPORTED,445F86A1-4989-47C6-93A9-1FF4A313EB03,1 - DAYLIGHT,185011889,1 - NOT COLLISION BETWEEN TWO MOTOR VEHICLES IN TRANSPORT,02 - WET,1 - STRAIGHT LEVEL,1 - CONCRETE,SPRING GROVE VILLAGE,D - DRIVER,1 - CLEAR,45232
2XX W 2ND ST,39.097808,84.517538,41-50,N/A,N/A,08/03/2018 05:03:00 PM +0000,02 - FOUR-WAY INTERSECTION,2 - INJURY,2,08/03/2018 05:04:00 PM +0000,FRI,M - MALE,1 - NO INJURY / NONE REPORTED,542D0CC4-9EBE-4B9A-B6E8-1A45B69AB3E8,1 - DAYLIGHT,185010769,1 - NOT COLLISION BETWEEN TWO MOTOR VEHICLES IN TRANSPORT,01 - DRY,1 - STRAIGHT LEVEL,1 - CONCRETE,N/A,D - DRIVER,1 - CLEAR,45202
64XX ROSEWOOD ST,39.191755,-84.489986,18-25,CARTHAGE,CARTHAGE,08/07/2018 02:20:47 AM +0000,01 - NOT AN INTERSECTION,3 - PROPERTY DAMAGE ONLY (PDO),3,08/07/2018 02:21:48 AM +0000,TUE,M - MALE,1 - NO INJURY / NONE REPORTED,86FD8410-9975-4D7B-A59E-5491A875661B,5 - DARK – ROADWAY NOT LIGHTED,185010917,2 - REAR-END,01 - DRY,1 - STRAIGHT LEVEL,"2 - BLACKTOP, BITUMINOUS, ASPHALT",CARTHAGE,D - DRIVER,1 - CLEAR,45216
23XX FERGUSON RD,39.128737,84.598092,41-50,N/A,N/A,08/09/2018 10:15:00 AM +0000,01 - NOT AN INTERSECTION,3 - PROPERTY DAMAGE ONLY (PDO),3,08/09/2018 10:20:00 AM +0000,THU,M - MALE,1 - NO INJURY / NONE REPORTED,60F5F006-C255-4FA8-A8D2-C6D17225DC63,1 - DAYLIGHT,185011056,1 - NOT COLLISION BETWEEN TWO MOTOR VEHICLES IN TRANSPORT,01 - DRY,1 - STRAIGHT LEVEL,"2 - BLACKTOP, BITUMINOUS, ASPHALT",N/A,O - OCCUPANT,1 - CLEAR,45238
30XX CLIFTON AV,39.136071,84.519173,31-40,N/A,N/A,08/13/2018 12:50:00 PM +0000,02 - FOUR-WAY INTERSECTION,2 - INJURY,2,08/13/2018 01:03:00 PM +0000,MON,M - MALE,1 - NO INJURY / NONE REPORTED,70B3DA5B-80F4-4AA0-B8FB-1FE76A969D33,1 - DAYLIGHT,185011245,2 - REAR-END,01 - DRY,1 - STRAIGHT LEVEL,1 - CONCRETE,N/A,D - DRIVER,1 - CLEAR,45220
24XX MONTANA AV,39.157246,-84.576782,UNKNOWN,WESTWOOD,WESTWOOD,08/02/2018 03:40:00 AM +0000,01 - NOT AN INTERSECTION,3 - PROPERTY DAMAGE ONLY (PDO),3,08/02/2018 03:45:00 AM +0000,THU,,1 - NO INJURY / NONE REPORTED,1726D833-9921-4E0B-9F2D-F19ADCED2B99,4 - DARK - LIGHTED ROADWAY,185010689,1 - NOT COLLISION BETWEEN TWO MOTOR VEHICLES IN TRANSPORT,01 - DRY,4 - CURVE GRADE,"2 - BLACKTOP, BITUMINOUS, ASPHALT",WESTWOOD,D - DRIVER,1 - CLEAR,45211
58XX RIDGE AV,39.177861,84.427541,26-30,N/A,N/A,08/16/2018 04:15:00 PM +0000,03 - T-INTERSECTION,3 - PROPERTY DAMAGE ONLY (PDO),3,08/16/2018 04:40:00 PM +0000,THU,M - MALE,1 - NO INJURY / NONE REPORTED,B9469917-C943-4E09-AD06-86129E057AF7,1 - DAYLIGHT,185011441,6 - ANGLE,02 - WET,2 - STRAIGHT GRADE,"2 - BLACKTOP, BITUMINOUS, ASPHALT",N/A,D - DRIVER,2 - CLOUDY,45213
19XX SOUTH ST,39.106364,84.549607,61-70,N/A,N/A,08/07/2018 10:44:00 AM +0000,01 - NOT AN INTERSECTION,3 - PROPERTY DAMAGE ONLY (PDO),3,08/07/2018 10:45:00 AM +0000,TUE,M - MALE,1 - NO INJURY / NONE REPORTED,A5F78A65-6E29-45B0-8C7D-C22031EF8CBE,1 - DAYLIGHT,185010952,1 - NOT COLLISION BETWEEN TWO MOTOR VEHICLES IN TRANSPORT,01 - DRY,1 - STRAIGHT LEVEL,"2 - BLACKTOP, BITUMINOUS, ASPHALT",N/A,D - DRIVER,2 - CLOUDY,45204
49XX OBERLIN AV,39.177331,-84.473201,18-25,BOND HILL,BONDHILL,08/03/2018 11:58:00 AM +0000,02 - FOUR-WAY INTERSECTION,3 - PROPERTY DAMAGE ONLY (PDO),3,08/03/2018 12:00:00 PM +0000,FRI,F - FEMALE,1 - NO INJURY / NONE REPORTED,DD5DC3AA-A16D-4B0A-B3BC-6D2615FC2527,1 - DAYLIGHT,185010749,6 - ANGLE,01 - DRY,1 - STRAIGHT LEVEL,"2 - BLACKTOP, BITUMINOUS, ASPHALT",BOND HILL,D - DRIVER,1 - CLEAR,45237
20XX E SEYMOUR AV,39.185339,-84.455387,UNKNOWN,ROSELAWN,ROSELAWN,08/04/2018 03:58:00 PM +0000,01 - NOT AN INTERSECTION,3 - PROPERTY DAMAGE ONLY (PDO),3,08/04/2018 05:00:00 PM +0000,SAT,,1 - NO INJURY / NONE REPORTED,A7A9336A-281F-4749-BD70-D31C578A47F8,1 - DAYLIGHT,185010824,"7 - SIDESWIPE, SAME DIRECTION",01 - DRY,1 - STRAIGHT LEVEL,"2 - BLACKTOP, BITUMINOUS, ASPHALT",ROSELAWN,D - DRIVER,1 - CLEAR,45216
21XX CONVENT LN,39.129888,84.457024,UNKNOWN,N/A,N/A,08/12/2018 09:00:00 AM +0000,03 - T-INTERSECTION,3 - PROPERTY DAMAGE ONLY (PDO),3,08/12/2018 03:00:00 PM +0000,SUN,,1 - NO INJURY / NONE REPORTED,187B7DF1-CE80-4FA8-B029-B24C4C1A45B3,9 - UNKNOWN,185011213,9 - UNKNOWN,01 - DRY,1 - STRAIGHT LEVEL,"2 - BLACKTOP, BITUMINOUS, ASPHALT",N/A,D - DRIVER,9 - OTHER/UNKNOWN,45208
30XX PENROSE PL,39.146349,-84.603507,61-70,WESTWOOD,WESTWOOD,08/20/2018 05:30:00 PM +0000,01 - NOT AN INTERSECTION,3 - PROPERTY DAMAGE ONLY (PDO),3,08/20/2018 05:38:00 PM +0000,MON,M - MALE,1 - NO INJURY / NONE REPORTED,B291BD0F-F773-4C29-8553-92C6AB18917C,1 - DAYLIGHT,185011648,1 - NOT COLLISION BETWEEN TWO MOTOR VEHICLES IN TRANSPORT,01 - DRY,2 - STRAIGHT GRADE,"2 - BLACKTOP, BITUMINOUS, ASPHALT",WESTWOOD,D - DRIVER,1 - CLEAR,45211
32XX CAVANAUGH AV,39.141588,-84.572719,UNKNOWN,WESTWOOD,NORTH FAIRMOUNT,08/20/2018 07:45:00 PM +0000,01 - NOT AN INTERSECTION,2 - INJURY,2,08/20/2018 07:51:00 PM +0000,MON,M - MALE,2 - POSSIBLE,7F213BEE-FB21-44F8-8538-8EF60A33B975,1 - DAYLIGHT,185011654,1 - NOT COLLISION BETWEEN TWO MOTOR VEHICLES IN TRANSPORT,01 - DRY,1 - STRAIGHT LEVEL,"2 - BLACKTOP, BITUMINOUS, ASPHALT",EAST WESTWOOD,D - DRIVER,2 - CLOUDY,45211
15XX WEST FORK RD,39.163635,-84.551599,UNKNOWN,NORTHSIDE,NORTHSIDE,08/23/2018 06:05:00 PM +0000,01 - NOT AN INTERSECTION,3 - PROPERTY DAMAGE ONLY (PDO),3,08/23/2018 06:30:00 PM +0000,THU,,1 - NO INJURY / NONE REPORTED,43558B40-241E-4BF8-8DCF-17435E684289,1 - DAYLIGHT,185011797,"7 - SIDESWIPE, SAME DIRECTION",01 - DRY,1 - STRAIGHT LEVEL,"2 - BLACKTOP, BITUMINOUS, ASPHALT",VILLAGES AT ROLL HILL,D - DRIVER,1 - CLEAR,45223
6XX E MARTIN LUTHER KING JR DR.,39.139436,-84.524378,31-40,CUF,CLIFTON/UNIVERSITY HEIGHTS,08/17/2018 04:25:00 PM +0000,01 - NOT AN INTERSECTION,3 - PROPERTY DAMAGE ONLY (PDO),3,08/17/2018 04:25:00 PM +0000,FRI,F - FEMALE,1 - NO INJURY / NONE REPORTED,4E218A7B-EFDC-4FDF-97DC-AACA12F1A442,1 - DAYLIGHT,185011504,2 - REAR-END,01 - DRY,1 - STRAIGHT LEVEL,"2 - BLACKTOP, BITUMINOUS, ASPHALT",CUF,D - DRIVER,1 - CLEAR,45220
9XX ELLISON AV,39.0732,-84.42436,UNKNOWN,CALIFORNIA,CALIFORNIA,08/23/2018 07:30:00 AM +0000,01 - NOT AN INTERSECTION,3 - PROPERTY DAMAGE ONLY (PDO),3,08/23/2018 07:30:00 AM +0000,THU,,1 - NO INJURY / NONE REPORTED,2A4F0D23-FD34-4393-A941-1C215F0E2A40,1 - DAYLIGHT,185011762,"7 - SIDESWIPE, SAME DIRECTION",01 - DRY,1 - STRAIGHT LEVEL,"2 - BLACKTOP, BITUMINOUS, ASPHALT",CALIFORNIA,D - DRIVER,1 - CLEAR,45226
X E MITCHELL AV,39.158551,-84.486121,UNDER 18,NORTH AVONDALE,NORTH AVONDALE,08/20/2018 07:09:34 AM +0000,02 - FOUR-WAY INTERSECTION,3 - PROPERTY DAMAGE ONLY (PDO),3,08/21/2018 03:30:50 PM +0000,MON,F - FEMALE,1 - NO INJURY / NONE REPORTED,B3F108F9-C707-4917-A3E3-1196314EE774,1 - DAYLIGHT,185011688,"7 - SIDESWIPE, SAME DIRECTION",01 - DRY,1 - STRAIGHT LEVEL,"2 - BLACKTOP, BITUMINOUS, ASPHALT",NORTH AVONDALE - PADDOCK HILLS,D - DRIVER,1 - CLEAR,45217
28XX MONTANA AV,39.148533,84.590452,41-50,N/A,N/A,08/24/2018 01:55:00 AM +0000,01 - NOT AN INTERSECTION,3 - PROPERTY DAMAGE ONLY (PDO),3,08/24/2018 02:00:00 AM +0000,FRI,M - MALE,1 - NO INJURY / NONE REPORTED,52AD8DC7-EE98-4CB5-9A74-5AE5B1C77509,4 - DARK - LIGHTED ROADWAY,185011813,2 - REAR-END,01 - DRY,1 - STRAIGHT LEVEL,"2 - BLACKTOP, BITUMINOUS, ASPHALT",N/A,D - DRIVER,1 - CLEAR,45211
59XX GLENWAY AV,39.140651,-84.617591,18-25,WESTWOOD,WESTWOOD,08/18/2018 04:45:00 PM +0000,01 - NOT AN INTERSECTION,3 - PROPERTY DAMAGE ONLY (PDO),3,08/18/2018 04:57:00 PM +0000,SAT,M - MALE,1 - NO INJURY / NONE REPORTED,CE06A04A-D20A-4A5D-B117-A05DAAA38EB7,1 - DAYLIGHT,185011555,6 - ANGLE,01 - DRY,1 - STRAIGHT LEVEL,"2 - BLACKTOP, BITUMINOUS, ASPHALT",WESTWOOD,D - DRIVER,1 - CLEAR,45238
S I75 AT 6-3 MM,39.162153,-84.509218,31-40,NORTH AVONDALE,CLIFTON,08/19/2018 07:57:00 PM +0000,01 - NOT AN INTERSECTION,2 - INJURY,2,08/19/2018 07:58:00 PM +0000,SUN,F - FEMALE,4 - INCAPACITATING,99ED03DA-EDAB-4127-A2C0-6CF1FDE22EB8,3 - DUSK,185011609,"7 - SIDESWIPE, SAME DIRECTION",01 - DRY,3 - CURVE LEVEL,"2 - BLACKTOP, BITUMINOUS, ASPHALT",CLIFTON,D - DRIVER,1 - CLEAR,45229
48XX READING RD,39.175551,84.46706,18-25,N/A,N/A,08/10/2018 03:15:00 PM +0000,03 - T-INTERSECTION,3 - PROPERTY DAMAGE ONLY (PDO),3,08/10/2018 03:17:00 PM +0000,FRI,F - FEMALE,1 - NO INJURY / NONE REPORTED,EB48D6A6-EF34-4CAC-ADC8-060563A816E3,1 - DAYLIGHT,185011110,6 - ANGLE,01 - DRY,1 - STRAIGHT LEVEL,"2 - BLACKTOP, BITUMINOUS, ASPHALT",N/A,D - DRIVER,2 - CLOUDY,45237
47XX WINTON RD,39.177625,-84.520578,26-30,SPRING GROVE - WINTON HILLS,WINTON HILLS,08/16/2018 09:45:39 AM +0000,01 - NOT AN INTERSECTION,3 - PROPERTY DAMAGE ONLY (PDO),3,08/16/2018 09:48:39 AM +0000,THU,M - MALE,1 - NO INJURY / NONE REPORTED,6824C8FC-543E-4BD8-A9DD-B1A7B85F637F,1 - DAYLIGHT,185011404,"7 - SIDESWIPE, SAME DIRECTION",02 - WET,1 - STRAIGHT LEVEL,"2 - BLACKTOP, BITUMINOUS, ASPHALT",COLLEGE HILL,D - DRIVER,4 - RAIN,45232
66XX RAINBOW LN,39.096103,-84.374073,UNDER 18,MOUNT WASHINGTON,MT.  WASHINGTON,08/12/2018 07:59:00 PM +0000,02 - FOUR-WAY INTERSECTION,2 - INJURY,2,08/12/2018 07:59:00 PM +0000,SUN,M - MALE,3 - NON-INCAPACITATING,31C199AB-411E-4295-A6BD-59B8029D692D,1 - DAYLIGHT,185011226,1 - NOT COLLISION BETWEEN TWO MOTOR VEHICLES IN TRANSPORT,01 - DRY,2 - STRAIGHT GRADE,"2 - BLACKTOP, BITUMINOUS, ASPHALT",MT. WASHINGTON,D - DRIVER,1 - CLEAR,45230
11XX VINE ST,39.106268,84.514211,61-70,N/A,N/A,08/11/2018 10:46:00 AM +0000,02 - FOUR-WAY INTERSECTION,2 - INJURY,2,08/11/2018 10:46:00 AM +0000,SAT,M - MALE,1 - NO INJURY / NONE REPORTED,78FB245F-FBB1-4225-8F8D-73A2E8C466A7,1 - DAYLIGHT,185011167,2 - REAR-END,01 - DRY,1 - STRAIGHT LEVEL,"2 - BLACKTOP, BITUMINOUS, ASPHALT",N/A,D - DRIVER,1 - CLEAR,45202
29XX BOUDINOT AV,39.136126,-84.604315,31-40,WESTWOOD,WESTWOOD,08/04/2018 04:50:00 PM +0000,02 - FOUR-WAY INTERSECTION,3 - PROPERTY DAMAGE ONLY (PDO),3,08/04/2018 04:59:00 PM +0000,SAT,M - MALE,1 - NO INJURY / NONE REPORTED,0C4DA580-69BF-4AA8-985F-A7165889DB17,1 - DAYLIGHT,185010825,2 - REAR-END,01 - DRY,2 - STRAIGHT GRADE,"2 - BLACKTOP, BITUMINOUS, ASPHALT",WESTWOOD,D - DRIVER,1 - CLEAR,45238
24XX HARRISON AV,39.139747,-84.582621,51-60,WESTWOOD,WESTWOOD,08/14/2018 09:10:00 PM +0000,01 - NOT AN INTERSECTION,3 - PROPERTY DAMAGE ONLY (PDO),3,08/14/2018 09:10:00 PM +0000,TUE,M - MALE,1 - NO INJURY / NONE REPORTED,02C268BB-7261-4061-8FF0-C62E65DAECE9,4 - DARK - LIGHTED ROADWAY,185011323,"7 - SIDESWIPE, SAME DIRECTION",01 - DRY,1 - STRAIGHT LEVEL,"2 - BLACKTOP, BITUMINOUS, ASPHALT",WESTWOOD,D - DRIVER,1 - CLEAR,45211
14XX HARRISON AV,39.213623,-84.546306,31-40,N/A,N/A,08/07/2018 08:10:00 AM +0000,07 - ON RAMP,3 - PROPERTY DAMAGE ONLY (PDO),3,08/07/2018 08:15:00 AM +0000,TUE,M - MALE,1 - NO INJURY / NONE REPORTED,9ED4A3CA-222C-4D81-B2C4-D50A1867F417,1 - DAYLIGHT,185010936,2 - REAR-END,02 - WET,1 - STRAIGHT LEVEL,"2 - BLACKTOP, BITUMINOUS, ASPHALT",N/A,D - DRIVER,2 - CLOUDY,45214
6XX GHOLSON AV,-0.00022,-0.00042,UNKNOWN,N/A,N/A,08/21/2018 10:55:00 PM +0000,01 - NOT AN INTERSECTION,2 - INJURY,2,08/21/2018 11:00:00 PM +0000,TUE,,1 - NO INJURY / NONE REPORTED,B93D6F52-B020-45B6-AF32-26B066E7BFE2,4 - DARK - LIGHTED ROADWAY,185011705,6 - ANGLE,01 - DRY,1 - STRAIGHT LEVEL,"2 - BLACKTOP, BITUMINOUS, ASPHALT",N/A,D - DRIVER,1 - CLEAR,45229
N I75 AT 3-6 MM,39.147951,-84.539491,41-50,CAMP WASHINGTON,CAMP  WASHINGTON,08/08/2018 07:25:00 AM +0000,01 - NOT AN INTERSECTION,3 - PROPERTY DAMAGE ONLY (PDO),3,08/08/2018 07:27:00 AM +0000,WED,M - MALE,1 - NO INJURY / NONE REPORTED,E490400F-A66C-4848-904A-7D0919BD4B57,1 - DAYLIGHT,185010996,"7 - SIDESWIPE, SAME DIRECTION",01 - DRY,1 - STRAIGHT LEVEL,1 - CONCRETE,CAMP WASHINGTON,D - DRIVER,2 - CLOUDY,45211
60XX LANTANA AV,39.201131,84.542261,UNKNOWN,N/A,N/A,08/17/2018 04:35:00 PM +0000,01 - NOT AN INTERSECTION,3 - PROPERTY DAMAGE ONLY (PDO),3,08/17/2018 05:02:00 PM +0000,FRI,,1 - NO INJURY / NONE REPORTED,DBCD50A0-664B-48C3-B919-00CA533C8E6B,1 - DAYLIGHT,185011499,"7 - SIDESWIPE, SAME DIRECTION",01 - DRY,1 - STRAIGHT LEVEL,"2 - BLACKTOP, BITUMINOUS, ASPHALT",N/A,D - DRIVER,2 - CLOUDY,45224
16XX WESTWOOD AV,39.124051,84.553173,31-40,N/A,N/A,08/20/2018 09:24:00 AM +0000,03 - T-INTERSECTION,3 - PROPERTY DAMAGE ONLY (PDO),3,08/20/2018 09:24:00 AM +0000,MON,F - FEMALE,1 - NO INJURY / NONE REPORTED,26A5EACB-9D44-4C86-B8FF-40FA06240B75,1 - DAYLIGHT,185011620,1 - NOT COLLISION BETWEEN TWO MOTOR VEHICLES IN TRANSPORT,01 - DRY,1 - STRAIGHT LEVEL,"2 - BLACKTOP, BITUMINOUS, ASPHALT",N/A,D - DRIVER,2 - CLOUDY,45214
8XX WELLS ST,39.106195,84.569728,31-40,N/A,N/A,08/17/2018 04:25:00 PM +0000,01 - NOT AN INTERSECTION,3 - PROPERTY DAMAGE ONLY (PDO),3,08/17/2018 04:28:00 PM +0000,FRI,F - FEMALE,1 - NO INJURY / NONE REPORTED,79390B9B-A4A3-41EB-A2BA-2E42456F0489,1 - DAYLIGHT,185011497,"8 - SIDESWIPE, OPPOSITE DIRECTION",01 - DRY,2 - STRAIGHT GRADE,"2 - BLACKTOP, BITUMINOUS, ASPHALT",N/A,D - DRIVER,1 - CLEAR,45205