ADDRESS_X,LATITUDE_X,LONGITUDE_X,AGE,COMMUNITY_COUNCIL_NEIGHBORHOOD,CPD_NEIGHBORHOOD,CRASHDATE,CRASHLOCATION,CRASHSEVERITY,CRASHSEVERITYID,DATECRASHREPORTED,DAYOFWEEK,GENDER,INJURIES,INSTANCEID,LIGHTCONDITIONSPRIMARY,LOCALREPORTNO,MANNEROFCRASH,ROADCONDITIONSPRIMARY,ROADCONTOUR,ROADSURFACE,SNA_NEIGHBORHOOD,TYPEOFPERSON,WEATHER,ZIP
1XX W MITCHELL AV,39.161742,-84.506107,61-70,NORTH AVONDALE,CLIFTON,08/23/2018 01:50:00 PM +0000,03 - T-INTERSECTION,2 - INJURY,2,08/23/2018 03:55:00 PM +0000,THU,M - MALE,3 - NON-INCAPACITATING,307F72CF-29D9-4814-9750-B22A111866B8,1 - DAYLIGHT,185011787,6 - ANGLE,01 - DRY,1 - STRAIGHT LEVEL,"2 - BLACKTOP, BITUMINOUS, ASPHALT",CLIFTON,D - DRIVER,1 - CLEAR,45217
47XX PADDOCK RD,39.173561,-84.478061,61-70,PADDOCK HILLS,BONDHILL,08/27/2018 03:18:00 PM +0000,01 - NOT AN INTERSECTION,2 - INJURY,2,08/27/2018 03:18:00 PM +0000,MON,M - MALE,1 - NO INJURY / NONE REPORTED,B56283DA-90F1-4432-8764-8F2A8BE55396,1 - DAYLIGHT,185011964,"7 - SIDESWIPE, SAME DIRECTION",01 - DRY,2 - STRAIGHT GRADE,"2 - BLACKTOP, BITUMINOUS, ASPHALT",BOND HILL,D - DRIVER,1 - CLEAR,45229
33XX BOUDINOT AV,39.147791,84.603691,18-25,N/A,N/A,08/04/2018 11:50:00 PM +0000,01 - NOT AN INTERSECTION,2 - INJURY,2,08/04/2018 11:51:00 PM +0000,SAT,M - MALE,2 - POSSIBLE,10073BAA-B69D-4F97-919E-474FC7BE72A5,4 - DARK - LIGHTED ROADWAY,185010843,2 - REAR-END,01 - DRY,2 - STRAIGHT GRADE,"2 - BLACKTOP, BITUMINOUS, ASPHALT",N/A,O - OCCUPANT,1 - CLEAR,45211
15XX QUEEN CITY AV,39.126522,-84.548322,31-40,SOUTH FAIRMOUNT,SOUTH  FAIRMOUNT,08/16/2018 07:50:00 AM +0000,01 - NOT AN INTERSECTION,3 - PROPERTY DAMAGE ONLY (PDO),3,08/16/2018 07:54:00 AM +0000,THU,F - FEMALE,1 - NO INJURY / NONE REPORTED,ED4F9367-4258-483B-ABBB-692B48FBAF5A,1 - DAYLIGHT,185011398,2 - REAR-END,02 - WET,1 - STRAIGHT LEVEL,"2 - BLACKTOP, BITUMINOUS, ASPHALT",SOUTH FAIRMOUNT,D - DRIVER,4 - RAIN,45214
27XX MARKBREIT AV,39.152716,84.441483,18-25,N/A,N/A,08/20/2018 09:18:00 AM +0000,02 - FOUR-WAY INTERSECTION,3 - PROPERTY DAMAGE ONLY (PDO),3,08/20/2018 09:45:00 AM +0000,MON,F - FEMALE,1 - NO INJURY / NONE REPORTED,FF91A8BE-6BB9-4586-9343-61D76F8DD08A,1 - DAYLIGHT,185011619,6 - ANGLE,01 - DRY,1 - STRAIGHT LEVEL,"2 - BLACKTOP, BITUMINOUS, ASPHALT",N/A,D - DRIVER,2 - CLOUDY,45209
N I75 AT 0-3 MM,39.092439,-84.521526,41-50,DOWNTOWN,QUEENSGATE,08/20/2018 09:21:00 PM +0000,01 - NOT AN INTERSECTION,3 - PROPERTY DAMAGE ONLY (PDO),3,08/20/2018 09:30:00 PM +0000,MON,M - MALE,1 - NO INJURY / NONE REPORTED,058DFF88-B8A2-43C1-821B-ADA40360AE6B,4 - DARK - LIGHTED ROADWAY,185011659,2 - REAR-END,02 - WET,1 - STRAIGHT LEVEL,1 - CONCRETE,DOWNTOWN,D - DRIVER,4 - RAIN,45202
76XX READING RD,39.199987,84.457092,UNKNOWN,N/A,N/A,08/19/2018 02:45:00 AM +0000,01 - NOT AN INTERSECTION,3 - PROPERTY DAMAGE ONLY (PDO),3,08/20/2018 03:00:00 PM +0000,SUN,,1 - NO INJURY / NONE REPORTED,D984F4E2-704F-48C8-B611-A2F65C7AFBF0,4 - DARK - LIGHTED ROADWAY,185011629,6 - ANGLE,01 - DRY,1 - STRAIGHT LEVEL,"2 - BLACKTOP, BITUMINOUS, ASPHALT",N/A,D - DRIVER,1 - CLEAR,45237
68XX FAIRPARK AV,39.192391,84.482958,18-25,N/A,N/A,08/02/2018 10:31:00 PM +0000,02 - FOUR-WAY INTERSECTION,3 - PROPERTY DAMAGE ONLY (PDO),3,08/02/2018 10:45:00 PM +0000,THU,M - MALE,1 - NO INJURY / NONE REPORTED,E32543C3-DCE2-46BC-9BF8-DD903F335221,4 - DARK - LIGHTED ROADWAY,185010726,6 - ANGLE,01 - DRY,1 - STRAIGHT LEVEL,"2 - BLACKTOP, BITUMINOUS, ASPHALT",N/A,D - DRIVER,1 - CLEAR,45216
24XX QUEEN CITY AV,39.128865,-84.585591,UNKNOWN,WESTWOOD,WESTWOOD,08/07/2018 01:15:00 AM +0000,01 - NOT AN INTERSECTION,3 - PROPERTY DAMAGE ONLY (PDO),3,08/07/2018 01:18:00 AM +0000,TUE,,1 - NO INJURY / NONE REPORTED,DF0E51C3-6F14-450A-9F30-F524ADD052A2,4 - DARK - LIGHTED ROADWAY,185010914,"7 - SIDESWIPE, SAME DIRECTION",01 - DRY,4 - CURVE GRADE,"2 - BLACKTOP, BITUMINOUS, ASPHALT",WESTWOOD,D - DRIVER,1 - CLEAR,45238
46XX RIDGE AV,39.159531,84.422251,26-30,N/A,N/A,08/11/2018 03:18:00 PM +0000,01 - NOT AN INTERSECTION,3 - PROPERTY DAMAGE ONLY (PDO),3,08/11/2018 03:18:00 PM +0000,SAT,M - MALE,1 - NO INJURY / NONE REPORTED,EBA00C60-1EBE-4537-8DD2-1C8E974289A8,1 - DAYLIGHT,185011175,6 - ANGLE,01 - DRY,1 - STRAIGHT LEVEL,1 - CONCRETE,N/A,D - DRIVER,1 - CLEAR,45209
S I71 AT 0-9 MM,39.098208,84.515936,41-50,N/A,N/A,08/15/2018 04:12:00 PM +0000,01 - NOT AN INTERSECTION,3 - PROPERTY DAMAGE ONLY (PDO),3,08/15/2018 04:14:00 PM +0000,WED,M - MALE,1 - NO INJURY / NONE REPORTED,241BC3B5-EEC5-4CA7-B89A-87706A29D2EA,1 - DAYLIGHT,185011364,2 - REAR-END,02 - WET,1 - STRAIGHT LEVEL,"2 - BLACKTOP, BITUMINOUS, ASPHALT",N/A,D - DRIVER,4 - RAIN,45202
XX E 7TH ST,39.102969,84.512175,51-60,N/A,N/A,08/28/2018 07:57:00 AM +0000,01 - NOT AN INTERSECTION,3 - PROPERTY DAMAGE ONLY (PDO),3,08/28/2018 08:00:00 AM +0000,TUE,F - FEMALE,1 - NO INJURY / NONE REPORTED,B63585DC-ED01-4C6E-B6C1-ACB98D643B29,1 - DAYLIGHT,185011993,"7 - SIDESWIPE, SAME DIRECTION",01 - DRY,1 - STRAIGHT LEVEL,"2 - BLACKTOP, BITUMINOUS, ASPHALT",N/A,D - DRIVER,1 - CLEAR,45202
16XX QUEEN CITY AV,39.127621,-84.551871,41-50,SOUTH FAIRMOUNT,SOUTH  FAIRMOUNT,08/19/2018 03:20:00 PM +0000,01 - NOT AN INTERSECTION,3 - PROPERTY DAMAGE ONLY (PDO),3,08/19/2018 03:23:00 PM +0000,SUN,M - MALE,1 - NO INJURY / NONE REPORTED,1892CCB8-1D76-46B2-BAD9-21F4EE4171C6,1 - DAYLIGHT,185011591,"7 - SIDESWIPE, SAME DIRECTION",01 - DRY,1 - STRAIGHT LEVEL,1 - CONCRETE,SOUTH FAIRMOUNT,D - DRIVER,1 - CLEAR,45214
8XX VINE ST,39.106489,84.514148,31-40,N/A,N/A,08/18/2018 10:40:03 PM +0000,02 - FOUR-WAY INTERSECTION,3 - PROPERTY DAMAGE ONLY (PDO),3,08/18/2018 10:43:12 PM +0000,SAT,M - MALE,1 - NO INJURY / NONE REPORTED,9E48F08E-5623-4A2F-8C7F-AC0869646352,4 - DARK - LIGHTED ROADWAY,185011565,2 - REAR-END,01 - DRY,1 - STRAIGHT LEVEL,1 - CONCRETE,N/A,O - OCCUPANT,2 - CLOUDY,45202
9XX EZZARD CHARLES DR,39.109791,84.532067,31-40,N/A,N/A,08/18/2018 11:35:00 AM +0000,02 - FOUR-WAY INTERSECTION,2 - INJURY,2,08/18/2018 11:45:00 AM +0000,SAT,M - MALE,2 - POSSIBLE,2E49B1AA-C47E-44C5-A098-42A21AB8AAC6,1 - DAYLIGHT,185011540,6 - ANGLE,01 - DRY,1 - STRAIGHT LEVEL,"2 - BLACKTOP, BITUMINOUS, ASPHALT",N/A,D - DRIVER,1 - CLEAR,45203
16XX WESTWOOD AV,39.124351,84.553093,31-40,N/A,N/A,08/20/2018 09:24:00 AM +0000,03 - T-INTERSECTION,3 - PROPERTY DAMAGE ONLY (PDO),3,08/20/2018 09:24:00 AM +0000,MON,M - MALE,1 - NO INJURY / NONE REPORTED,26A5EACB-9D44-4C86-B8FF-40FA06240B75,1 - DAYLIGHT,185011620,1 - NOT COLLISION BETWEEN TWO MOTOR VEHICLES IN TRANSPORT,01 - DRY,1 - STRAIGHT LEVEL,"2 - BLACKTOP, BITUMINOUS, ASPHALT",N/A,D - DRIVER,2 - CLOUDY,45214
42XX VINE ST,39.162124,-84.505074,UNKNOWN,NORTH AVONDALE,CLIFTON,08/11/2018 01:18:00 PM +0000,02 - FOUR-WAY INTERSECTION,3 - PROPERTY DAMAGE ONLY (PDO),3,08/11/2018 01:24:00 PM +0000,SAT,M - MALE,1 - NO INJURY / NONE REPORTED,1FC4D274-E6F9-4712-9CE0-ED12A2BC6388,1 - DAYLIGHT,185011171,"7 - SIDESWIPE, SAME DIRECTION",02 - WET,1 - STRAIGHT LEVEL,"2 - BLACKTOP, BITUMINOUS, ASPHALT",CLIFTON,D - DRIVER,2 - CLOUDY,45217
69XX READING RD,39.184511,-84.464003,UNKNOWN,BOND HILL,BONDHILL,08/08/2018 10:14:00 PM +0000,03 - T-INTERSECTION,3 - PROPERTY DAMAGE ONLY (PDO),3,08/08/2018 10:30:00 PM +0000,WED,,1 - NO INJURY / NONE REPORTED,61211F90-5CF9-403B-9642-180CFBB2129C,4 - DARK - LIGHTED ROADWAY,185011045,"7 - SIDESWIPE, SAME DIRECTION",02 - WET,1 - STRAIGHT LEVEL,"2 - BLACKTOP, BITUMINOUS, ASPHALT",BOND HILL,D - DRIVER,4 - RAIN,45237
71XX READING RD,39.193341,-84.461725,41-50,ROSELAWN,ROSELAWN,08/08/2018 02:00:00 PM +0000,02 - FOUR-WAY INTERSECTION,3 - PROPERTY DAMAGE ONLY (PDO),3,08/10/2018 07:00:00 AM +0000,WED,M - MALE,1 - NO INJURY / NONE REPORTED,B73C4F30-6129-4021-86B9-94E56EC1F86A,1 - DAYLIGHT,185011012,6 - ANGLE,01 - DRY,1 - STRAIGHT LEVEL,"2 - BLACKTOP, BITUMINOUS, ASPHALT",ROSELAWN,D - DRIVER,1 - CLEAR,45237
S I75 AT 10-6 MM,39.206761,84.465923,18-25,N/A,N/A,08/16/2018 05:05:00 PM +0000,01 - NOT AN INTERSECTION,2 - INJURY,2,08/16/2018 05:05:00 PM +0000,THU,F - FEMALE,2 - POSSIBLE,1F0EFB73-BB08-479F-A195-CABA4562683C,1 - DAYLIGHT,185011443,2 - REAR-END,01 - DRY,1 - STRAIGHT LEVEL,"2 - BLACKTOP, BITUMINOUS, ASPHALT",N/A,O - OCCUPANT,2 - CLOUDY,
37XX PAXTON AV,39.146654,84.425839,18-25,N/A,N/A,08/04/2018 11:00:00 AM +0000,01 - NOT AN INTERSECTION,3 - PROPERTY DAMAGE ONLY (PDO),3,08/04/2018 11:00:00 AM +0000,SAT,M - MALE,1 - NO INJURY / NONE REPORTED,D89B46A0-ECB6-4B95-907C-B6BE0EA7F88F,1 - DAYLIGHT,185010805,6 - ANGLE,01 - DRY,1 - STRAIGHT LEVEL,"2 - BLACKTOP, BITUMINOUS, ASPHALT",N/A,D - DRIVER,1 - CLEAR,45209
4XX VINE ST,39.091129,84.519531,41-50,N/A,N/A,08/19/2018 12:53:00 PM +0000,02 - FOUR-WAY INTERSECTION,3 - PROPERTY DAMAGE ONLY (PDO),3,08/19/2018 01:06:00 PM +0000,SUN,F - FEMALE,1 - NO INJURY / NONE REPORTED,CC267F28-0F9F-45AA-941F-17765BC7B608,1 - DAYLIGHT,185011588,6 - ANGLE,01 - DRY,2 - STRAIGHT GRADE,"2 - BLACKTOP, BITUMINOUS, ASPHALT",N/A,D - DRIVER,1 - CLEAR,45202
20XX QUEEN CITY AV,39.128483,84.567105,26-30,N/A,N/A,08/10/2018 07:55:00 AM +0000,01 - NOT AN INTERSECTION,3 - PROPERTY DAMAGE ONLY (PDO),3,08/10/2018 07:55:00 AM +0000,FRI,F - FEMALE,1 - NO INJURY / NONE REPORTED,3FD4CDDE-DB10-4D33-9825-77EA973A5382,1 - DAYLIGHT,185011088,2 - REAR-END,01 - DRY,1 - STRAIGHT LEVEL,"2 - BLACKTOP, BITUMINOUS, ASPHALT",N/A,D - DRIVER,1 - CLEAR,45214
38XX DAKOTA AV,39.149353,-84.480811,UNKNOWN,NORTH AVONDALE,NORTH AVONDALE,08/24/2018 06:00:00 AM +0000,01 - NOT AN INTERSECTION,3 - PROPERTY DAMAGE ONLY (PDO),3,08/24/2018 07:18:00 AM +0000,FRI,,1 - NO INJURY / NONE REPORTED,78EEDD8F-2C28-44FE-8195-27526A357706,2 - DAWN,185011814,9 - UNKNOWN,01 - DRY,2 - STRAIGHT GRADE,"2 - BLACKTOP, BITUMINOUS, ASPHALT",AVONDALE,D - DRIVER,1 - CLEAR,45229
48XX PADDOCK RD,39.173116,-84.478741,OVER 70,PADDOCK HILLS,BONDHILL,08/27/2018 03:00:00 PM +0000,02 - FOUR-WAY INTERSECTION,2 - INJURY,2,08/27/2018 03:05:00 PM +0000,MON,M - MALE,1 - NO INJURY / NONE REPORTED,595DFABA-1A36-42F3-9EC6-EA5517F921BF,1 - DAYLIGHT,185011966,6 - ANGLE,01 - DRY,1 - STRAIGHT LEVEL,1 - CONCRETE,BOND HILL,D - DRIVER,1 - CLEAR,45237
27XX MONTANA,39.150973,84.589778,41-50,N/A,N/A,08/24/2018 10:20:00 PM +0000,02 - FOUR-WAY INTERSECTION,3 - PROPERTY DAMAGE ONLY (PDO),3,08/24/2018 10:20:00 PM +0000,FRI,F - FEMALE,1 - NO INJURY / NONE REPORTED,12439454-1345-4C50-A826-950E1E49B22A,4 - DARK - LIGHTED ROADWAY,185011864,2 - REAR-END,01 - DRY,1 - STRAIGHT LEVEL,"2 - BLACKTOP, BITUMINOUS, ASPHALT",N/A,D - DRIVER,1 - CLEAR,45211
72XX EASTLAWN DR,39.19448,-84.454843,UNDER 18,ROSELAWN,ROSELAWN,08/23/2018 03:30:00 PM +0000,03 - T-INTERSECTION,2 - INJURY,2,08/23/2018 08:00:00 PM +0000,THU,F - FEMALE,3 - NON-INCAPACITATING,EEFC30CD-821B-4F5C-B470-43542245EC2C,1 - DAYLIGHT,185011807,1 - NOT COLLISION BETWEEN TWO MOTOR VEHICLES IN TRANSPORT,01 - DRY,1 - STRAIGHT LEVEL,"2 - BLACKTOP, BITUMINOUS, ASPHALT",ROSELAWN,O - OCCUPANT,1 - CLEAR,45237
16XX QUEEN CITY AV,39.125428,-84.549729,26-30,SOUTH FAIRMOUNT,SOUTH  FAIRMOUNT,08/08/2018 06:25:00 PM +0000,03 - T-INTERSECTION,3 - PROPERTY DAMAGE ONLY (PDO),3,08/08/2018 06:31:00 PM +0000,WED,F - FEMALE,1 - NO INJURY / NONE REPORTED,8E019F51-6002-495A-A754-6EC19FA4654A,1 - DAYLIGHT,185011039,"8 - SIDESWIPE, OPPOSITE DIRECTION",01 - DRY,1 - STRAIGHT LEVEL,"2 - BLACKTOP, BITUMINOUS, ASPHALT",SOUTH FAIRMOUNT,D - DRIVER,1 - CLEAR,45214
37XX PAXTON AV,39.145397,84.432304,18-25,N/A,N/A,08/07/2018 01:00:00 PM +0000,01 - NOT AN INTERSECTION,3 - PROPERTY DAMAGE ONLY (PDO),3,08/08/2018 09:50:00 AM +0000,TUE,M - MALE,1 - NO INJURY / NONE REPORTED,7B9ACD0C-7F5C-47EA-82D9-1D4B5816CEF3,1 - DAYLIGHT,185011003,"7 - SIDESWIPE, SAME DIRECTION",01 - DRY,1 - STRAIGHT LEVEL,"2 - BLACKTOP, BITUMINOUS, ASPHALT",N/A,D - DRIVER,1 - CLEAR,45209
S I71 AT 1-4 MM,39.102521,-84.504911,UNKNOWN,DOWNTOWN,C. B. D. / RIVERFRONT,08/04/2018 07:56:00 AM +0000,01 - NOT AN INTERSECTION,3 - PROPERTY DAMAGE ONLY (PDO),3,08/04/2018 07:57:00 AM +0000,SAT,,1 - NO INJURY / NONE REPORTED,40FB0D42-5250-42EB-93B8-9E0F4503C662,1 - DAYLIGHT,185010806,"7 - SIDESWIPE, SAME DIRECTION",01 - DRY,4 - CURVE GRADE,"2 - BLACKTOP, BITUMINOUS, ASPHALT",DOWNTOWN,O - OCCUPANT,1 - CLEAR,45202
N I75 AT 2-8 MM,39.126764,-84.533244,18-25,CAMP WASHINGTON,CAMP  WASHINGTON,08/28/2018 05:31:00 PM +0000,01 - NOT AN INTERSECTION,2 - INJURY,2,08/28/2018 05:33:00 PM +0000,TUE,F - FEMALE,1 - NO INJURY / NONE REPORTED,DD272605-5BB1-43A2-A48B-AEAD2FEF1399,1 - DAYLIGHT,185012023,2 - REAR-END,01 - DRY,1 - STRAIGHT LEVEL,"2 - BLACKTOP, BITUMINOUS, ASPHALT",CAMP WASHINGTON,D - DRIVER,1 - CLEAR,45214
30XX RAMONA AV,39.143951,-84.602271,61-70,WESTWOOD,WESTWOOD,08/06/2018 05:00:00 PM +0000,01 - NOT AN INTERSECTION,3 - PROPERTY DAMAGE ONLY (PDO),3,08/06/2018 05:50:00 PM +0000,MON,M - MALE,1 - NO INJURY / NONE REPORTED,3C2D0290-A9E1-44D5-A400-DB8A4DBEF287,1 - DAYLIGHT,185010897,"7 - SIDESWIPE, SAME DIRECTION",01 - DRY,2 - STRAIGHT GRADE,"2 - BLACKTOP, BITUMINOUS, ASPHALT",WESTWOOD,O - OCCUPANT,1 - CLEAR,45211
25XX FERGUSON RD,39.133179,-84.600947,51-60,WESTWOOD,WESTWOOD,08/10/2018 05:47:19 PM +0000,01 - NOT AN INTERSECTION,2 - INJURY,2,08/10/2018 05:47:34 PM +0000,FRI,F - FEMALE,2 - POSSIBLE,7FC172B9-EE21-4E41-844D-7BE72DE0BB6C,1 - DAYLIGHT,185011123,2 - REAR-END,01 - DRY,1 - STRAIGHT LEVEL,"2 - BLACKTOP, BITUMINOUS, ASPHALT",WESTWOOD,D - DRIVER,1 - CLEAR,45238
55XX RED BANK RD,39.141715,84.406161,UNKNOWN,N/A,N/A,08/05/2018 01:30:00 PM +0000,03 - T-INTERSECTION,3 - PROPERTY DAMAGE ONLY (PDO),3,08/05/2018 05:38:41 PM +0000,SUN,,1 - NO INJURY / NONE REPORTED,5FFFAE31-A671-40C0-B997-F45643723BB5,1 - DAYLIGHT,185010858,2 - REAR-END,01 - DRY,2 - STRAIGHT GRADE,"2 - BLACKTOP, BITUMINOUS, ASPHALT",N/A,D - DRIVER,1 - CLEAR,45227
N I75 AT 6-2 MM,39.161901,-84.509971,18-25,SPRING GROVE VILLAGE,SPRING GROVE VILLAGE,08/14/2018 05:55:00 PM +0000,01 - NOT AN INTERSECTION,3 - PROPERTY DAMAGE ONLY (PDO),3,08/14/2018 06:00:00 PM +0000,TUE,F - FEMALE,1 - NO INJURY / NONE REPORTED,3F71A418-E58D-453B-BAED-2AA8040753BB,1 - DAYLIGHT,185011330,2 - REAR-END,01 - DRY,2 - STRAIGHT GRADE,"2 - BLACKTOP, BITUMINOUS, ASPHALT",CLIFTON,D - DRIVER,1 - CLEAR,45225
12XX PURCELL AV,39.114911,84.562753,UNKNOWN,N/A,N/A,08/25/2018 04:00:00 PM +0000,01 - NOT AN INTERSECTION,3 - PROPERTY DAMAGE ONLY (PDO),3,08/25/2018 06:34:00 PM +0000,SAT,,1 - NO INJURY / NONE REPORTED,36277B09-D9A6-4CEF-A153-E2458894CA31,1 - DAYLIGHT,185011897,1 - NOT COLLISION BETWEEN TWO MOTOR VEHICLES IN TRANSPORT,01 - DRY,2 - STRAIGHT GRADE,"2 - BLACKTOP, BITUMINOUS, ASPHALT",N/A,D - DRIVER,2 - CLOUDY,45205
33XX BOUDINOT AV,39.147511,84.602851,18-25,N/A,N/A,08/04/2018 11:50:00 PM +0000,01 - NOT AN INTERSECTION,2 - INJURY,2,08/04/2018 11:51:00 PM +0000,SAT,F - FEMALE,2 - POSSIBLE,10073BAA-B69D-4F97-919E-474FC7BE72A5,4 - DARK - LIGHTED ROADWAY,185010843,2 - REAR-END,01 - DRY,2 - STRAIGHT GRADE,"2 - BLACKTOP, BITUMINOUS, ASPHALT",N/A,O - OCCUPANT,1 - CLEAR,45211
4XX DORCHESTER AV,39.118816,84.501011,31-40,N/A,N/A,08/27/2018 09:01:00 PM +0000,02 - FOUR-WAY INTERSECTION,2 - INJURY,2,08/27/2018 09:01:00 PM +0000,MON,M - MALE,1 - NO INJURY / NONE REPORTED,75F0537F-1C26-4293-B7FB-78B04864B122,4 - DARK - LIGHTED ROADWAY,185011982,6 - ANGLE,01 - DRY,1 - STRAIGHT LEVEL,"2 - BLACKTOP, BITUMINOUS, ASPHALT",N/A,O - OCCUPANT,1 - CLEAR,45219
55XX TOMPKINS AV,39.156068,84.398671,UNKNOWN,N/A,N/A,08/05/2018 08:00:00 AM +0000,01 - NOT AN INTERSECTION,3 - PROPERTY DAMAGE ONLY (PDO),3,08/05/2018 02:20:00 PM +0000,SUN,,1 - NO INJURY / NONE REPORTED,D77E32CD-508C-4781-9C24-2509E1CB4C43,1 - DAYLIGHT,185010852,"7 - SIDESWIPE, SAME DIRECTION",01 - DRY,1 - STRAIGHT LEVEL,1 - CONCRETE,N/A,D - DRIVER,1 - CLEAR,45227
48XX RIDGE AV,39.161223,84.420737,31-40,N/A,N/A,08/19/2018 10:47:00 AM +0000,01 - NOT AN INTERSECTION,3 - PROPERTY DAMAGE ONLY (PDO),3,08/19/2018 10:57:00 AM +0000,SUN,M - MALE,1 - NO INJURY / NONE REPORTED,C2425ABC-0DA9-4FDA-B832-FD7AFCB73E1A,1 - DAYLIGHT,185011586,1 - NOT COLLISION BETWEEN TWO MOTOR VEHICLES IN TRANSPORT,01 - DRY,1 - STRAIGHT LEVEL,"2 - BLACKTOP, BITUMINOUS, ASPHALT",N/A,D - DRIVER,1 - CLEAR,45209
40XX VICTORY PY,39.157611,-84.471705,51-60,NORTH AVONDALE,NORTH AVONDALE,08/10/2018 04:30:40 PM +0000,02 - FOUR-WAY INTERSECTION,3 - PROPERTY DAMAGE ONLY (PDO),3,08/10/2018 04:33:09 PM +0000,FRI,M - MALE,1 - NO INJURY / NONE REPORTED,8B2E2EF9-EF3F-41BF-A8E6-BD911BD24E9D,1 - DAYLIGHT,185011115,6 - ANGLE,01 - DRY,1 - STRAIGHT LEVEL,"2 - BLACKTOP, BITUMINOUS, ASPHALT",NORTH AVONDALE - PADDOCK HILLS,D - DRIVER,2 - CLOUDY,45229
53XX GLENWAY AV,39.126379,84.606001,UNDER 18,N/A,N/A,08/10/2018 09:20:00 AM +0000,01 - NOT AN INTERSECTION,3 - PROPERTY DAMAGE ONLY (PDO),3,08/10/2018 10:00:00 AM +0000,FRI,F - FEMALE,1 - NO INJURY / NONE REPORTED,43664C28-950F-4A93-8EC6-DA854266282F,1 - DAYLIGHT,185011154,1 - NOT COLLISION BETWEEN TWO MOTOR VEHICLES IN TRANSPORT,01 - DRY,1 - STRAIGHT LEVEL,"2 - BLACKTOP, BITUMINOUS, ASPHALT",N/A,O - OCCUPANT,1 - CLEAR,45238
28XX HARRISON,39.138312,-84.577224,31-40,SOUTH FAIRMOUNT - WESTWOOD,WESTWOOD,08/24/2018 12:55:00 PM +0000,03 - T-INTERSECTION,3 - PROPERTY DAMAGE ONLY (PDO),3,08/24/2018 12:57:00 PM +0000,FRI,F - FEMALE,1 - NO INJURY / NONE REPORTED,86B0A682-8EF3-4C0A-91B8-437F27D2C603,1 - DAYLIGHT,185011833,"8 - SIDESWIPE, OPPOSITE DIRECTION",01 - DRY,1 - STRAIGHT LEVEL,"2 - BLACKTOP, BITUMINOUS, ASPHALT",WESTWOOD,O - OCCUPANT,1 - CLEAR,45211
6XX E MCMILLAN ST,39.127019,-84.498111,41-50,WALNUT HILLS,WALNUT HILLS,08/21/2018 12:24:00 PM +0000,01 - NOT AN INTERSECTION,2 - INJURY,2,08/21/2018 12:29:00 PM +0000,TUE,F - FEMALE,3 - NON-INCAPACITATING,7E683DA2-B374-4FB6-BF6C-00DC49A17383,1 - DAYLIGHT,185011680,6 - ANGLE,01 - DRY,1 - STRAIGHT LEVEL,"2 - BLACKTOP, BITUMINOUS, ASPHALT",AVONDALE,D - DRIVER,1 - CLEAR,45206
19XX HARRISON AV,39.129822,-84.561218,41-50,SOUTH FAIRMOUNT,SOUTH  FAIRMOUNT,08/04/2018 03:10:00 PM +0000,01 - NOT AN INTERSECTION,3 - PROPERTY DAMAGE ONLY (PDO),3,08/04/2018 03:19:00 PM +0000,SAT,M - MALE,1 - NO INJURY / NONE REPORTED,1DA82FBB-FAF1-4515-AC93-8B9C864A84FC,1 - DAYLIGHT,185010819,6 - ANGLE,01 - DRY,2 - STRAIGHT GRADE,"2 - BLACKTOP, BITUMINOUS, ASPHALT",NORTH FAIRMOUNT,D - DRIVER,1 - CLEAR,45214
28XX VICTORY PY,39.129401,84.481689,18-25,N/A,N/A,08/25/2018 03:15:00 PM +0000,02 - FOUR-WAY INTERSECTION,3 - PROPERTY DAMAGE ONLY (PDO),3,08/25/2018 03:30:00 PM +0000,SAT,F - FEMALE,1 - NO INJURY / NONE REPORTED,1DED7FEF-044D-4292-9C67-DA23F40B85E7,1 - DAYLIGHT,185011884,6 - ANGLE,01 - DRY,1 - STRAIGHT LEVEL,"2 - BLACKTOP, BITUMINOUS, ASPHALT",N/A,D - DRIVER,2 - CLOUDY,45206
30XX MONTANA AV,39.147581,-84.600271,51-60,WESTWOOD,WESTWOOD,08/24/2018 02:33:00 PM +0000,01 - NOT AN INTERSECTION,3 - PROPERTY DAMAGE ONLY (PDO),3,08/24/2018 02:33:00 PM +0000,FRI,F - FEMALE,1 - NO INJURY / NONE REPORTED,CA0E5D33-BC30-4F6E-9CDF-CA849C5E0F02,1 - DAYLIGHT,185011845,6 - ANGLE,01 - DRY,1 - STRAIGHT LEVEL,"2 - BLACKTOP, BITUMINOUS, ASPHALT",WESTWOOD,D - DRIVER,1 - CLEAR,45211
25XX SCIOTO ST,,,UNKNOWN,N/A,N/A,08/25/2018 08:00:00 PM +0000,01 - NOT AN INTERSECTION,3 - PROPERTY DAMAGE ONLY (PDO),3,08/26/2018 11:00:00 AM +0000,SAT,,,BD3FF9B0-23DA-4867-97E0-36B9543E55EB,4 - DARK - LIGHTED ROADWAY,185011921,1 - NOT COLLISION BETWEEN TWO MOTOR VEHICLES IN TRANSPORT,01 - DRY,2 - STRAIGHT GRADE,"2 - BLACKTOP, BITUMINOUS, ASPHALT",N/A,,1 - CLEAR,45219